date,product_id,location,sales,price,revenue,inventory_level,reorder_level,replenishment_triggered,stock_out_risk,lead_time_days,is_promotion,promotion_discount_pct,seasonal_factor
2025-01-01,Laptop,Hyderabad,86,55000,4730000,87,20,0,0,5,1,17.2,1.15
2025-01-01,Laptop,Mumbai,67,55000,3685000,119,20,0,0,6,1,17.2,1.15
2025-01-01,Laptop,Delhi,81,55000,4455000,99,20,0,0,6,1,17.2,1.15
2025-01-01,Laptop,Bangalore,75,55000,4125000,65,20,0,0,6,1,17.2,1.15
2025-01-01,Laptop,Chennai,82,55000,4510000,63,20,1,0,5,1,17.2,1.15
2025-01-01,Laptop,Pune,84,55000,4620000,73,20,1,0,4,1,17.2,1.15
2025-01-01,Laptop,Kolkata,85,55000,4675000,41,20,0,0,4,1,17.2,1.15
2025-01-01,Laptop,Ahmedabad,76,55000,4180000,46,20,0,0,3,1,17.2,1.15
2025-01-01,Mobile,Hyderabad,114,20000,2280000,14,30,1,1,2,1,17.2,1.15
2025-01-01,Mobile,Mumbai,107,20000,2140000,47,30,0,0,3,1,17.2,1.15
2025-01-01,Mobile,Delhi,127,20000,2540000,67,30,1,0,3,1,17.2,1.15
2025-01-01,Mobile,Bangalore,110,20000,2200000,95,30,1,0,4,1,17.2,1.15
2025-01-01,Mobile,Chennai,106,20000,2120000,73,30,0,0,5,1,17.2,1.15
2025-01-01,Mobile,Pune,113,20000,2260000,52,30,1,0,6,1,17.2,1.15
2025-01-01,Mobile,Kolkata,109,20000,2180000,141,30,1,0,3,1,17.2,1.15
2025-01-01,Mobile,Ahmedabad,117,20000,2340000,43,30,1,0,2,1,17.2,1.15
2025-01-01,Tablet,Hyderabad,54,30000,1620000,103,25,0,0,2,1,17.2,1.15
2025-01-01,Tablet,Mumbai,50,30000,1500000,47,25,0,0,2,1,17.2,1.15
2025-01-01,Tablet,Delhi,48,30000,1440000,33,25,0,0,5,1,17.2,1.15
2025-01-01,Tablet,Bangalore,60,30000,1800000,69,25,0,0,4,1,17.2,1.15
2025-01-01,Tablet,Chennai,71,30000,2130000,25,25,0,0,2,1,17.2,1.15
2025-01-01,Tablet,Pune,61,30000,1830000,145,25,1,0,5,1,17.2,1.15
2025-01-01,Tablet,Kolkata,71,30000,2130000,102,25,0,0,6,1,17.2,1.15
2025-01-01,Tablet,Ahmedabad,61,30000,1830000,35,25,0,0,5,1,17.2,1.15
2025-01-01,Headphones,Hyderabad,80,3000,240000,159,40,1,0,6,1,17.2,1.15
2025-01-01,Headphones,Mumbai,91,3000,273000,97,40,1,0,5,1,17.2,1.15
2025-01-01,Headphones,Delhi,88,3000,264000,105,40,0,0,3,1,17.2,1.15
2025-01-01,Headphones,Bangalore,78,3000,234000,168,40,1,0,4,1,17.2,1.15
2025-01-01,Headphones,Chennai,93,3000,279000,69,40,1,0,6,1,17.2,1.15
2025-01-01,Headphones,Pune,92,3000,276000,50,40,0,0,2,1,17.2,1.15
2025-01-01,Headphones,Kolkata,94,3000,282000,135,40,1,0,7,1,17.2,1.15
2025-01-01,Headphones,Ahmedabad,95,3000,285000,46,40,0,0,4,1,17.2,1.15
2025-01-01,Smartwatch,Hyderabad,55,8000,440000,23,20,0,0,5,1,17.2,1.15
2025-01-01,Smartwatch,Mumbai,50,8000,400000,106,20,0,0,6,1,17.2,1.15
2025-01-01,Smartwatch,Delhi,47,8000,376000,87,20,0,0,7,1,17.2,1.15
2025-01-01,Smartwatch,Bangalore,52,8000,416000,126,20,0,0,2,1,17.2,1.15
2025-01-01,Smartwatch,Chennai,49,8000,392000,121,20,1,0,3,1,17.2,1.15
2025-01-01,Smartwatch,Pune,55,8000,440000,118,20,0,0,2,1,17.2,1.15
2025-01-01,Smartwatch,Kolkata,59,8000,472000,68,20,1,0,2,1,17.2,1.15
2025-01-01,Smartwatch,Ahmedabad,53,8000,424000,99,20,0,0,7,1,17.2,1.15
2025-01-01,Keyboard,Hyderabad,106,1500,159000,66,35,1,0,6,1,17.2,1.15
2025-01-01,Keyboard,Mumbai,91,1500,136500,102,35,1,0,4,1,17.2,1.15
2025-01-01,Keyboard,Delhi,93,1500,139500,107,35,1,0,6,1,17.2,1.15
2025-01-01,Keyboard,Bangalore,87,1500,130500,151,35,1,0,2,1,17.2,1.15
2025-01-01,Keyboard,Chennai,82,1500,123000,101,35,0,0,5,1,17.2,1.15
2025-01-01,Keyboard,Pune,88,1500,132000,82,35,1,0,7,1,17.2,1.15
2025-01-01,Keyboard,Kolkata,102,1500,153000,82,35,0,0,2,1,17.2,1.15
2025-01-01,Keyboard,Ahmedabad,89,1500,133500,83,35,0,0,2,1,17.2,1.15
2025-01-01,Monitor,Hyderabad,71,18000,1278000,56,15,0,0,6,1,17.2,1.15
2025-01-01,Monitor,Mumbai,64,18000,1152000,48,15,0,0,6,1,17.2,1.15
2025-01-01,Monitor,Delhi,55,18000,990000,55,15,0,0,4,1,17.2,1.15
2025-01-01,Monitor,Bangalore,72,18000,1296000,65,15,1,0,2,1,17.2,1.15
2025-01-01,Monitor,Chennai,75,18000,1350000,68,15,0,0,5,1,17.2,1.15
2025-01-01,Monitor,Pune,54,18000,972000,15,15,0,0,5,1,17.2,1.15
2025-01-01,Monitor,Kolkata,62,18000,1116000,94,15,0,0,4,1,17.2,1.15
2025-01-01,Monitor,Ahmedabad,72,18000,1296000,99,15,0,0,7,1,17.2,1.15
2025-01-01,Mouse,Hyderabad,120,800,96000,79,50,1,0,5,1,17.2,1.15
2025-01-01,Mouse,Mumbai,115,800,92000,59,50,1,0,6,1,17.2,1.15
2025-01-01,Mouse,Delhi,133,800,106400,166,50,1,0,7,1,17.2,1.15
2025-01-01,Mouse,Bangalore,135,800,108000,134,50,1,0,7,1,17.2,1.15
2025-01-01,Mouse,Chennai,130,800,104000,110,50,1,0,4,1,17.2,1.15
2025-01-01,Mouse,Pune,125,800,100000,64,50,0,0,3,1,17.2,1.15
2025-01-01,Mouse,Kolkata,111,800,88800,80,50,0,0,6,1,17.2,1.15
2025-01-01,Mouse,Ahmedabad,133,800,106400,100,50,1,0,7,1,17.2,1.15
2025-01-01,Printer,Hyderabad,38,12000,456000,28,10,0,0,7,1,17.2,1.15
2025-01-01,Printer,Mumbai,49,12000,588000,29,10,0,0,7,1,17.2,1.15
2025-01-01,Printer,Delhi,39,12000,468000,88,10,0,0,5,1,17.2,1.15
2025-01-01,Printer,Bangalore,39,12000,468000,51,10,0,0,6,1,17.2,1.15
2025-01-01,Printer,Chennai,39,12000,468000,71,10,0,0,4,1,17.2,1.15
2025-01-01,Printer,Pune,40,12000,480000,144,10,0,0,4,1,17.2,1.15
2025-01-01,Printer,Kolkata,33,12000,396000,66,10,0,0,2,1,17.2,1.15
2025-01-01,Printer,Ahmedabad,40,12000,480000,40,10,0,0,7,1,17.2,1.15
2025-01-01,Speaker,Hyderabad,79,4000,316000,26,25,0,0,5,1,17.2,1.15
2025-01-01,Speaker,Mumbai,91,4000,364000,86,25,1,0,2,1,17.2,1.15
2025-01-01,Speaker,Delhi,81,4000,324000,62,25,0,0,3,1,17.2,1.15
2025-01-01,Speaker,Bangalore,75,4000,300000,60,25,1,0,6,1,17.2,1.15
2025-01-01,Speaker,Chennai,77,4000,308000,45,25,0,0,7,1,17.2,1.15
2025-01-01,Speaker,Pune,90,4000,360000,74,25,1,0,3,1,17.2,1.15
2025-01-01,Speaker,Kolkata,88,4000,352000,39,25,0,0,3,1,17.2,1.15
2025-01-01,Speaker,Ahmedabad,70,4000,280000,59,25,0,0,4,1,17.2,1.15
2025-01-02,Laptop,Hyderabad,66,55000,3630000,21,20,0,0,6,0,0.0,1.15
2025-01-02,Laptop,Mumbai,71,55000,3905000,48,20,0,0,2,0,0.0,1.15
2025-01-02,Laptop,Delhi,62,55000,3410000,37,20,0,0,6,0,0.0,1.15
2025-01-02,Laptop,Bangalore,48,55000,2640000,81,20,1,0,2,0,0.0,1.15
2025-01-02,Laptop,Chennai,69,55000,3795000,79,20,1,0,2,0,0.0,1.15
2025-01-02,Laptop,Pune,62,55000,3410000,138,20,1,0,4,0,0.0,1.15
2025-01-02,Laptop,Kolkata,62,55000,3410000,112,20,1,0,3,0,0.0,1.15
2025-01-02,Laptop,Ahmedabad,66,55000,3630000,45,20,1,0,4,0,0.0,1.15
2025-01-02,Mobile,Hyderabad,93,20000,1860000,34,30,1,0,2,0,0.0,1.15
2025-01-02,Mobile,Mumbai,74,20000,1480000,37,30,1,0,6,0,0.0,1.15
2025-01-02,Mobile,Delhi,86,20000,1720000,81,30,1,0,7,0,0.0,1.15
2025-01-02,Mobile,Bangalore,100,20000,2000000,85,30,1,0,7,0,0.0,1.15
2025-01-02,Mobile,Chennai,100,20000,2000000,70,30,1,0,3,0,0.0,1.15
2025-01-02,Mobile,Pune,105,20000,2100000,65,30,1,0,3,0,0.0,1.15
2025-01-02,Mobile,Kolkata,95,20000,1900000,46,30,0,0,3,0,0.0,1.15
2025-01-02,Mobile,Ahmedabad,93,20000,1860000,92,30,1,0,5,0,0.0,1.15
2025-01-02,Tablet,Hyderabad,69,30000,2070000,34,25,0,0,7,0,0.0,1.15
2025-01-02,Tablet,Mumbai,41,30000,1230000,127,25,1,0,3,0,0.0,1.15
2025-01-02,Tablet,Delhi,41,30000,1230000,132,25,1,0,5,0,0.0,1.15
2025-01-02,Tablet,Bangalore,57,30000,1710000,107,25,1,0,4,0,0.0,1.15
2025-01-02,Tablet,Chennai,38,30000,1140000,44,25,1,0,6,0,0.0,1.15
2025-01-02,Tablet,Pune,46,30000,1380000,99,25,0,0,5,0,0.0,1.15
2025-01-02,Tablet,Kolkata,62,30000,1860000,40,25,0,0,3,0,0.0,1.15
2025-01-02,Tablet,Ahmedabad,45,30000,1350000,104,25,1,0,2,0,0.0,1.15
2025-01-02,Headphones,Hyderabad,68,3000,204000,91,40,0,0,7,0,0.0,1.15
2025-01-02,Headphones,Mumbai,82,3000,246000,78,40,1,0,6,0,0.0,1.15
2025-01-02,Headphones,Delhi,77,3000,231000,119,40,1,0,3,0,0.0,1.15
2025-01-02,Headphones,Bangalore,83,3000,249000,85,40,0,0,5,0,0.0,1.15
2025-01-02,Headphones,Chennai,73,3000,219000,59,40,1,0,5,0,0.0,1.15
2025-01-02,Headphones,Pune,71,3000,213000,71,40,1,0,6,0,0.0,1.15
2025-01-02,Headphones,Kolkata,69,3000,207000,66,40,0,0,5,0,0.0,1.15
2025-01-02,Headphones,Ahmedabad,65,3000,195000,122,40,1,0,6,0,0.0,1.15
2025-01-02,Smartwatch,Hyderabad,49,8000,392000,72,20,1,0,6,0,0.0,1.15
2025-01-02,Smartwatch,Mumbai,34,8000,272000,72,20,0,0,4,0,0.0,1.15
2025-01-02,Smartwatch,Delhi,33,8000,264000,54,20,0,0,4,0,0.0,1.15
2025-01-02,Smartwatch,Bangalore,46,8000,368000,80,20,0,0,7,0,0.0,1.15
2025-01-02,Smartwatch,Chennai,43,8000,344000,78,20,0,0,4,0,0.0,1.15
2025-01-02,Smartwatch,Pune,36,8000,288000,82,20,0,0,4,0,0.0,1.15
2025-01-02,Smartwatch,Kolkata,41,8000,328000,27,20,0,0,5,0,0.0,1.15
2025-01-02,Smartwatch,Ahmedabad,47,8000,376000,52,20,0,0,6,0,0.0,1.15
2025-01-02,Keyboard,Hyderabad,68,1500,102000,87,35,1,0,7,0,0.0,1.15
2025-01-02,Keyboard,Mumbai,66,1500,99000,36,35,0,0,5,0,0.0,1.15
2025-01-02,Keyboard,Delhi,78,1500,117000,170,35,1,0,5,0,0.0,1.15
2025-01-02,Keyboard,Bangalore,87,1500,130500,64,35,0,0,3,0,0.0,1.15
2025-01-02,Keyboard,Chennai,78,1500,117000,133,35,1,0,7,0,0.0,1.15
2025-01-02,Keyboard,Pune,72,1500,108000,138,35,1,0,3,0,0.0,1.15
2025-01-02,Keyboard,Kolkata,82,1500,123000,77,35,1,0,5,0,0.0,1.15
2025-01-02,Keyboard,Ahmedabad,65,1500,97500,146,35,1,0,7,0,0.0,1.15
2025-01-02,Monitor,Hyderabad,37,18000,666000,19,15,0,0,4,0,0.0,1.15
2025-01-02,Monitor,Mumbai,41,18000,738000,87,15,1,0,3,0,0.0,1.15
2025-01-02,Monitor,Delhi,64,18000,1152000,111,15,1,0,6,0,0.0,1.15
2025-01-02,Monitor,Bangalore,64,18000,1152000,95,15,1,0,4,0,0.0,1.15
2025-01-02,Monitor,Chennai,45,18000,810000,23,15,0,0,7,0,0.0,1.15
2025-01-02,Monitor,Pune,52,18000,936000,61,15,1,0,7,0,0.0,1.15
2025-01-02,Monitor,Kolkata,70,18000,1260000,24,15,0,0,5,0,0.0,1.15
2025-01-02,Monitor,Ahmedabad,57,18000,1026000,42,15,0,0,6,0,0.0,1.15
2025-01-02,Mouse,Hyderabad,99,800,79200,46,50,1,1,7,0,0.0,1.15
2025-01-02,Mouse,Mumbai,101,800,80800,81,50,1,0,4,0,0.0,1.15
2025-01-02,Mouse,Delhi,121,800,96800,163,50,1,0,3,0,0.0,1.15
2025-01-02,Mouse,Bangalore,104,800,83200,157,50,1,0,7,0,0.0,1.15
2025-01-02,Mouse,Chennai,88,800,70400,77,50,1,0,7,0,0.0,1.15
2025-01-02,Mouse,Pune,94,800,75200,61,50,1,0,6,0,0.0,1.15
2025-01-02,Mouse,Kolkata,115,800,92000,41,50,1,1,4,0,0.0,1.15
2025-01-02,Mouse,Ahmedabad,107,800,85600,48,50,1,1,5,0,0.0,1.15
2025-01-02,Printer,Hyderabad,21,12000,252000,76,10,1,0,2,0,0.0,1.15
2025-01-02,Printer,Mumbai,36,12000,432000,132,10,1,0,6,0,0.0,1.15
2025-01-02,Printer,Delhi,53,12000,636000,35,10,0,0,2,0,0.0,1.15
2025-01-02,Printer,Bangalore,32,12000,384000,19,10,0,0,7,0,0.0,1.15
2025-01-02,Printer,Chennai,55,12000,660000,16,10,0,0,5,0,0.0,1.15
2025-01-02,Printer,Pune,38,12000,456000,106,10,0,0,6,0,0.0,1.15
2025-01-02,Printer,Kolkata,31,12000,372000,35,10,0,0,7,0,0.0,1.15
2025-01-02,Printer,Ahmedabad,31,12000,372000,99,10,1,0,5,0,0.0,1.15
2025-01-02,Speaker,Hyderabad,61,4000,244000,41,25,1,0,7,0,0.0,1.15
2025-01-02,Speaker,Mumbai,63,4000,252000,156,25,1,0,6,0,0.0,1.15
2025-01-02,Speaker,Delhi,68,4000,272000,66,25,1,0,4,0,0.0,1.15
2025-01-02,Speaker,Bangalore,60,4000,240000,111,25,1,0,4,0,0.0,1.15
2025-01-02,Speaker,Chennai,66,4000,264000,65,25,1,0,2,0,0.0,1.15
2025-01-02,Speaker,Pune,66,4000,264000,58,25,1,0,3,0,0.0,1.15
2025-01-02,Speaker,Kolkata,69,4000,276000,64,25,1,0,4,0,0.0,1.15
2025-01-02,Speaker,Ahmedabad,55,4000,220000,88,25,1,0,2,0,0.0,1.15
2025-01-03,Laptop,Hyderabad,64,55000,3520000,37,20,1,0,6,0,0.0,1.15
2025-01-03,Laptop,Mumbai,53,55000,2915000,48,20,1,0,5,0,0.0,1.15
2025-01-03,Laptop,Delhi,67,55000,3685000,67,20,1,0,3,0,0.0,1.15
2025-01-03,Laptop,Bangalore,54,55000,2970000,27,20,0,0,2,0,0.0,1.15
2025-01-03,Laptop,Chennai,52,55000,2860000,27,20,0,0,4,0,0.0,1.15
2025-01-03,Laptop,Pune,56,55000,3080000,82,20,0,0,7,0,0.0,1.15
2025-01-03,Laptop,Kolkata,69,55000,3795000,43,20,0,0,3,0,0.0,1.15
2025-01-03,Laptop,Ahmedabad,76,55000,4180000,89,20,1,0,2,0,0.0,1.15
2025-01-03,Mobile,Hyderabad,81,20000,1620000,53,30,1,0,6,0,0.0,1.15
2025-01-03,Mobile,Mumbai,80,20000,1600000,100,30,1,0,4,0,0.0,1.15
2025-01-03,Mobile,Delhi,86,20000,1720000,92,30,1,0,4,0,0.0,1.15
2025-01-03,Mobile,Bangalore,92,20000,1840000,71,30,1,0,3,0,0.0,1.15
2025-01-03,Mobile,Chennai,88,20000,1760000,32,30,1,0,4,0,0.0,1.15
2025-01-03,Mobile,Pune,89,20000,1780000,123,30,1,0,5,0,0.0,1.15
2025-01-03,Mobile,Kolkata,92,20000,1840000,94,30,1,0,5,0,0.0,1.15
2025-01-03,Mobile,Ahmedabad,98,20000,1960000,46,30,1,0,3,0,0.0,1.15
2025-01-03,Tablet,Hyderabad,59,30000,1770000,67,25,1,0,5,0,0.0,1.15
2025-01-03,Tablet,Mumbai,41,30000,1230000,86,25,0,0,2,0,0.0,1.15
2025-01-03,Tablet,Delhi,65,30000,1950000,67,25,0,0,6,0,0.0,1.15
2025-01-03,Tablet,Bangalore,63,30000,1890000,44,25,0,0,5,0,0.0,1.15
2025-01-03,Tablet,Chennai,47,30000,1410000,123,25,1,0,6,0,0.0,1.15
2025-01-03,Tablet,Pune,59,30000,1770000,40,25,0,0,4,0,0.0,1.15
2025-01-03,Tablet,Kolkata,57,30000,1710000,46,25,1,0,5,0,0.0,1.15
2025-01-03,Tablet,Ahmedabad,52,30000,1560000,52,25,0,0,6,0,0.0,1.15
2025-01-03,Headphones,Hyderabad,86,3000,258000,124,40,1,0,2,0,0.0,1.15
2025-01-03,Headphones,Mumbai,71,3000,213000,153,40,1,0,2,0,0.0,1.15
2025-01-03,Headphones,Delhi,74,3000,222000,45,40,0,0,5,0,0.0,1.15
2025-01-03,Headphones,Bangalore,78,3000,234000,147,40,1,0,6,0,0.0,1.15
2025-01-03,Headphones,Chennai,77,3000,231000,81,40,1,0,5,0,0.0,1.15
2025-01-03,Headphones,Pune,66,3000,198000,100,40,1,0,5,0,0.0,1.15
2025-01-03,Headphones,Kolkata,79,3000,237000,124,40,1,0,7,0,0.0,1.15
2025-01-03,Headphones,Ahmedabad,83,3000,249000,113,40,1,0,5,0,0.0,1.15
2025-01-03,Smartwatch,Hyderabad,37,8000,296000,35,20,0,0,6,0,0.0,1.15
2025-01-03,Smartwatch,Mumbai,49,8000,392000,23,20,0,0,2,0,0.0,1.15
2025-01-03,Smartwatch,Delhi,61,8000,488000,137,20,1,0,6,0,0.0,1.15
2025-01-03,Smartwatch,Bangalore,55,8000,440000,25,20,0,0,4,0,0.0,1.15
2025-01-03,Smartwatch,Chennai,54,8000,432000,24,20,0,0,5,0,0.0,1.15
2025-01-03,Smartwatch,Pune,49,8000,392000,33,20,0,0,4,0,0.0,1.15
2025-01-03,Smartwatch,Kolkata,32,8000,256000,73,20,1,0,3,0,0.0,1.15
2025-01-03,Smartwatch,Ahmedabad,36,8000,288000,107,20,1,0,6,0,0.0,1.15
2025-01-03,Keyboard,Hyderabad,78,1500,117000,106,35,1,0,5,0,0.0,1.15
2025-01-03,Keyboard,Mumbai,79,1500,118500,51,35,1,0,5,0,0.0,1.15
2025-01-03,Keyboard,Delhi,75,1500,112500,95,35,0,0,5,0,0.0,1.15
2025-01-03,Keyboard,Bangalore,91,1500,136500,77,35,1,0,6,0,0.0,1.15
2025-01-03,Keyboard,Chennai,81,1500,121500,52,35,0,0,4,0,0.0,1.15
2025-01-03,Keyboard,Pune,75,1500,112500,63,35,0,0,6,0,0.0,1.15
2025-01-03,Keyboard,Kolkata,70,1500,105000,108,35,1,0,2,0,0.0,1.15
2025-01-03,Keyboard,Ahmedabad,89,1500,133500,57,35,0,0,7,0,0.0,1.15
2025-01-03,Monitor,Hyderabad,53,18000,954000,112,15,1,0,5,0,0.0,1.15
2025-01-03,Monitor,Mumbai,62,18000,1116000,25,15,0,0,2,0,0.0,1.15
2025-01-03,Monitor,Delhi,60,18000,1080000,51,15,0,0,6,0,0.0,1.15
2025-01-03,Monitor,Bangalore,45,18000,810000,50,15,0,0,3,0,0.0,1.15
2025-01-03,Monitor,Chennai,53,18000,954000,29,15,1,0,3,0,0.0,1.15
2025-01-03,Monitor,Pune,56,18000,1008000,124,15,1,0,3,0,0.0,1.15
2025-01-03,Monitor,Kolkata,57,18000,1026000,85,15,1,0,6,0,0.0,1.15
2025-01-03,Monitor,Ahmedabad,51,18000,918000,103,15,1,0,6,0,0.0,1.15
2025-01-03,Mouse,Hyderabad,98,800,78400,53,50,1,0,3,0,0.0,1.15
2025-01-03,Mouse,Mumbai,108,800,86400,89,50,1,0,4,0,0.0,1.15
2025-01-03,Mouse,Delhi,99,800,79200,64,50,0,0,7,0,0.0,1.15
2025-01-03,Mouse,Bangalore,112,800,89600,148,50,1,0,3,0,0.0,1.15
2025-01-03,Mouse,Chennai,111,800,88800,43,50,1,1,6,0,0.0,1.15
2025-01-03,Mouse,Pune,98,800,78400,16,50,1,1,2,0,0.0,1.15
2025-01-03,Mouse,Kolkata,93,800,74400,17,50,1,1,7,0,0.0,1.15
2025-01-03,Mouse,Ahmedabad,108,800,86400,60,50,1,0,7,0,0.0,1.15
2025-01-03,Printer,Hyderabad,33,12000,396000,43,10,0,0,6,0,0.0,1.15
2025-01-03,Printer,Mumbai,25,12000,300000,107,10,0,0,6,0,0.0,1.15
2025-01-03,Printer,Delhi,42,12000,504000,52,10,1,0,3,0,0.0,1.15
2025-01-03,Printer,Bangalore,25,12000,300000,85,10,1,0,4,0,0.0,1.15
2025-01-03,Printer,Chennai,19,12000,228000,117,10,1,0,5,0,0.0,1.15
2025-01-03,Printer,Pune,35,12000,420000,71,10,0,0,6,0,0.0,1.15
2025-01-03,Printer,Kolkata,30,12000,360000,85,10,1,0,3,0,0.0,1.15
2025-01-03,Printer,Ahmedabad,19,12000,228000,80,10,0,0,7,0,0.0,1.15
2025-01-03,Speaker,Hyderabad,71,4000,284000,97,25,1,0,7,0,0.0,1.15
2025-01-03,Speaker,Mumbai,74,4000,296000,82,25,0,0,4,0,0.0,1.15
2025-01-03,Speaker,Delhi,61,4000,244000,107,25,1,0,7,0,0.0,1.15
2025-01-03,Speaker,Bangalore,55,4000,220000,56,25,0,0,7,0,0.0,1.15
2025-01-03,Speaker,Chennai,59,4000,236000,101,25,1,0,6,0,0.0,1.15
2025-01-03,Speaker,Pune,63,4000,252000,98,25,1,0,3,0,0.0,1.15
2025-01-03,Speaker,Kolkata,84,4000,336000,110,25,1,0,5,0,0.0,1.15
2025-01-03,Speaker,Ahmedabad,63,4000,252000,25,25,0,0,2,0,0.0,1.15
2025-01-04,Laptop,Hyderabad,73,55000,4015000,46,20,1,0,3,0,0.0,1.15
2025-01-04,Laptop,Mumbai,58,55000,3190000,98,20,1,0,4,0,0.0,1.15
2025-01-04,Laptop,Delhi,67,55000,3685000,82,20,1,0,7,0,0.0,1.15
2025-01-04,Laptop,Bangalore,79,55000,4345000,41,20,1,0,3,0,0.0,1.15
2025-01-04,Laptop,Chennai,60,55000,3300000,73,20,1,0,5,0,0.0,1.15
2025-01-04,Laptop,Pune,63,55000,3465000,84,20,1,0,3,0,0.0,1.15
2025-01-04,Laptop,Kolkata,58,55000,3190000,82,20,1,0,6,0,0.0,1.15
2025-01-04,Laptop,Ahmedabad,78,55000,4290000,95,20,1,0,3,0,0.0,1.15
2025-01-04,Mobile,Hyderabad,88,20000,1760000,52,30,1,0,2,0,0.0,1.15
2025-01-04,Mobile,Mumbai,109,20000,2180000,112,30,1,0,3,0,0.0,1.15
2025-01-04,Mobile,Delhi,85,20000,1700000,146,30,1,0,3,0,0.0,1.15
2025-01-04,Mobile,Bangalore,94,20000,1880000,96,30,1,0,2,0,0.0,1.15
2025-01-04,Mobile,Chennai,88,20000,1760000,11,30,1,1,7,0,0.0,1.15
2025-01-04,Mobile,Pune,96,20000,1920000,134,30,1,0,5,0,0.0,1.15
2025-01-04,Mobile,Kolkata,87,20000,1740000,61,30,1,0,2,0,0.0,1.15
2025-01-04,Mobile,Ahmedabad,77,20000,1540000,53,30,1,0,3,0,0.0,1.15
2025-01-04,Tablet,Hyderabad,49,30000,1470000,156,25,1,0,2,0,0.0,1.15
2025-01-04,Tablet,Mumbai,64,30000,1920000,91,25,1,0,4,0,0.0,1.15
2025-01-04,Tablet,Delhi,53,30000,1590000,86,25,1,0,4,0,0.0,1.15
2025-01-04,Tablet,Bangalore,59,30000,1770000,68,25,1,0,4,0,0.0,1.15
2025-01-04,Tablet,Chennai,49,30000,1470000,74,25,0,0,6,0,0.0,1.15
2025-01-04,Tablet,Pune,58,30000,1740000,110,25,1,0,3,0,0.0,1.15
2025-01-04,Tablet,Kolkata,64,30000,1920000,73,25,1,0,3,0,0.0,1.15
2025-01-04,Tablet,Ahmedabad,40,30000,1200000,99,25,1,0,7,0,0.0,1.15
2025-01-04,Headphones,Hyderabad,64,3000,192000,60,40,0,0,6,0,0.0,1.15
2025-01-04,Headphones,Mumbai,77,3000,231000,76,40,0,0,6,0,0.0,1.15
2025-01-04,Headphones,Delhi,70,3000,210000,111,40,1,0,6,0,0.0,1.15
2025-01-04,Headphones,Bangalore,58,3000,174000,89,40,0,0,4,0,0.0,1.15
2025-01-04,Headphones,Chennai,75,3000,225000,82,40,1,0,7,0,0.0,1.15
2025-01-04,Headphones,Pune,71,3000,213000,93,40,1,0,7,0,0.0,1.15
2025-01-04,Headphones,Kolkata,85,3000,255000,180,40,1,0,3,0,0.0,1.15
2025-01-04,Headphones,Ahmedabad,67,3000,201000,46,40,0,0,2,0,0.0,1.15
2025-01-04,Smartwatch,Hyderabad,57,8000,456000,128,20,1,0,6,0,0.0,1.15
2025-01-04,Smartwatch,Mumbai,50,8000,400000,45,20,1,0,3,0,0.0,1.15
2025-01-04,Smartwatch,Delhi,37,8000,296000,100,20,0,0,5,0,0.0,1.15
2025-01-04,Smartwatch,Bangalore,44,8000,352000,123,20,1,0,6,0,0.0,1.15
2025-01-04,Smartwatch,Chennai,38,8000,304000,133,20,1,0,3,0,0.0,1.15
2025-01-04,Smartwatch,Pune,32,8000,256000,103,20,1,0,5,0,0.0,1.15
2025-01-04,Smartwatch,Kolkata,48,8000,384000,25,20,0,0,7,0,0.0,1.15
2025-01-04,Smartwatch,Ahmedabad,42,8000,336000,65,20,0,0,2,0,0.0,1.15
2025-01-04,Keyboard,Hyderabad,80,1500,120000,138,35,1,0,7,0,0.0,1.15
2025-01-04,Keyboard,Mumbai,81,1500,121500,76,35,1,0,5,0,0.0,1.15
2025-01-04,Keyboard,Delhi,84,1500,126000,115,35,1,0,4,0,0.0,1.15
2025-01-04,Keyboard,Bangalore,81,1500,121500,138,35,1,0,2,0,0.0,1.15
2025-01-04,Keyboard,Chennai,75,1500,112500,123,35,1,0,7,0,0.0,1.15
2025-01-04,Keyboard,Pune,81,1500,121500,95,35,1,0,3,0,0.0,1.15
2025-01-04,Keyboard,Kolkata,68,1500,102000,40,35,0,0,6,0,0.0,1.15
2025-01-04,Keyboard,Ahmedabad,81,1500,121500,81,35,1,0,2,0,0.0,1.15
2025-01-04,Monitor,Hyderabad,45,18000,810000,67,15,0,0,5,0,0.0,1.15
2025-01-04,Monitor,Mumbai,49,18000,882000,107,15,1,0,7,0,0.0,1.15
2025-01-04,Monitor,Delhi,47,18000,846000,137,15,1,0,3,0,0.0,1.15
2025-01-04,Monitor,Bangalore,66,18000,1188000,109,15,1,0,5,0,0.0,1.15
2025-01-04,Monitor,Chennai,50,18000,900000,94,15,1,0,5,0,0.0,1.15
2025-01-04,Monitor,Pune,54,18000,972000,70,15,0,0,2,0,0.0,1.15
2025-01-04,Monitor,Kolkata,61,18000,1098000,24,15,0,0,2,0,0.0,1.15
2025-01-04,Monitor,Ahmedabad,44,18000,792000,59,15,0,0,7,0,0.0,1.15
2025-01-04,Mouse,Hyderabad,96,800,76800,68,50,1,0,3,0,0.0,1.15
2025-01-04,Mouse,Mumbai,112,800,89600,111,50,1,0,3,0,0.0,1.15
2025-01-04,Mouse,Delhi,98,800,78400,101,50,1,0,3,0,0.0,1.15
2025-01-04,Mouse,Bangalore,99,800,79200,151,50,1,0,7,0,0.0,1.15
2025-01-04,Mouse,Chennai,107,800,85600,25,50,1,1,6,0,0.0,1.15
2025-01-04,Mouse,Pune,111,800,88800,9,50,1,1,4,0,0.0,1.15
2025-01-04,Mouse,Kolkata,106,800,84800,58,50,1,0,7,0,0.0,1.15
2025-01-04,Mouse,Ahmedabad,103,800,82400,59,50,1,0,3,0,0.0,1.15
2025-01-04,Printer,Hyderabad,13,12000,156000,30,10,0,0,7,0,0.0,1.15
2025-01-04,Printer,Mumbai,44,12000,528000,63,10,0,0,4,0,0.0,1.15
2025-01-04,Printer,Delhi,37,12000,444000,15,10,0,0,3,0,0.0,1.15
2025-01-04,Printer,Bangalore,31,12000,372000,54,10,0,0,4,0,0.0,1.15
2025-01-04,Printer,Chennai,40,12000,480000,77,10,0,0,7,0,0.0,1.15
2025-01-04,Printer,Pune,41,12000,492000,30,10,0,0,2,0,0.0,1.15
2025-01-04,Printer,Kolkata,28,12000,336000,57,10,0,0,7,0,0.0,1.15
2025-01-04,Printer,Ahmedabad,31,12000,372000,49,10,0,0,7,0,0.0,1.15
2025-01-04,Speaker,Hyderabad,76,4000,304000,156,25,1,0,5,0,0.0,1.15
2025-01-04,Speaker,Mumbai,79,4000,316000,119,25,1,0,7,0,0.0,1.15
2025-01-04,Speaker,Delhi,71,4000,284000,36,25,0,0,5,0,0.0,1.15
2025-01-04,Speaker,Bangalore,72,4000,288000,42,25,1,0,3,0,0.0,1.15
2025-01-04,Speaker,Chennai,74,4000,296000,27,25,0,0,4,0,0.0,1.15
2025-01-04,Speaker,Pune,59,4000,236000,39,25,0,0,5,0,0.0,1.15
2025-01-04,Speaker,Kolkata,67,4000,268000,43,25,0,0,5,0,0.0,1.15
2025-01-04,Speaker,Ahmedabad,57,4000,228000,109,25,1,0,2,0,0.0,1.15
2025-01-05,Laptop,Hyderabad,65,55000,3575000,131,20,1,0,6,0,0.0,1.15
2025-01-05,Laptop,Mumbai,74,55000,4070000,24,20,0,0,7,0,0.0,1.15
2025-01-05,Laptop,Delhi,66,55000,3630000,67,20,1,0,4,0,0.0,1.15
2025-01-05,Laptop,Bangalore,61,55000,3355000,30,20,1,0,5,0,0.0,1.15
2025-01-05,Laptop,Chennai,58,55000,3190000,147,20,1,0,5,0,0.0,1.15
2025-01-05,Laptop,Pune,65,55000,3575000,166,20,1,0,4,0,0.0,1.15
2025-01-05,Laptop,Kolkata,59,55000,3245000,23,20,0,0,2,0,0.0,1.15
2025-01-05,Laptop,Ahmedabad,60,55000,3300000,35,20,0,0,6,0,0.0,1.15
2025-01-05,Mobile,Hyderabad,90,20000,1800000,84,30,1,0,3,0,0.0,1.15
2025-01-05,Mobile,Mumbai,85,20000,1700000,168,30,1,0,2,0,0.0,1.15
2025-01-05,Mobile,Delhi,98,20000,1960000,48,30,0,0,6,0,0.0,1.15
2025-01-05,Mobile,Bangalore,95,20000,1900000,74,30,1,0,5,0,0.0,1.15
2025-01-05,Mobile,Chennai,90,20000,1800000,33,30,1,0,3,0,0.0,1.15
2025-01-05,Mobile,Pune,106,20000,2120000,106,30,1,0,4,0,0.0,1.15
2025-01-05,Mobile,Kolkata,80,20000,1600000,88,30,1,0,4,0,0.0,1.15
2025-01-05,Mobile,Ahmedabad,101,20000,2020000,89,30,1,0,6,0,0.0,1.15
2025-01-05,Tablet,Hyderabad,61,30000,1830000,95,25,0,0,4,0,0.0,1.15
2025-01-05,Tablet,Mumbai,53,30000,1590000,38,25,0,0,7,0,0.0,1.15
2025-01-05,Tablet,Delhi,67,30000,2010000,73,25,1,0,2,0,0.0,1.15
2025-01-05,Tablet,Bangalore,57,30000,1710000,86,25,1,0,6,0,0.0,1.15
2025-01-05,Tablet,Chennai,54,30000,1620000,130,25,1,0,3,0,0.0,1.15
2025-01-05,Tablet,Pune,72,30000,2160000,38,25,0,0,6,0,0.0,1.15
2025-01-05,Tablet,Kolkata,54,30000,1620000,135,25,1,0,6,0,0.0,1.15
2025-01-05,Tablet,Ahmedabad,51,30000,1530000,48,25,0,0,7,0,0.0,1.15
2025-01-05,Headphones,Hyderabad,80,3000,240000,115,40,1,0,5,0,0.0,1.15
2025-01-05,Headphones,Mumbai,86,3000,258000,84,40,1,0,7,0,0.0,1.15
2025-01-05,Headphones,Delhi,82,3000,246000,142,40,1,0,4,0,0.0,1.15
2025-01-05,Headphones,Bangalore,86,3000,258000,121,40,1,0,4,0,0.0,1.15
2025-01-05,Headphones,Chennai,74,3000,222000,96,40,1,0,4,0,0.0,1.15
2025-01-05,Headphones,Pune,83,3000,249000,112,40,1,0,2,0,0.0,1.15
2025-01-05,Headphones,Kolkata,76,3000,228000,104,40,0,0,4,0,0.0,1.15
2025-01-05,Headphones,Ahmedabad,69,3000,207000,81,40,1,0,5,0,0.0,1.15
2025-01-05,Smartwatch,Hyderabad,34,8000,272000,94,20,0,0,3,0,0.0,1.15
2025-01-05,Smartwatch,Mumbai,44,8000,352000,127,20,1,0,6,0,0.0,1.15
2025-01-05,Smartwatch,Delhi,25,8000,200000,75,20,0,0,4,0,0.0,1.15
2025-01-05,Smartwatch,Bangalore,44,8000,352000,79,20,0,0,4,0,0.0,1.15
2025-01-05,Smartwatch,Chennai,44,8000,352000,89,20,0,0,4,0,0.0,1.15
2025-01-05,Smartwatch,Pune,42,8000,336000,61,20,0,0,5,0,0.0,1.15
2025-01-05,Smartwatch,Kolkata,36,8000,288000,89,20,1,0,5,0,0.0,1.15
2025-01-05,Smartwatch,Ahmedabad,47,8000,376000,80,20,1,0,3,0,0.0,1.15
2025-01-05,Keyboard,Hyderabad,84,1500,126000,54,35,0,0,2,0,0.0,1.15
2025-01-05,Keyboard,Mumbai,92,1500,138000,101,35,1,0,5,0,0.0,1.15
2025-01-05,Keyboard,Delhi,73,1500,109500,42,35,0,0,6,0,0.0,1.15
2025-01-05,Keyboard,Bangalore,79,1500,118500,59,35,0,0,4,0,0.0,1.15
2025-01-05,Keyboard,Chennai,78,1500,117000,45,35,0,0,3,0,0.0,1.15
2025-01-05,Keyboard,Pune,91,1500,136500,69,35,1,0,3,0,0.0,1.15
2025-01-05,Keyboard,Kolkata,69,1500,103500,81,35,1,0,6,0,0.0,1.15
2025-01-05,Keyboard,Ahmedabad,79,1500,118500,137,35,1,0,3,0,0.0,1.15
2025-01-05,Monitor,Hyderabad,55,18000,990000,80,15,1,0,4,0,0.0,1.15
2025-01-05,Monitor,Mumbai,48,18000,864000,59,15,0,0,6,0,0.0,1.15
2025-01-05,Monitor,Delhi,50,18000,900000,87,15,0,0,7,0,0.0,1.15
2025-01-05,Monitor,Bangalore,36,18000,648000,73,15,0,0,2,0,0.0,1.15
2025-01-05,Monitor,Chennai,56,18000,1008000,38,15,0,0,5,0,0.0,1.15
2025-01-05,Monitor,Pune,47,18000,846000,23,15,0,0,5,0,0.0,1.15
2025-01-05,Monitor,Kolkata,60,18000,1080000,87,15,1,0,7,0,0.0,1.15
2025-01-05,Monitor,Ahmedabad,70,18000,1260000,82,15,1,0,6,0,0.0,1.15
2025-01-05,Mouse,Hyderabad,111,800,88800,17,50,1,1,7,0,0.0,1.15
2025-01-05,Mouse,Mumbai,94,800,75200,106,50,1,0,5,0,0.0,1.15
2025-01-05,Mouse,Delhi,107,800,85600,133,50,1,0,7,0,0.0,1.15
2025-01-05,Mouse,Bangalore,103,800,82400,135,50,1,0,3,0,0.0,1.15
2025-01-05,Mouse,Chennai,111,800,88800,37,50,1,1,2,0,0.0,1.15
2025-01-05,Mouse,Pune,89,800,71200,0,50,1,1,5,0,0.0,1.15
2025-01-05,Mouse,Kolkata,95,800,76000,23,50,1,1,6,0,0.0,1.15
2025-01-05,Mouse,Ahmedabad,110,800,88000,0,50,1,1,3,0,0.0,1.15
2025-01-05,Printer,Hyderabad,17,12000,204000,13,10,0,0,4,0,0.0,1.15
2025-01-05,Printer,Mumbai,19,12000,228000,44,10,0,0,6,0,0.0,1.15
2025-01-05,Printer,Delhi,25,12000,300000,84,10,1,0,4,0,0.0,1.15
2025-01-05,Printer,Bangalore,32,12000,384000,22,10,0,0,2,0,0.0,1.15
2025-01-05,Printer,Chennai,39,12000,468000,38,10,0,0,3,0,0.0,1.15
2025-01-05,Printer,Pune,28,12000,336000,103,10,1,0,4,0,0.0,1.15
2025-01-05,Printer,Kolkata,38,12000,456000,19,10,0,0,6,0,0.0,1.15
2025-01-05,Printer,Ahmedabad,34,12000,408000,15,10,0,0,2,0,0.0,1.15
2025-01-05,Speaker,Hyderabad,61,4000,244000,95,25,0,0,2,0,0.0,1.15
2025-01-05,Speaker,Mumbai,62,4000,248000,57,25,0,0,5,0,0.0,1.15
2025-01-05,Speaker,Delhi,81,4000,324000,56,25,1,0,6,0,0.0,1.15
2025-01-05,Speaker,Bangalore,70,4000,280000,53,25,1,0,2,0,0.0,1.15
2025-01-05,Speaker,Chennai,70,4000,280000,75,25,1,0,7,0,0.0,1.15
2025-01-05,Speaker,Pune,80,4000,320000,45,25,1,0,3,0,0.0,1.15
2025-01-05,Speaker,Kolkata,66,4000,264000,39,25,1,0,2,0,0.0,1.15
2025-01-05,Speaker,Ahmedabad,53,4000,212000,56,25,0,0,4,0,0.0,1.15
2025-01-06,Laptop,Hyderabad,56,55000,3080000,75,20,0,0,3,0,0.0,1.15
2025-01-06,Laptop,Mumbai,62,55000,3410000,27,20,1,0,6,0,0.0,1.15
2025-01-06,Laptop,Delhi,71,55000,3905000,138,20,1,0,2,0,0.0,1.15
2025-01-06,Laptop,Bangalore,72,55000,3960000,46,20,1,0,7,0,0.0,1.15
2025-01-06,Laptop,Chennai,59,55000,3245000,88,20,0,0,4,0,0.0,1.15
2025-01-06,Laptop,Pune,65,55000,3575000,101,20,0,0,2,0,0.0,1.15
2025-01-06,Laptop,Kolkata,59,55000,3245000,51,20,1,0,4,0,0.0,1.15
2025-01-06,Laptop,Ahmedabad,75,55000,4125000,34,20,1,0,7,0,0.0,1.15
2025-01-06,Mobile,Hyderabad,96,20000,1920000,86,30,1,0,3,0,0.0,1.15
2025-01-06,Mobile,Mumbai,109,20000,2180000,59,30,0,0,2,0,0.0,1.15
2025-01-06,Mobile,Delhi,92,20000,1840000,6,30,1,1,5,0,0.0,1.15
2025-01-06,Mobile,Bangalore,97,20000,1940000,100,30,1,0,7,0,0.0,1.15
2025-01-06,Mobile,Chennai,84,20000,1680000,80,30,1,0,4,0,0.0,1.15
2025-01-06,Mobile,Pune,86,20000,1720000,105,30,1,0,4,0,0.0,1.15
2025-01-06,Mobile,Kolkata,99,20000,1980000,107,30,1,0,3,0,0.0,1.15
2025-01-06,Mobile,Ahmedabad,89,20000,1780000,87,30,1,0,6,0,0.0,1.15
2025-01-06,Tablet,Hyderabad,56,30000,1680000,39,25,0,0,3,0,0.0,1.15
2025-01-06,Tablet,Mumbai,74,30000,2220000,106,25,1,0,7,0,0.0,1.15
2025-01-06,Tablet,Delhi,54,30000,1620000,123,25,1,0,7,0,0.0,1.15
2025-01-06,Tablet,Bangalore,62,30000,1860000,118,25,1,0,3,0,0.0,1.15
2025-01-06,Tablet,Chennai,59,30000,1770000,71,25,0,0,7,0,0.0,1.15
2025-01-06,Tablet,Pune,43,30000,1290000,134,25,1,0,4,0,0.0,1.15
2025-01-06,Tablet,Kolkata,44,30000,1320000,91,25,0,0,6,0,0.0,1.15
2025-01-06,Tablet,Ahmedabad,65,30000,1950000,98,25,1,0,6,0,0.0,1.15
2025-01-06,Headphones,Hyderabad,77,3000,231000,163,40,1,0,4,0,0.0,1.15
2025-01-06,Headphones,Mumbai,69,3000,207000,138,40,1,0,3,0,0.0,1.15
2025-01-06,Headphones,Delhi,69,3000,207000,73,40,0,0,4,0,0.0,1.15
2025-01-06,Headphones,Bangalore,72,3000,216000,49,40,0,0,2,0,0.0,1.15
2025-01-06,Headphones,Chennai,83,3000,249000,80,40,1,0,4,0,0.0,1.15
2025-01-06,Headphones,Pune,67,3000,201000,45,40,0,0,3,0,0.0,1.15
2025-01-06,Headphones,Kolkata,74,3000,222000,152,40,1,0,3,0,0.0,1.15
2025-01-06,Headphones,Ahmedabad,58,3000,174000,168,40,1,0,4,0,0.0,1.15
2025-01-06,Smartwatch,Hyderabad,50,8000,400000,44,20,0,0,4,0,0.0,1.15
2025-01-06,Smartwatch,Mumbai,43,8000,344000,84,20,0,0,5,0,0.0,1.15
2025-01-06,Smartwatch,Delhi,23,8000,184000,52,20,0,0,2,0,0.0,1.15
2025-01-06,Smartwatch,Bangalore,52,8000,416000,27,20,0,0,5,0,0.0,1.15
2025-01-06,Smartwatch,Chennai,35,8000,280000,54,20,0,0,4,0,0.0,1.15
2025-01-06,Smartwatch,Pune,42,8000,336000,107,20,1,0,5,0,0.0,1.15
2025-01-06,Smartwatch,Kolkata,39,8000,312000,50,20,0,0,4,0,0.0,1.15
2025-01-06,Smartwatch,Ahmedabad,51,8000,408000,29,20,0,0,3,0,0.0,1.15
2025-01-06,Keyboard,Hyderabad,84,1500,126000,37,35,1,0,5,0,0.0,1.15
2025-01-06,Keyboard,Mumbai,72,1500,108000,156,35,1,0,2,0,0.0,1.15
2025-01-06,Keyboard,Delhi,72,1500,108000,35,35,1,0,7,0,0.0,1.15
2025-01-06,Keyboard,Bangalore,78,1500,117000,95,35,1,0,7,0,0.0,1.15
2025-01-06,Keyboard,Chennai,82,1500,123000,66,35,1,0,4,0,0.0,1.15
2025-01-06,Keyboard,Pune,63,1500,94500,101,35,1,0,3,0,0.0,1.15
2025-01-06,Keyboard,Kolkata,74,1500,111000,150,35,1,0,5,0,0.0,1.15
2025-01-06,Keyboard,Ahmedabad,87,1500,130500,50,35,0,0,5,0,0.0,1.15
2025-01-06,Monitor,Hyderabad,63,18000,1134000,17,15,0,0,3,0,0.0,1.15
2025-01-06,Monitor,Mumbai,50,18000,900000,155,15,1,0,2,0,0.0,1.15
2025-01-06,Monitor,Delhi,33,18000,594000,54,15,0,0,4,0,0.0,1.15
2025-01-06,Monitor,Bangalore,44,18000,792000,29,15,0,0,6,0,0.0,1.15
2025-01-06,Monitor,Chennai,57,18000,1026000,45,15,1,0,3,0,0.0,1.15
2025-01-06,Monitor,Pune,64,18000,1152000,93,15,1,0,2,0,0.0,1.15
2025-01-06,Monitor,Kolkata,47,18000,846000,40,15,0,0,4,0,0.0,1.15
2025-01-06,Monitor,Ahmedabad,45,18000,810000,37,15,0,0,7,0,0.0,1.15
2025-01-06,Mouse,Hyderabad,115,800,92000,15,50,1,1,2,0,0.0,1.15
2025-01-06,Mouse,Mumbai,95,800,76000,116,50,1,0,5,0,0.0,1.15
2025-01-06,Mouse,Delhi,103,800,82400,97,50,1,0,6,0,0.0,1.15
2025-01-06,Mouse,Bangalore,98,800,78400,89,50,1,0,2,0,0.0,1.15
2025-01-06,Mouse,Chennai,95,800,76000,0,50,1,1,6,0,0.0,1.15
2025-01-06,Mouse,Pune,92,800,73600,0,50,1,1,6,0,0.0,1.15
2025-01-06,Mouse,Kolkata,108,800,86400,18,50,1,1,6,0,0.0,1.15
2025-01-06,Mouse,Ahmedabad,107,800,85600,8,50,1,1,2,0,0.0,1.15
2025-01-06,Printer,Hyderabad,39,12000,468000,100,10,1,0,7,0,0.0,1.15
2025-01-06,Printer,Mumbai,19,12000,228000,25,10,0,0,7,0,0.0,1.15
2025-01-06,Printer,Delhi,40,12000,480000,44,10,0,0,6,0,0.0,1.15
2025-01-06,Printer,Bangalore,31,12000,372000,62,10,1,0,2,0,0.0,1.15
2025-01-06,Printer,Chennai,34,12000,408000,89,10,1,0,7,0,0.0,1.15
2025-01-06,Printer,Pune,32,12000,384000,71,10,0,0,6,0,0.0,1.15
2025-01-06,Printer,Kolkata,29,12000,348000,74,10,1,0,4,0,0.0,1.15
2025-01-06,Printer,Ahmedabad,34,12000,408000,104,10,1,0,2,0,0.0,1.15
2025-01-06,Speaker,Hyderabad,56,4000,224000,39,25,0,0,5,0,0.0,1.15
2025-01-06,Speaker,Mumbai,66,4000,264000,136,25,1,0,7,0,0.0,1.15
2025-01-06,Speaker,Delhi,67,4000,268000,106,25,1,0,3,0,0.0,1.15
2025-01-06,Speaker,Bangalore,64,4000,256000,105,25,1,0,5,0,0.0,1.15
2025-01-06,Speaker,Chennai,63,4000,252000,154,25,1,0,2,0,0.0,1.15
2025-01-06,Speaker,Pune,80,4000,320000,101,25,1,0,4,0,0.0,1.15
2025-01-06,Speaker,Kolkata,60,4000,240000,107,25,1,0,3,0,0.0,1.15
2025-01-06,Speaker,Ahmedabad,77,4000,308000,80,25,1,0,2,0,0.0,1.15
2025-01-07,Laptop,Hyderabad,72,55000,3960000,120,20,1,0,2,0,0.0,1.15
2025-01-07,Laptop,Mumbai,66,55000,3630000,96,20,1,0,7,0,0.0,1.15
2025-01-07,Laptop,Delhi,69,55000,3795000,69,20,0,0,4,0,0.0,1.15
2025-01-07,Laptop,Bangalore,57,55000,3135000,135,20,1,0,3,0,0.0,1.15
2025-01-07,Laptop,Chennai,63,55000,3465000,25,20,0,0,4,0,0.0,1.15
2025-01-07,Laptop,Pune,49,55000,2695000,52,20,0,0,2,0,0.0,1.15
2025-01-07,Laptop,Kolkata,71,55000,3905000,31,20,1,0,3,0,0.0,1.15
2025-01-07,Laptop,Ahmedabad,71,55000,3905000,83,20,1,0,4,0,0.0,1.15
2025-01-07,Mobile,Hyderabad,89,20000,1780000,90,30,1,0,4,0,0.0,1.15
2025-01-07,Mobile,Mumbai,87,20000,1740000,90,30,1,0,5,0,0.0,1.15
2025-01-07,Mobile,Delhi,87,20000,1740000,0,30,1,1,6,0,0.0,1.15
2025-01-07,Mobile,Bangalore,97,20000,1940000,118,30,1,0,3,0,0.0,1.15
2025-01-07,Mobile,Chennai,86,20000,1720000,107,30,1,0,4,0,0.0,1.15
2025-01-07,Mobile,Pune,100,20000,2000000,78,30,1,0,2,0,0.0,1.15
2025-01-07,Mobile,Kolkata,108,20000,2160000,98,30,1,0,2,0,0.0,1.15
2025-01-07,Mobile,Ahmedabad,92,20000,1840000,53,30,1,0,3,0,0.0,1.15
2025-01-07,Tablet,Hyderabad,44,30000,1320000,66,25,1,0,4,0,0.0,1.15
2025-01-07,Tablet,Mumbai,60,30000,1800000,46,25,0,0,7,0,0.0,1.15
2025-01-07,Tablet,Delhi,58,30000,1740000,65,25,0,0,2,0,0.0,1.15
2025-01-07,Tablet,Bangalore,49,30000,1470000,69,25,0,0,4,0,0.0,1.15
2025-01-07,Tablet,Chennai,44,30000,1320000,27,25,0,0,7,0,0.0,1.15
2025-01-07,Tablet,Pune,48,30000,1440000,86,25,0,0,6,0,0.0,1.15
2025-01-07,Tablet,Kolkata,48,30000,1440000,43,25,0,0,7,0,0.0,1.15
2025-01-07,Tablet,Ahmedabad,49,30000,1470000,49,25,0,0,2,0,0.0,1.15
2025-01-07,Headphones,Hyderabad,74,3000,222000,89,40,0,0,2,0,0.0,1.15
2025-01-07,Headphones,Mumbai,68,3000,204000,70,40,0,0,7,0,0.0,1.15
2025-01-07,Headphones,Delhi,71,3000,213000,143,40,1,0,5,0,0.0,1.15
2025-01-07,Headphones,Bangalore,81,3000,243000,66,40,1,0,5,0,0.0,1.15
2025-01-07,Headphones,Chennai,79,3000,237000,105,40,1,0,7,0,0.0,1.15
2025-01-07,Headphones,Pune,71,3000,213000,86,40,1,0,2,0,0.0,1.15
2025-01-07,Headphones,Kolkata,78,3000,234000,74,40,0,0,5,0,0.0,1.15
2025-01-07,Headphones,Ahmedabad,67,3000,201000,101,40,0,0,6,0,0.0,1.15
2025-01-07,Smartwatch,Hyderabad,47,8000,376000,124,20,1,0,5,0,0.0,1.15
2025-01-07,Smartwatch,Mumbai,32,8000,256000,52,20,0,0,3,0,0.0,1.15
2025-01-07,Smartwatch,Delhi,51,8000,408000,112,20,1,0,6,0,0.0,1.15
2025-01-07,Smartwatch,Bangalore,48,8000,384000,57,20,1,0,2,0,0.0,1.15
2025-01-07,Smartwatch,Chennai,54,8000,432000,147,20,1,0,7,0,0.0,1.15
2025-01-07,Smartwatch,Pune,43,8000,344000,64,20,0,0,2,0,0.0,1.15
2025-01-07,Smartwatch,Kolkata,67,8000,536000,108,20,1,0,2,0,0.0,1.15
2025-01-07,Smartwatch,Ahmedabad,38,8000,304000,69,20,1,0,5,0,0.0,1.15
2025-01-07,Keyboard,Hyderabad,68,1500,102000,109,35,1,0,5,0,0.0,1.15
2025-01-07,Keyboard,Mumbai,92,1500,138000,64,35,0,0,5,0,0.0,1.15
2025-01-07,Keyboard,Delhi,80,1500,120000,37,35,1,0,7,0,0.0,1.15
2025-01-07,Keyboard,Bangalore,80,1500,120000,145,35,1,0,4,0,0.0,1.15
2025-01-07,Keyboard,Chennai,69,1500,103500,77,35,1,0,3,0,0.0,1.15
2025-01-07,Keyboard,Pune,87,1500,130500,65,35,1,0,3,0,0.0,1.15
2025-01-07,Keyboard,Kolkata,69,1500,103500,81,35,0,0,3,0,0.0,1.15
2025-01-07,Keyboard,Ahmedabad,81,1500,121500,64,35,1,0,7,0,0.0,1.15
2025-01-07,Monitor,Hyderabad,70,18000,1260000,58,15,1,0,6,0,0.0,1.15
2025-01-07,Monitor,Mumbai,45,18000,810000,110,15,0,0,3,0,0.0,1.15
2025-01-07,Monitor,Delhi,46,18000,828000,130,15,1,0,7,0,0.0,1.15
2025-01-07,Monitor,Bangalore,51,18000,918000,54,15,1,0,5,0,0.0,1.15
2025-01-07,Monitor,Chennai,50,18000,900000,56,15,1,0,7,0,0.0,1.15
2025-01-07,Monitor,Pune,52,18000,936000,41,15,0,0,2,0,0.0,1.15
2025-01-07,Monitor,Kolkata,55,18000,990000,39,15,1,0,5,0,0.0,1.15
2025-01-07,Monitor,Ahmedabad,43,18000,774000,138,15,1,0,3,0,0.0,1.15
2025-01-07,Mouse,Hyderabad,101,800,80800,4,50,1,1,2,0,0.0,1.15
2025-01-07,Mouse,Mumbai,98,800,78400,157,50,1,0,2,0,0.0,1.15
2025-01-07,Mouse,Delhi,103,800,82400,45,50,1,1,7,0,0.0,1.15
2025-01-07,Mouse,Bangalore,93,800,74400,139,50,1,0,3,0,0.0,1.15
2025-01-07,Mouse,Chennai,107,800,85600,22,50,1,1,3,0,0.0,1.15
2025-01-07,Mouse,Pune,99,800,79200,0,50,1,1,3,0,0.0,1.15
2025-01-07,Mouse,Kolkata,98,800,78400,54,50,1,0,7,0,0.0,1.15
2025-01-07,Mouse,Ahmedabad,110,800,88000,28,50,1,1,3,0,0.0,1.15
2025-01-07,Printer,Hyderabad,31,12000,372000,69,10,0,0,3,0,0.0,1.15
2025-01-07,Printer,Mumbai,33,12000,396000,62,10,1,0,3,0,0.0,1.15
2025-01-07,Printer,Delhi,22,12000,264000,22,10,0,0,4,0,0.0,1.15
2025-01-07,Printer,Bangalore,34,12000,408000,28,10,0,0,2,0,0.0,1.15
2025-01-07,Printer,Chennai,44,12000,528000,45,10,0,0,6,0,0.0,1.15
2025-01-07,Printer,Pune,38,12000,456000,33,10,0,0,6,0,0.0,1.15
2025-01-07,Printer,Kolkata,39,12000,468000,35,10,0,0,3,0,0.0,1.15
2025-01-07,Printer,Ahmedabad,25,12000,300000,79,10,0,0,6,0,0.0,1.15
2025-01-07,Speaker,Hyderabad,81,4000,324000,100,25,1,0,5,0,0.0,1.15
2025-01-07,Speaker,Mumbai,59,4000,236000,77,25,0,0,2,0,0.0,1.15
2025-01-07,Speaker,Delhi,77,4000,308000,29,25,0,0,6,0,0.0,1.15
2025-01-07,Speaker,Bangalore,73,4000,292000,32,25,0,0,4,0,0.0,1.15
2025-01-07,Speaker,Chennai,73,4000,292000,81,25,0,0,5,0,0.0,1.15
2025-01-07,Speaker,Pune,58,4000,232000,43,25,0,0,5,0,0.0,1.15
2025-01-07,Speaker,Kolkata,64,4000,256000,43,25,0,0,3,0,0.0,1.15
2025-01-07,Speaker,Ahmedabad,64,4000,256000,149,25,1,0,7,0,0.0,1.15
2025-01-08,Laptop,Hyderabad,53,55000,2915000,67,20,0,0,3,0,0.0,1.15
2025-01-08,Laptop,Mumbai,57,55000,3135000,39,20,0,0,3,0,0.0,1.15
2025-01-08,Laptop,Delhi,81,55000,4455000,116,20,1,0,3,0,0.0,1.15
2025-01-08,Laptop,Bangalore,54,55000,2970000,81,20,0,0,7,0,0.0,1.15
2025-01-08,Laptop,Chennai,49,55000,2695000,114,20,1,0,2,0,0.0,1.15
2025-01-08,Laptop,Pune,61,55000,3355000,121,20,1,0,6,0,0.0,1.15
2025-01-08,Laptop,Kolkata,52,55000,2860000,46,20,1,0,6,0,0.0,1.15
2025-01-08,Laptop,Ahmedabad,67,55000,3685000,129,20,1,0,4,0,0.0,1.15
2025-01-08,Mobile,Hyderabad,91,20000,1820000,147,30,1,0,7,0,0.0,1.15
2025-01-08,Mobile,Mumbai,88,20000,1760000,60,30,1,0,2,0,0.0,1.15
2025-01-08,Mobile,Delhi,85,20000,1700000,28,30,1,1,6,0,0.0,1.15
2025-01-08,Mobile,Bangalore,81,20000,1620000,37,30,0,0,7,0,0.0,1.15
2025-01-08,Mobile,Chennai,91,20000,1820000,73,30,1,0,2,0,0.0,1.15
2025-01-08,Mobile,Pune,91,20000,1820000,135,30,1,0,2,0,0.0,1.15
2025-01-08,Mobile,Kolkata,86,20000,1720000,131,30,1,0,6,0,0.0,1.15
2025-01-08,Mobile,Ahmedabad,87,20000,1740000,100,30,1,0,2,0,0.0,1.15
2025-01-08,Tablet,Hyderabad,52,30000,1560000,147,25,1,0,3,0,0.0,1.15
2025-01-08,Tablet,Mumbai,60,30000,1800000,57,25,1,0,4,0,0.0,1.15
2025-01-08,Tablet,Delhi,51,30000,1530000,103,25,1,0,2,0,0.0,1.15
2025-01-08,Tablet,Bangalore,43,30000,1290000,26,25,0,0,2,0,0.0,1.15
2025-01-08,Tablet,Chennai,50,30000,1500000,104,25,1,0,5,0,0.0,1.15
2025-01-08,Tablet,Pune,56,30000,1680000,30,25,0,0,2,0,0.0,1.15
2025-01-08,Tablet,Kolkata,56,30000,1680000,124,25,1,0,4,0,0.0,1.15
2025-01-08,Tablet,Ahmedabad,64,30000,1920000,120,25,1,0,3,0,0.0,1.15
2025-01-08,Headphones,Hyderabad,77,3000,231000,132,40,1,0,6,0,0.0,1.15
2025-01-08,Headphones,Mumbai,64,3000,192000,117,40,1,0,4,0,0.0,1.15
2025-01-08,Headphones,Delhi,68,3000,204000,75,40,0,0,4,0,0.0,1.15
2025-01-08,Headphones,Bangalore,79,3000,237000,73,40,1,0,7,0,0.0,1.15
2025-01-08,Headphones,Chennai,83,3000,249000,143,40,1,0,6,0,0.0,1.15
2025-01-08,Headphones,Pune,62,3000,186000,107,40,1,0,7,0,0.0,1.15
2025-01-08,Headphones,Kolkata,71,3000,213000,153,40,1,0,2,0,0.0,1.15
2025-01-08,Headphones,Ahmedabad,69,3000,207000,180,40,1,0,2,0,0.0,1.15
2025-01-08,Smartwatch,Hyderabad,41,8000,328000,83,20,0,0,3,0,0.0,1.15
2025-01-08,Smartwatch,Mumbai,35,8000,280000,137,20,1,0,6,0,0.0,1.15
2025-01-08,Smartwatch,Delhi,50,8000,400000,62,20,0,0,6,0,0.0,1.15
2025-01-08,Smartwatch,Bangalore,66,8000,528000,119,20,1,0,6,0,0.0,1.15
2025-01-08,Smartwatch,Chennai,48,8000,384000,99,20,0,0,5,0,0.0,1.15
2025-01-08,Smartwatch,Pune,46,8000,368000,121,20,1,0,7,0,0.0,1.15
2025-01-08,Smartwatch,Kolkata,40,8000,320000,68,20,0,0,5,0,0.0,1.15
2025-01-08,Smartwatch,Ahmedabad,38,8000,304000,31,20,0,0,7,0,0.0,1.15
2025-01-08,Keyboard,Hyderabad,89,1500,133500,72,35,1,0,5,0,0.0,1.15
2025-01-08,Keyboard,Mumbai,86,1500,129000,116,35,1,0,5,0,0.0,1.15
2025-01-08,Keyboard,Delhi,76,1500,114000,59,35,1,0,2,0,0.0,1.15
2025-01-08,Keyboard,Bangalore,72,1500,108000,73,35,0,0,5,0,0.0,1.15
2025-01-08,Keyboard,Chennai,85,1500,127500,57,35,1,0,4,0,0.0,1.15
2025-01-08,Keyboard,Pune,96,1500,144000,52,35,1,0,5,0,0.0,1.15
2025-01-08,Keyboard,Kolkata,87,1500,130500,132,35,1,0,3,0,0.0,1.15
2025-01-08,Keyboard,Ahmedabad,78,1500,117000,78,35,1,0,6,0,0.0,1.15
2025-01-08,Monitor,Hyderabad,45,18000,810000,156,15,1,0,6,0,0.0,1.15
2025-01-08,Monitor,Mumbai,50,18000,900000,60,15,0,0,7,0,0.0,1.15
2025-01-08,Monitor,Delhi,63,18000,1134000,67,15,0,0,6,0,0.0,1.15
2025-01-08,Monitor,Bangalore,61,18000,1098000,81,15,1,0,4,0,0.0,1.15
2025-01-08,Monitor,Chennai,62,18000,1116000,130,15,1,0,5,0,0.0,1.15
2025-01-08,Monitor,Pune,37,18000,666000,78,15,1,0,7,0,0.0,1.15
2025-01-08,Monitor,Kolkata,45,18000,810000,117,15,1,0,2,0,0.0,1.15
2025-01-08,Monitor,Ahmedabad,57,18000,1026000,81,15,0,0,2,0,0.0,1.15
2025-01-08,Mouse,Hyderabad,96,800,76800,16,50,1,1,3,0,0.0,1.15
2025-01-08,Mouse,Mumbai,98,800,78400,59,50,0,0,6,0,0.0,1.15
2025-01-08,Mouse,Delhi,86,800,68800,74,50,1,0,6,0,0.0,1.15
2025-01-08,Mouse,Bangalore,111,800,88800,95,50,1,0,7,0,0.0,1.15
2025-01-08,Mouse,Chennai,107,800,85600,50,50,1,0,3,0,0.0,1.15
2025-01-08,Mouse,Pune,89,800,71200,28,50,1,1,3,0,0.0,1.15
2025-01-08,Mouse,Kolkata,103,800,82400,31,50,1,1,7,0,0.0,1.15
2025-01-08,Mouse,Ahmedabad,110,800,88000,0,50,1,1,3,0,0.0,1.15
2025-01-08,Printer,Hyderabad,30,12000,360000,39,10,0,0,3,0,0.0,1.15
2025-01-08,Printer,Mumbai,39,12000,468000,23,10,0,0,3,0,0.0,1.15
2025-01-08,Printer,Delhi,34,12000,408000,62,10,1,0,2,0,0.0,1.15
2025-01-08,Printer,Bangalore,29,12000,348000,64,10,1,0,4,0,0.0,1.15
2025-01-08,Printer,Chennai,18,12000,216000,27,10,0,0,5,0,0.0,1.15
2025-01-08,Printer,Pune,36,12000,432000,124,10,1,0,7,0,0.0,1.15
2025-01-08,Printer,Kolkata,39,12000,468000,124,10,1,0,3,0,0.0,1.15
2025-01-08,Printer,Ahmedabad,33,12000,396000,46,10,0,0,7,0,0.0,1.15
2025-01-08,Speaker,Hyderabad,81,4000,324000,74,25,1,0,5,0,0.0,1.15
2025-01-08,Speaker,Mumbai,69,4000,276000,143,25,1,0,3,0,0.0,1.15
2025-01-08,Speaker,Delhi,65,4000,260000,35,25,1,0,5,0,0.0,1.15
2025-01-08,Speaker,Bangalore,67,4000,268000,94,25,1,0,5,0,0.0,1.15
2025-01-08,Speaker,Chennai,63,4000,252000,118,25,1,0,3,0,0.0,1.15
2025-01-08,Speaker,Pune,62,4000,248000,46,25,1,0,3,0,0.0,1.15
2025-01-08,Speaker,Kolkata,74,4000,296000,101,25,1,0,4,0,0.0,1.15
2025-01-08,Speaker,Ahmedabad,62,4000,248000,87,25,0,0,4,0,0.0,1.15
2025-01-09,Laptop,Hyderabad,61,55000,3355000,74,20,1,0,7,0,0.0,1.15
2025-01-09,Laptop,Mumbai,65,55000,3575000,68,20,1,0,7,0,0.0,1.15
2025-01-09,Laptop,Delhi,61,55000,3355000,55,20,0,0,3,0,0.0,1.15
2025-01-09,Laptop,Bangalore,76,55000,4180000,138,20,1,0,4,0,0.0,1.15
2025-01-09,Laptop,Chennai,65,55000,3575000,49,20,0,0,5,0,0.0,1.15
2025-01-09,Laptop,Pune,66,55000,3630000,55,20,0,0,3,0,0.0,1.15
2025-01-09,Laptop,Kolkata,53,55000,2915000,48,20,1,0,4,0,0.0,1.15
2025-01-09,Laptop,Ahmedabad,64,55000,3520000,65,20,0,0,4,0,0.0,1.15
2025-01-09,Mobile,Hyderabad,95,20000,1900000,52,30,0,0,7,0,0.0,1.15
2025-01-09,Mobile,Mumbai,89,20000,1780000,48,30,1,0,6,0,0.0,1.15
2025-01-09,Mobile,Delhi,73,20000,1460000,94,30,1,0,6,0,0.0,1.15
2025-01-09,Mobile,Bangalore,97,20000,1940000,2,30,1,1,7,0,0.0,1.15
2025-01-09,Mobile,Chennai,91,20000,1820000,116,30,1,0,3,0,0.0,1.15
2025-01-09,Mobile,Pune,71,20000,1420000,64,30,0,0,3,0,0.0,1.15
2025-01-09,Mobile,Kolkata,95,20000,1900000,36,30,0,0,7,0,0.0,1.15
2025-01-09,Mobile,Ahmedabad,93,20000,1860000,99,30,1,0,4,0,0.0,1.15
2025-01-09,Tablet,Hyderabad,79,30000,2370000,68,25,0,0,7,0,0.0,1.15
2025-01-09,Tablet,Mumbai,51,30000,1530000,68,25,1,0,7,0,0.0,1.15
2025-01-09,Tablet,Delhi,56,30000,1680000,47,25,0,0,7,0,0.0,1.15
2025-01-09,Tablet,Bangalore,58,30000,1740000,91,25,1,0,3,0,0.0,1.15
2025-01-09,Tablet,Chennai,53,30000,1590000,51,25,0,0,3,0,0.0,1.15
2025-01-09,Tablet,Pune,71,30000,2130000,17,25,1,1,6,0,0.0,1.15
2025-01-09,Tablet,Kolkata,60,30000,1800000,64,25,0,0,3,0,0.0,1.15
2025-01-09,Tablet,Ahmedabad,62,30000,1860000,58,25,0,0,6,0,0.0,1.15
2025-01-09,Headphones,Hyderabad,77,3000,231000,55,40,0,0,2,0,0.0,1.15
2025-01-09,Headphones,Mumbai,65,3000,195000,52,40,0,0,5,0,0.0,1.15
2025-01-09,Headphones,Delhi,67,3000,201000,99,40,1,0,6,0,0.0,1.15
2025-01-09,Headphones,Bangalore,73,3000,219000,104,40,1,0,3,0,0.0,1.15
2025-01-09,Headphones,Chennai,74,3000,222000,69,40,0,0,5,0,0.0,1.15
2025-01-09,Headphones,Pune,83,3000,249000,133,40,1,0,6,0,0.0,1.15
2025-01-09,Headphones,Kolkata,67,3000,201000,86,40,0,0,4,0,0.0,1.15
2025-01-09,Headphones,Ahmedabad,75,3000,225000,105,40,0,0,6,0,0.0,1.15
2025-01-09,Smartwatch,Hyderabad,43,8000,344000,40,20,0,0,4,0,0.0,1.15
2025-01-09,Smartwatch,Mumbai,36,8000,288000,101,20,0,0,6,0,0.0,1.15
2025-01-09,Smartwatch,Delhi,33,8000,264000,29,20,0,0,7,0,0.0,1.15
2025-01-09,Smartwatch,Bangalore,37,8000,296000,82,20,0,0,3,0,0.0,1.15
2025-01-09,Smartwatch,Chennai,50,8000,400000,49,20,0,0,5,0,0.0,1.15
2025-01-09,Smartwatch,Pune,49,8000,392000,72,20,0,0,5,0,0.0,1.15
2025-01-09,Smartwatch,Kolkata,56,8000,448000,136,20,1,0,4,0,0.0,1.15
2025-01-09,Smartwatch,Ahmedabad,47,8000,376000,47,20,1,0,3,0,0.0,1.15
2025-01-09,Keyboard,Hyderabad,90,1500,135000,113,35,1,0,6,0,0.0,1.15
2025-01-09,Keyboard,Mumbai,72,1500,108000,44,35,0,0,4,0,0.0,1.15
2025-01-09,Keyboard,Delhi,77,1500,115500,94,35,1,0,5,0,0.0,1.15
2025-01-09,Keyboard,Bangalore,82,1500,123000,88,35,1,0,6,0,0.0,1.15
2025-01-09,Keyboard,Chennai,72,1500,108000,132,35,1,0,3,0,0.0,1.15
2025-01-09,Keyboard,Pune,91,1500,136500,11,35,1,1,4,0,0.0,1.15
2025-01-09,Keyboard,Kolkata,80,1500,120000,52,35,0,0,5,0,0.0,1.15
2025-01-09,Keyboard,Ahmedabad,80,1500,120000,118,35,1,0,3,0,0.0,1.15
2025-01-09,Monitor,Hyderabad,39,18000,702000,117,15,0,0,6,0,0.0,1.15
2025-01-09,Monitor,Mumbai,50,18000,900000,105,15,1,0,5,0,0.0,1.15
2025-01-09,Monitor,Delhi,49,18000,882000,18,15,0,0,2,0,0.0,1.15
2025-01-09,Monitor,Bangalore,52,18000,936000,29,15,0,0,3,0,0.0,1.15
2025-01-09,Monitor,Chennai,67,18000,1206000,63,15,0,0,6,0,0.0,1.15
2025-01-09,Monitor,Pune,55,18000,990000,23,15,0,0,5,0,0.0,1.15
2025-01-09,Monitor,Kolkata,56,18000,1008000,61,15,0,0,4,0,0.0,1.15
2025-01-09,Monitor,Ahmedabad,59,18000,1062000,22,15,0,0,7,0,0.0,1.15
2025-01-09,Mouse,Hyderabad,112,800,89600,38,50,1,1,7,0,0.0,1.15
2025-01-09,Mouse,Mumbai,109,800,87200,69,50,1,0,6,0,0.0,1.15
2025-01-09,Mouse,Delhi,100,800,80000,44,50,1,1,6,0,0.0,1.15
2025-01-09,Mouse,Bangalore,98,800,78400,113,50,1,0,5,0,0.0,1.15
2025-01-09,Mouse,Chennai,122,800,97600,49,50,1,1,3,0,0.0,1.15
2025-01-09,Mouse,Pune,126,800,100800,0,50,1,1,6,0,0.0,1.15
2025-01-09,Mouse,Kolkata,110,800,88000,55,50,1,0,6,0,0.0,1.15
2025-01-09,Mouse,Ahmedabad,103,800,82400,46,50,1,1,3,0,0.0,1.15
2025-01-09,Printer,Hyderabad,26,12000,312000,13,10,0,0,3,0,0.0,1.15
2025-01-09,Printer,Mumbai,44,12000,528000,102,10,1,0,3,0,0.0,1.15
2025-01-09,Printer,Delhi,26,12000,312000,36,10,0,0,5,0,0.0,1.15
2025-01-09,Printer,Bangalore,29,12000,348000,35,10,0,0,7,0,0.0,1.15
2025-01-09,Printer,Chennai,36,12000,432000,76,10,1,0,5,0,0.0,1.15
2025-01-09,Printer,Pune,39,12000,468000,85,10,0,0,7,0,0.0,1.15
2025-01-09,Printer,Kolkata,46,12000,552000,78,10,0,0,4,0,0.0,1.15
2025-01-09,Printer,Ahmedabad,36,12000,432000,10,10,0,0,6,0,0.0,1.15
2025-01-09,Speaker,Hyderabad,68,4000,272000,68,25,1,0,5,0,0.0,1.15
2025-01-09,Speaker,Mumbai,58,4000,232000,85,25,0,0,6,0,0.0,1.15
2025-01-09,Speaker,Delhi,74,4000,296000,105,25,1,0,3,0,0.0,1.15
2025-01-09,Speaker,Bangalore,68,4000,272000,26,25,0,0,7,0,0.0,1.15
2025-01-09,Speaker,Chennai,71,4000,284000,47,25,0,0,7,0,0.0,1.15
2025-01-09,Speaker,Pune,71,4000,284000,108,25,1,0,6,0,0.0,1.15
2025-01-09,Speaker,Kolkata,74,4000,296000,27,25,0,0,5,0,0.0,1.15
2025-01-09,Speaker,Ahmedabad,62,4000,248000,25,25,0,0,7,0,0.0,1.15
2025-01-10,Laptop,Hyderabad,53,55000,2915000,21,20,0,0,7,0,0.0,1.15
2025-01-10,Laptop,Mumbai,64,55000,3520000,97,20,1,0,2,0,0.0,1.15
2025-01-10,Laptop,Delhi,62,55000,3410000,91,20,1,0,5,0,0.0,1.15
2025-01-10,Laptop,Bangalore,57,55000,3135000,81,20,0,0,4,0,0.0,1.15
2025-01-10,Laptop,Chennai,71,55000,3905000,38,20,1,0,3,0,0.0,1.15
2025-01-10,Laptop,Pune,58,55000,3190000,140,20,1,0,2,0,0.0,1.15
2025-01-10,Laptop,Kolkata,79,55000,4345000,24,20,1,0,2,0,0.0,1.15
2025-01-10,Laptop,Ahmedabad,63,55000,3465000,100,20,1,0,6,0,0.0,1.15
2025-01-10,Mobile,Hyderabad,98,20000,1960000,74,30,1,0,2,0,0.0,1.15
2025-01-10,Mobile,Mumbai,93,20000,1860000,45,30,1,0,6,0,0.0,1.15
2025-01-10,Mobile,Delhi,97,20000,1940000,68,30,1,0,5,0,0.0,1.15
2025-01-10,Mobile,Bangalore,83,20000,1660000,0,30,1,1,3,0,0.0,1.15
2025-01-10,Mobile,Chennai,90,20000,1800000,119,30,1,0,5,0,0.0,1.15
2025-01-10,Mobile,Pune,85,20000,1700000,125,30,1,0,7,0,0.0,1.15
2025-01-10,Mobile,Kolkata,91,20000,1820000,38,30,1,0,3,0,0.0,1.15
2025-01-10,Mobile,Ahmedabad,91,20000,1820000,156,30,1,0,5,0,0.0,1.15
2025-01-10,Tablet,Hyderabad,54,30000,1620000,94,25,1,0,6,0,0.0,1.15
2025-01-10,Tablet,Mumbai,51,30000,1530000,135,25,1,0,3,0,0.0,1.15
2025-01-10,Tablet,Delhi,58,30000,1740000,80,25,1,0,5,0,0.0,1.15
2025-01-10,Tablet,Bangalore,55,30000,1650000,36,25,0,0,7,0,0.0,1.15
2025-01-10,Tablet,Chennai,43,30000,1290000,107,25,1,0,7,0,0.0,1.15
2025-01-10,Tablet,Pune,57,30000,1710000,106,25,1,0,6,0,0.0,1.15
2025-01-10,Tablet,Kolkata,60,30000,1800000,59,25,1,0,4,0,0.0,1.15
2025-01-10,Tablet,Ahmedabad,68,30000,2040000,86,25,1,0,3,0,0.0,1.15
2025-01-10,Headphones,Hyderabad,83,3000,249000,106,40,1,0,3,0,0.0,1.15
2025-01-10,Headphones,Mumbai,82,3000,246000,23,40,1,1,3,0,0.0,1.15
2025-01-10,Headphones,Delhi,79,3000,237000,101,40,1,0,7,0,0.0,1.15
2025-01-10,Headphones,Bangalore,85,3000,255000,102,40,1,0,2,0,0.0,1.15
2025-01-10,Headphones,Chennai,72,3000,216000,122,40,1,0,4,0,0.0,1.15
2025-01-10,Headphones,Pune,75,3000,225000,58,40,0,0,4,0,0.0,1.15
2025-01-10,Headphones,Kolkata,72,3000,216000,76,40,1,0,4,0,0.0,1.15
2025-01-10,Headphones,Ahmedabad,73,3000,219000,90,40,1,0,2,0,0.0,1.15
2025-01-10,Smartwatch,Hyderabad,29,8000,232000,73,20,1,0,6,0,0.0,1.15
2025-01-10,Smartwatch,Mumbai,35,8000,280000,66,20,0,0,3,0,0.0,1.15
2025-01-10,Smartwatch,Delhi,27,8000,216000,60,20,1,0,6,0,0.0,1.15
2025-01-10,Smartwatch,Bangalore,61,8000,488000,21,20,0,0,3,0,0.0,1.15
2025-01-10,Smartwatch,Chennai,57,8000,456000,70,20,1,0,5,0,0.0,1.15
2025-01-10,Smartwatch,Pune,44,8000,352000,28,20,0,0,5,0,0.0,1.15
2025-01-10,Smartwatch,Kolkata,38,8000,304000,98,20,0,0,5,0,0.0,1.15
2025-01-10,Smartwatch,Ahmedabad,53,8000,424000,132,20,1,0,4,0,0.0,1.15
2025-01-10,Keyboard,Hyderabad,84,1500,126000,122,35,1,0,6,0,0.0,1.15
2025-01-10,Keyboard,Mumbai,88,1500,132000,52,35,1,0,3,0,0.0,1.15
2025-01-10,Keyboard,Delhi,61,1500,91500,142,35,1,0,3,0,0.0,1.15
2025-01-10,Keyboard,Bangalore,72,1500,108000,156,35,1,0,3,0,0.0,1.15
2025-01-10,Keyboard,Chennai,84,1500,126000,48,35,0,0,6,0,0.0,1.15
2025-01-10,Keyboard,Pune,91,1500,136500,38,35,1,0,6,0,0.0,1.15
2025-01-10,Keyboard,Kolkata,80,1500,120000,118,35,1,0,2,0,0.0,1.15
2025-01-10,Keyboard,Ahmedabad,84,1500,126000,115,35,1,0,3,0,0.0,1.15
2025-01-10,Monitor,Hyderabad,58,18000,1044000,59,15,0,0,2,0,0.0,1.15
2025-01-10,Monitor,Mumbai,50,18000,900000,55,15,0,0,3,0,0.0,1.15
2025-01-10,Monitor,Delhi,49,18000,882000,54,15,1,0,6,0,0.0,1.15
2025-01-10,Monitor,Bangalore,54,18000,972000,53,15,1,0,5,0,0.0,1.15
2025-01-10,Monitor,Chennai,68,18000,1224000,110,15,1,0,5,0,0.0,1.15
2025-01-10,Monitor,Pune,57,18000,1026000,17,15,1,0,5,0,0.0,1.15
2025-01-10,Monitor,Kolkata,57,18000,1026000,57,15,1,0,3,0,0.0,1.15
2025-01-10,Monitor,Ahmedabad,54,18000,972000,80,15,1,0,3,0,0.0,1.15
2025-01-10,Mouse,Hyderabad,110,800,88000,9,50,1,1,5,0,0.0,1.15
2025-01-10,Mouse,Mumbai,111,800,88800,69,50,1,0,5,0,0.0,1.15
2025-01-10,Mouse,Delhi,101,800,80800,53,50,1,0,2,0,0.0,1.15
2025-01-10,Mouse,Bangalore,104,800,83200,117,50,1,0,7,0,0.0,1.15
2025-01-10,Mouse,Chennai,109,800,87200,0,50,1,1,2,0,0.0,1.15
2025-01-10,Mouse,Pune,113,800,90400,12,50,1,1,5,0,0.0,1.15
2025-01-10,Mouse,Kolkata,87,800,69600,32,50,1,1,6,0,0.0,1.15
2025-01-10,Mouse,Ahmedabad,104,800,83200,17,50,1,1,4,0,0.0,1.15
2025-01-10,Printer,Hyderabad,36,12000,432000,59,10,1,0,7,0,0.0,1.15
2025-01-10,Printer,Mumbai,40,12000,480000,62,10,0,0,3,0,0.0,1.15
2025-01-10,Printer,Delhi,21,12000,252000,15,10,0,0,5,0,0.0,1.15
2025-01-10,Printer,Bangalore,23,12000,276000,12,10,0,0,4,0,0.0,1.15
2025-01-10,Printer,Chennai,34,12000,408000,42,10,0,0,4,0,0.0,1.15
2025-01-10,Printer,Pune,33,12000,396000,52,10,0,0,6,0,0.0,1.15
2025-01-10,Printer,Kolkata,29,12000,348000,49,10,0,0,4,0,0.0,1.15
2025-01-10,Printer,Ahmedabad,32,12000,384000,88,10,1,0,6,0,0.0,1.15
2025-01-10,Speaker,Hyderabad,80,4000,320000,88,25,1,0,6,0,0.0,1.15
2025-01-10,Speaker,Mumbai,73,4000,292000,93,25,1,0,4,0,0.0,1.15
2025-01-10,Speaker,Delhi,69,4000,276000,36,25,0,0,4,0,0.0,1.15
2025-01-10,Speaker,Bangalore,68,4000,272000,28,25,1,0,4,0,0.0,1.15
2025-01-10,Speaker,Chennai,76,4000,304000,26,25,1,0,5,0,0.0,1.15
2025-01-10,Speaker,Pune,73,4000,292000,35,25,0,0,3,0,0.0,1.15
2025-01-10,Speaker,Kolkata,72,4000,288000,67,25,1,0,5,0,0.0,1.15
2025-01-10,Speaker,Ahmedabad,77,4000,308000,81,25,1,0,3,0,0.0,1.15
2025-01-11,Laptop,Hyderabad,67,55000,3685000,44,20,1,0,5,0,0.0,1.15
2025-01-11,Laptop,Mumbai,73,55000,4015000,24,20,0,0,4,0,0.0,1.15
2025-01-11,Laptop,Delhi,69,55000,3795000,22,20,0,0,6,0,0.0,1.15
2025-01-11,Laptop,Bangalore,74,55000,4070000,115,20,1,0,6,0,0.0,1.15
2025-01-11,Laptop,Chennai,62,55000,3410000,80,20,1,0,2,0,0.0,1.15
2025-01-11,Laptop,Pune,60,55000,3300000,80,20,0,0,6,0,0.0,1.15
2025-01-11,Laptop,Kolkata,56,55000,3080000,113,20,1,0,3,0,0.0,1.15
2025-01-11,Laptop,Ahmedabad,69,55000,3795000,31,20,0,0,5,0,0.0,1.15
2025-01-11,Mobile,Hyderabad,85,20000,1700000,117,30,1,0,5,0,0.0,1.15
2025-01-11,Mobile,Mumbai,80,20000,1600000,29,30,1,1,2,0,0.0,1.15
2025-01-11,Mobile,Delhi,103,20000,2060000,82,30,1,0,6,0,0.0,1.15
2025-01-11,Mobile,Bangalore,76,20000,1520000,0,30,1,1,6,0,0.0,1.15
2025-01-11,Mobile,Chennai,75,20000,1500000,44,30,0,0,3,0,0.0,1.15
2025-01-11,Mobile,Pune,93,20000,1860000,32,30,0,0,2,0,0.0,1.15
2025-01-11,Mobile,Kolkata,81,20000,1620000,87,30,1,0,4,0,0.0,1.15
2025-01-11,Mobile,Ahmedabad,94,20000,1880000,62,30,0,0,5,0,0.0,1.15
2025-01-11,Tablet,Hyderabad,61,30000,1830000,33,25,0,0,7,0,0.0,1.15
2025-01-11,Tablet,Mumbai,53,30000,1590000,82,25,0,0,2,0,0.0,1.15
2025-01-11,Tablet,Delhi,52,30000,1560000,28,25,0,0,5,0,0.0,1.15
2025-01-11,Tablet,Bangalore,49,30000,1470000,67,25,1,0,3,0,0.0,1.15
2025-01-11,Tablet,Chennai,49,30000,1470000,58,25,0,0,2,0,0.0,1.15
2025-01-11,Tablet,Pune,53,30000,1590000,53,25,0,0,7,0,0.0,1.15
2025-01-11,Tablet,Kolkata,61,30000,1830000,65,25,1,0,3,0,0.0,1.15
2025-01-11,Tablet,Ahmedabad,44,30000,1320000,42,25,0,0,7,0,0.0,1.15
2025-01-11,Headphones,Hyderabad,84,3000,252000,128,40,1,0,4,0,0.0,1.15
2025-01-11,Headphones,Mumbai,65,3000,195000,13,40,1,1,3,0,0.0,1.15
2025-01-11,Headphones,Delhi,77,3000,231000,148,40,1,0,7,0,0.0,1.15
2025-01-11,Headphones,Bangalore,69,3000,207000,123,40,1,0,2,0,0.0,1.15
2025-01-11,Headphones,Chennai,82,3000,246000,40,40,0,0,5,0,0.0,1.15
2025-01-11,Headphones,Pune,67,3000,201000,82,40,1,0,3,0,0.0,1.15
2025-01-11,Headphones,Kolkata,76,3000,228000,105,40,1,0,5,0,0.0,1.15
2025-01-11,Headphones,Ahmedabad,70,3000,210000,89,40,1,0,6,0,0.0,1.15
2025-01-11,Smartwatch,Hyderabad,39,8000,312000,34,20,0,0,7,0,0.0,1.15
2025-01-11,Smartwatch,Mumbai,55,8000,440000,159,20,1,0,7,0,0.0,1.15
2025-01-11,Smartwatch,Delhi,44,8000,352000,100,20,1,0,6,0,0.0,1.15
2025-01-11,Smartwatch,Bangalore,51,8000,408000,45,20,1,0,2,0,0.0,1.15
2025-01-11,Smartwatch,Chennai,51,8000,408000,101,20,1,0,7,0,0.0,1.15
2025-01-11,Smartwatch,Pune,52,8000,416000,80,20,1,0,5,0,0.0,1.15
2025-01-11,Smartwatch,Kolkata,47,8000,376000,51,20,0,0,4,0,0.0,1.15
2025-01-11,Smartwatch,Ahmedabad,33,8000,264000,99,20,0,0,2,0,0.0,1.15
2025-01-11,Keyboard,Hyderabad,85,1500,127500,37,35,0,0,3,0,0.0,1.15
2025-01-11,Keyboard,Mumbai,71,1500,106500,114,35,1,0,5,0,0.0,1.15
2025-01-11,Keyboard,Delhi,82,1500,123000,60,35,0,0,2,0,0.0,1.15
2025-01-11,Keyboard,Bangalore,92,1500,138000,64,35,0,0,2,0,0.0,1.15
2025-01-11,Keyboard,Chennai,74,1500,111000,24,35,1,1,7,0,0.0,1.15
2025-01-11,Keyboard,Pune,85,1500,127500,102,35,1,0,2,0,0.0,1.15
2025-01-11,Keyboard,Kolkata,93,1500,139500,116,35,1,0,4,0,0.0,1.15
2025-01-11,Keyboard,Ahmedabad,83,1500,124500,146,35,1,0,5,0,0.0,1.15
2025-01-11,Monitor,Hyderabad,58,18000,1044000,129,15,1,0,5,0,0.0,1.15
2025-01-11,Monitor,Mumbai,63,18000,1134000,131,15,1,0,5,0,0.0,1.15
2025-01-11,Monitor,Delhi,56,18000,1008000,60,15,1,0,7,0,0.0,1.15
2025-01-11,Monitor,Bangalore,63,18000,1134000,49,15,1,0,4,0,0.0,1.15
2025-01-11,Monitor,Chennai,52,18000,936000,58,15,0,0,3,0,0.0,1.15
2025-01-11,Monitor,Pune,41,18000,738000,35,15,1,0,7,0,0.0,1.15
2025-01-11,Monitor,Kolkata,44,18000,792000,144,15,1,0,4,0,0.0,1.15
2025-01-11,Monitor,Ahmedabad,44,18000,792000,36,15,0,0,2,0,0.0,1.15
2025-01-11,Mouse,Hyderabad,118,800,94400,0,50,1,1,2,0,0.0,1.15
2025-01-11,Mouse,Mumbai,102,800,81600,98,50,1,0,2,0,0.0,1.15
2025-01-11,Mouse,Delhi,106,800,84800,9,50,1,1,7,0,0.0,1.15
2025-01-11,Mouse,Bangalore,102,800,81600,91,50,1,0,2,0,0.0,1.15
2025-01-11,Mouse,Chennai,104,800,83200,15,50,1,1,5,0,0.0,1.15
2025-01-11,Mouse,Pune,102,800,81600,0,50,1,1,7,0,0.0,1.15
2025-01-11,Mouse,Kolkata,96,800,76800,0,50,1,1,5,0,0.0,1.15
2025-01-11,Mouse,Ahmedabad,103,800,82400,0,50,1,1,5,0,0.0,1.15
2025-01-11,Printer,Hyderabad,37,12000,444000,22,10,0,0,2,0,0.0,1.15
2025-01-11,Printer,Mumbai,38,12000,456000,24,10,0,0,4,0,0.0,1.15
2025-01-11,Printer,Delhi,50,12000,600000,88,10,1,0,6,0,0.0,1.15
2025-01-11,Printer,Bangalore,37,12000,444000,55,10,1,0,5,0,0.0,1.15
2025-01-11,Printer,Chennai,37,12000,444000,93,10,1,0,6,0,0.0,1.15
2025-01-11,Printer,Pune,34,12000,408000,18,10,0,0,2,0,0.0,1.15
2025-01-11,Printer,Kolkata,42,12000,504000,57,10,1,0,2,0,0.0,1.15
2025-01-11,Printer,Ahmedabad,37,12000,444000,51,10,0,0,3,0,0.0,1.15
2025-01-11,Speaker,Hyderabad,58,4000,232000,30,25,0,0,7,0,0.0,1.15
2025-01-11,Speaker,Mumbai,57,4000,228000,36,25,0,0,3,0,0.0,1.15
2025-01-11,Speaker,Delhi,59,4000,236000,112,25,1,0,4,0,0.0,1.15
2025-01-11,Speaker,Bangalore,65,4000,260000,61,25,1,0,2,0,0.0,1.15
2025-01-11,Speaker,Chennai,64,4000,256000,105,25,1,0,4,0,0.0,1.15
2025-01-11,Speaker,Pune,78,4000,312000,61,25,1,0,6,0,0.0,1.15
2025-01-11,Speaker,Kolkata,74,4000,296000,65,25,1,0,4,0,0.0,1.15
2025-01-11,Speaker,Ahmedabad,67,4000,268000,153,25,1,0,6,0,0.0,1.15
2025-01-12,Laptop,Hyderabad,47,55000,2585000,114,20,1,0,5,0,0.0,1.15
2025-01-12,Laptop,Mumbai,63,55000,3465000,92,20,1,0,5,0,0.0,1.15
2025-01-12,Laptop,Delhi,72,55000,3960000,43,20,1,0,3,0,0.0,1.15
2025-01-12,Laptop,Bangalore,70,55000,3850000,45,20,0,0,2,0,0.0,1.15
2025-01-12,Laptop,Chennai,50,55000,2750000,30,20,0,0,5,0,0.0,1.15
2025-01-12,Laptop,Pune,57,55000,3135000,23,20,0,0,5,0,0.0,1.15
2025-01-12,Laptop,Kolkata,57,55000,3135000,56,20,0,0,5,0,0.0,1.15
2025-01-12,Laptop,Ahmedabad,60,55000,3300000,45,20,1,0,3,0,0.0,1.15
2025-01-12,Mobile,Hyderabad,95,20000,1900000,161,30,1,0,6,0,0.0,1.15
2025-01-12,Mobile,Mumbai,88,20000,1760000,10,30,1,1,2,0,0.0,1.15
2025-01-12,Mobile,Delhi,83,20000,1660000,49,30,1,0,5,0,0.0,1.15
2025-01-12,Mobile,Bangalore,86,20000,1720000,0,30,1,1,3,0,0.0,1.15
2025-01-12,Mobile,Chennai,70,20000,1400000,112,30,1,0,4,0,0.0,1.15
2025-01-12,Mobile,Pune,100,20000,2000000,60,30,1,0,5,0,0.0,1.15
2025-01-12,Mobile,Kolkata,104,20000,2080000,127,30,1,0,4,0,0.0,1.15
2025-01-12,Mobile,Ahmedabad,91,20000,1820000,35,30,1,0,4,0,0.0,1.15
2025-01-12,Tablet,Hyderabad,45,30000,1350000,68,25,1,0,3,0,0.0,1.15
2025-01-12,Tablet,Mumbai,59,30000,1770000,151,25,1,0,2,0,0.0,1.15
2025-01-12,Tablet,Delhi,63,30000,1890000,114,25,1,0,2,0,0.0,1.15
2025-01-12,Tablet,Bangalore,50,30000,1500000,97,25,1,0,4,0,0.0,1.15
2025-01-12,Tablet,Chennai,57,30000,1710000,145,25,1,0,3,0,0.0,1.15
2025-01-12,Tablet,Pune,66,30000,1980000,116,25,1,0,2,0,0.0,1.15
2025-01-12,Tablet,Kolkata,57,30000,1710000,81,25,1,0,5,0,0.0,1.15
2025-01-12,Tablet,Ahmedabad,52,30000,1560000,100,25,1,0,7,0,0.0,1.15
2025-01-12,Headphones,Hyderabad,65,3000,195000,63,40,0,0,7,0,0.0,1.15
2025-01-12,Headphones,Mumbai,65,3000,195000,8,40,1,1,3,0,0.0,1.15
2025-01-12,Headphones,Delhi,78,3000,234000,70,40,0,0,5,0,0.0,1.15
2025-01-12,Headphones,Bangalore,78,3000,234000,45,40,0,0,4,0,0.0,1.15
2025-01-12,Headphones,Chennai,77,3000,231000,106,40,1,0,6,0,0.0,1.15
2025-01-12,Headphones,Pune,69,3000,207000,139,40,1,0,2,0,0.0,1.15
2025-01-12,Headphones,Kolkata,75,3000,225000,146,40,1,0,4,0,0.0,1.15
2025-01-12,Headphones,Ahmedabad,79,3000,237000,108,40,1,0,2,0,0.0,1.15
2025-01-12,Smartwatch,Hyderabad,41,8000,328000,135,20,1,0,7,0,0.0,1.15
2025-01-12,Smartwatch,Mumbai,41,8000,328000,118,20,0,0,7,0,0.0,1.15
2025-01-12,Smartwatch,Delhi,50,8000,400000,50,20,0,0,2,0,0.0,1.15
2025-01-12,Smartwatch,Bangalore,47,8000,376000,113,20,1,0,2,0,0.0,1.15
2025-01-12,Smartwatch,Chennai,36,8000,288000,65,20,0,0,4,0,0.0,1.15
2025-01-12,Smartwatch,Pune,43,8000,344000,37,20,0,0,3,0,0.0,1.15
2025-01-12,Smartwatch,Kolkata,45,8000,360000,144,20,1,0,2,0,0.0,1.15
2025-01-12,Smartwatch,Ahmedabad,49,8000,392000,50,20,0,0,6,0,0.0,1.15
2025-01-12,Keyboard,Hyderabad,72,1500,108000,61,35,1,0,4,0,0.0,1.15
2025-01-12,Keyboard,Mumbai,81,1500,121500,131,35,1,0,6,0,0.0,1.15
2025-01-12,Keyboard,Delhi,78,1500,117000,88,35,1,0,7,0,0.0,1.15
2025-01-12,Keyboard,Bangalore,90,1500,135000,41,35,1,0,6,0,0.0,1.15
2025-01-12,Keyboard,Chennai,77,1500,115500,59,35,1,0,5,0,0.0,1.15
2025-01-12,Keyboard,Pune,74,1500,111000,105,35,1,0,5,0,0.0,1.15
2025-01-12,Keyboard,Kolkata,65,1500,97500,51,35,0,0,6,0,0.0,1.15
2025-01-12,Keyboard,Ahmedabad,82,1500,123000,64,35,0,0,2,0,0.0,1.15
2025-01-12,Monitor,Hyderabad,40,18000,720000,89,15,0,0,3,0,0.0,1.15
2025-01-12,Monitor,Mumbai,46,18000,828000,85,15,0,0,5,0,0.0,1.15
2025-01-12,Monitor,Delhi,51,18000,918000,147,15,1,0,4,0,0.0,1.15
2025-01-12,Monitor,Bangalore,41,18000,738000,71,15,1,0,5,0,0.0,1.15
2025-01-12,Monitor,Chennai,61,18000,1098000,146,15,1,0,6,0,0.0,1.15
2025-01-12,Monitor,Pune,56,18000,1008000,82,15,1,0,7,0,0.0,1.15
2025-01-12,Monitor,Kolkata,48,18000,864000,96,15,0,0,5,0,0.0,1.15
2025-01-12,Monitor,Ahmedabad,65,18000,1170000,43,15,1,0,5,0,0.0,1.15
2025-01-12,Mouse,Hyderabad,116,800,92800,0,50,1,1,3,0,0.0,1.15
2025-01-12,Mouse,Mumbai,108,800,86400,69,50,1,0,7,0,0.0,1.15
2025-01-12,Mouse,Delhi,101,800,80800,23,50,1,1,5,0,0.0,1.15
2025-01-12,Mouse,Bangalore,117,800,93600,34,50,1,1,4,0,0.0,1.15
2025-01-12,Mouse,Chennai,112,800,89600,0,50,1,1,4,0,0.0,1.15
2025-01-12,Mouse,Pune,113,800,90400,0,50,1,1,4,0,0.0,1.15
2025-01-12,Mouse,Kolkata,108,800,86400,0,50,1,1,7,0,0.0,1.15
2025-01-12,Mouse,Ahmedabad,104,800,83200,0,50,1,1,5,0,0.0,1.15
2025-01-12,Printer,Hyderabad,23,12000,276000,52,10,1,0,3,0,0.0,1.15
2025-01-12,Printer,Mumbai,21,12000,252000,77,10,1,0,2,0,0.0,1.15
2025-01-12,Printer,Delhi,39,12000,468000,49,10,0,0,2,0,0.0,1.15
2025-01-12,Printer,Bangalore,37,12000,444000,18,10,0,0,2,0,0.0,1.15
2025-01-12,Printer,Chennai,25,12000,300000,68,10,0,0,3,0,0.0,1.15
2025-01-12,Printer,Pune,30,12000,360000,110,10,1,0,2,0,0.0,1.15
2025-01-12,Printer,Kolkata,37,12000,444000,20,10,0,0,6,0,0.0,1.15
2025-01-12,Printer,Ahmedabad,20,12000,240000,31,10,0,0,7,0,0.0,1.15
2025-01-12,Speaker,Hyderabad,66,4000,264000,102,25,1,0,3,0,0.0,1.15
2025-01-12,Speaker,Mumbai,76,4000,304000,76,25,1,0,4,0,0.0,1.15
2025-01-12,Speaker,Delhi,72,4000,288000,40,25,0,0,2,0,0.0,1.15
2025-01-12,Speaker,Bangalore,62,4000,248000,142,25,1,0,4,0,0.0,1.15
2025-01-12,Speaker,Chennai,57,4000,228000,48,25,0,0,7,0,0.0,1.15
2025-01-12,Speaker,Pune,66,4000,264000,137,25,1,0,6,0,0.0,1.15
2025-01-12,Speaker,Kolkata,67,4000,268000,89,25,1,0,4,0,0.0,1.15
2025-01-12,Speaker,Ahmedabad,65,4000,260000,88,25,0,0,2,0,0.0,1.15
2025-01-13,Laptop,Hyderabad,53,55000,2915000,61,20,0,0,3,0,0.0,1.15
2025-01-13,Laptop,Mumbai,79,55000,4345000,112,20,1,0,3,0,0.0,1.15
2025-01-13,Laptop,Delhi,57,55000,3135000,98,20,1,0,3,0,0.0,1.15
2025-01-13,Laptop,Bangalore,60,55000,3300000,40,20,1,0,7,0,0.0,1.15
2025-01-13,Laptop,Chennai,67,55000,3685000,98,20,1,0,6,0,0.0,1.15
2025-01-13,Laptop,Pune,66,55000,3630000,53,20,1,0,3,0,0.0,1.15
2025-01-13,Laptop,Kolkata,58,55000,3190000,136,20,1,0,5,0,0.0,1.15
2025-01-13,Laptop,Ahmedabad,76,55000,4180000,91,20,1,0,4,0,0.0,1.15
2025-01-13,Mobile,Hyderabad,92,20000,1840000,69,30,0,0,2,0,0.0,1.15
2025-01-13,Mobile,Mumbai,91,20000,1820000,1,30,1,1,6,0,0.0,1.15
2025-01-13,Mobile,Delhi,100,20000,2000000,21,30,1,1,2,0,0.0,1.15
2025-01-13,Mobile,Bangalore,95,20000,1900000,45,30,1,0,6,0,0.0,1.15
2025-01-13,Mobile,Chennai,113,20000,2260000,129,30,1,0,2,0,0.0,1.15
2025-01-13,Mobile,Pune,104,20000,2080000,66,30,1,0,2,0,0.0,1.15
2025-01-13,Mobile,Kolkata,97,20000,1940000,30,30,0,0,7,0,0.0,1.15
2025-01-13,Mobile,Ahmedabad,91,20000,1820000,44,30,1,0,7,0,0.0,1.15
2025-01-13,Tablet,Hyderabad,62,30000,1860000,110,25,1,0,3,0,0.0,1.15
2025-01-13,Tablet,Mumbai,51,30000,1530000,100,25,0,0,5,0,0.0,1.15
2025-01-13,Tablet,Delhi,48,30000,1440000,66,25,0,0,5,0,0.0,1.15
2025-01-13,Tablet,Bangalore,50,30000,1500000,47,25,0,0,4,0,0.0,1.15
2025-01-13,Tablet,Chennai,61,30000,1830000,84,25,0,0,3,0,0.0,1.15
2025-01-13,Tablet,Pune,49,30000,1470000,67,25,0,0,7,0,0.0,1.15
2025-01-13,Tablet,Kolkata,48,30000,1440000,33,25,0,0,2,0,0.0,1.15
2025-01-13,Tablet,Ahmedabad,40,30000,1200000,60,25,0,0,2,0,0.0,1.15
2025-01-13,Headphones,Hyderabad,90,3000,270000,69,40,1,0,4,0,0.0,1.15
2025-01-13,Headphones,Mumbai,74,3000,222000,26,40,1,1,3,0,0.0,1.15
2025-01-13,Headphones,Delhi,76,3000,228000,140,40,1,0,6,0,0.0,1.15
2025-01-13,Headphones,Bangalore,72,3000,216000,35,40,1,1,2,0,0.0,1.15
2025-01-13,Headphones,Chennai,90,3000,270000,108,40,1,0,6,0,0.0,1.15
2025-01-13,Headphones,Pune,87,3000,261000,52,40,0,0,5,0,0.0,1.15
2025-01-13,Headphones,Kolkata,80,3000,240000,66,40,0,0,7,0,0.0,1.15
2025-01-13,Headphones,Ahmedabad,76,3000,228000,82,40,1,0,7,0,0.0,1.15
2025-01-13,Smartwatch,Hyderabad,54,8000,432000,81,20,0,0,2,0,0.0,1.15
2025-01-13,Smartwatch,Mumbai,52,8000,416000,66,20,0,0,5,0,0.0,1.15
2025-01-13,Smartwatch,Delhi,46,8000,368000,129,20,1,0,3,0,0.0,1.15
2025-01-13,Smartwatch,Bangalore,44,8000,352000,69,20,0,0,6,0,0.0,1.15
2025-01-13,Smartwatch,Chennai,46,8000,368000,163,20,1,0,5,0,0.0,1.15
2025-01-13,Smartwatch,Pune,38,8000,304000,57,20,1,0,6,0,0.0,1.15
2025-01-13,Smartwatch,Kolkata,26,8000,208000,118,20,0,0,7,0,0.0,1.15
2025-01-13,Smartwatch,Ahmedabad,39,8000,312000,98,20,1,0,6,0,0.0,1.15
2025-01-13,Keyboard,Hyderabad,73,1500,109500,79,35,1,0,4,0,0.0,1.15
2025-01-13,Keyboard,Mumbai,90,1500,135000,41,35,0,0,3,0,0.0,1.15
2025-01-13,Keyboard,Delhi,85,1500,127500,73,35,1,0,3,0,0.0,1.15
2025-01-13,Keyboard,Bangalore,85,1500,127500,9,35,1,1,7,0,0.0,1.15
2025-01-13,Keyboard,Chennai,72,1500,108000,59,35,1,0,3,0,0.0,1.15
2025-01-13,Keyboard,Pune,68,1500,102000,37,35,0,0,4,0,0.0,1.15
2025-01-13,Keyboard,Kolkata,81,1500,121500,71,35,1,0,5,0,0.0,1.15
2025-01-13,Keyboard,Ahmedabad,71,1500,106500,140,35,1,0,7,0,0.0,1.15
2025-01-13,Monitor,Hyderabad,42,18000,756000,47,15,0,0,6,0,0.0,1.15
2025-01-13,Monitor,Mumbai,50,18000,900000,35,15,0,0,5,0,0.0,1.15
2025-01-13,Monitor,Delhi,39,18000,702000,108,15,0,0,5,0,0.0,1.15
2025-01-13,Monitor,Bangalore,44,18000,792000,27,15,0,0,6,0,0.0,1.15
2025-01-13,Monitor,Chennai,57,18000,1026000,89,15,0,0,7,0,0.0,1.15
2025-01-13,Monitor,Pune,59,18000,1062000,23,15,0,0,5,0,0.0,1.15
2025-01-13,Monitor,Kolkata,48,18000,864000,48,15,0,0,4,0,0.0,1.15
2025-01-13,Monitor,Ahmedabad,56,18000,1008000,114,15,1,0,3,0,0.0,1.15
2025-01-13,Mouse,Hyderabad,102,800,81600,0,50,1,1,2,0,0.0,1.15
2025-01-13,Mouse,Mumbai,110,800,88000,108,50,1,0,2,0,0.0,1.15
2025-01-13,Mouse,Delhi,94,800,75200,60,50,1,0,5,0,0.0,1.15
2025-01-13,Mouse,Bangalore,95,800,76000,35,50,1,1,6,0,0.0,1.15
2025-01-13,Mouse,Chennai,108,800,86400,1,50,1,1,3,0,0.0,1.15
2025-01-13,Mouse,Pune,99,800,79200,29,50,1,1,7,0,0.0,1.15
2025-01-13,Mouse,Kolkata,111,800,88800,9,50,1,1,5,0,0.0,1.15
2025-01-13,Mouse,Ahmedabad,117,800,93600,0,50,1,1,3,0,0.0,1.15
2025-01-13,Printer,Hyderabad,28,12000,336000,24,10,0,0,5,0,0.0,1.15
2025-01-13,Printer,Mumbai,33,12000,396000,44,10,0,0,2,0,0.0,1.15
2025-01-13,Printer,Delhi,44,12000,528000,66,10,1,0,2,0,0.0,1.15
2025-01-13,Printer,Bangalore,32,12000,384000,39,10,1,0,4,0,0.0,1.15
2025-01-13,Printer,Chennai,38,12000,456000,30,10,0,0,7,0,0.0,1.15
2025-01-13,Printer,Pune,30,12000,360000,80,10,0,0,7,0,0.0,1.15
2025-01-13,Printer,Kolkata,35,12000,420000,63,10,1,0,3,0,0.0,1.15
2025-01-13,Printer,Ahmedabad,38,12000,456000,79,10,1,0,7,0,0.0,1.15
2025-01-13,Speaker,Hyderabad,65,4000,260000,37,25,0,0,5,0,0.0,1.15
2025-01-13,Speaker,Mumbai,61,4000,244000,70,25,1,0,7,0,0.0,1.15
2025-01-13,Speaker,Delhi,68,4000,272000,99,25,1,0,6,0,0.0,1.15
2025-01-13,Speaker,Bangalore,70,4000,280000,72,25,0,0,3,0,0.0,1.15
2025-01-13,Speaker,Chennai,69,4000,276000,49,25,1,0,3,0,0.0,1.15
2025-01-13,Speaker,Pune,70,4000,280000,67,25,0,0,6,0,0.0,1.15
2025-01-13,Speaker,Kolkata,70,4000,280000,76,25,1,0,5,0,0.0,1.15
2025-01-13,Speaker,Ahmedabad,61,4000,244000,27,25,0,0,3,0,0.0,1.15
2025-01-14,Laptop,Hyderabad,49,55000,2695000,148,20,1,0,7,0,0.0,1.15
2025-01-14,Laptop,Mumbai,60,55000,3300000,52,20,0,0,6,0,0.0,1.15
2025-01-14,Laptop,Delhi,56,55000,3080000,42,20,0,0,2,0,0.0,1.15
2025-01-14,Laptop,Bangalore,58,55000,3190000,123,20,1,0,4,0,0.0,1.15
2025-01-14,Laptop,Chennai,65,55000,3575000,33,20,0,0,4,0,0.0,1.15
2025-01-14,Laptop,Pune,57,55000,3135000,139,20,1,0,3,0,0.0,1.15
2025-01-14,Laptop,Kolkata,59,55000,3245000,77,20,0,0,7,0,0.0,1.15
2025-01-14,Laptop,Ahmedabad,59,55000,3245000,32,20,0,0,3,0,0.0,1.15
2025-01-14,Mobile,Hyderabad,94,20000,1880000,31,30,1,0,5,0,0.0,1.15
2025-01-14,Mobile,Mumbai,89,20000,1780000,15,30,1,1,2,0,0.0,1.15
2025-01-14,Mobile,Delhi,93,20000,1860000,32,30,1,0,7,0,0.0,1.15
2025-01-14,Mobile,Bangalore,86,20000,1720000,38,30,1,0,7,0,0.0,1.15
2025-01-14,Mobile,Chennai,101,20000,2020000,162,30,1,0,6,0,0.0,1.15
2025-01-14,Mobile,Pune,91,20000,1820000,86,30,1,0,7,0,0.0,1.15
2025-01-14,Mobile,Kolkata,100,20000,2000000,1,30,1,1,7,0,0.0,1.15
2025-01-14,Mobile,Ahmedabad,86,20000,1720000,10,30,1,1,4,0,0.0,1.15
2025-01-14,Tablet,Hyderabad,45,30000,1350000,65,25,0,0,7,0,0.0,1.15
2025-01-14,Tablet,Mumbai,57,30000,1710000,43,25,0,0,5,0,0.0,1.15
2025-01-14,Tablet,Delhi,52,30000,1560000,72,25,1,0,2,0,0.0,1.15
2025-01-14,Tablet,Bangalore,60,30000,1800000,126,25,1,0,4,0,0.0,1.15
2025-01-14,Tablet,Chennai,46,30000,1380000,38,25,0,0,6,0,0.0,1.15
2025-01-14,Tablet,Pune,57,30000,1710000,78,25,1,0,2,0,0.0,1.15
2025-01-14,Tablet,Kolkata,52,30000,1560000,95,25,1,0,2,0,0.0,1.15
2025-01-14,Tablet,Ahmedabad,60,30000,1800000,57,25,1,0,6,0,0.0,1.15
2025-01-14,Headphones,Hyderabad,63,3000,189000,106,40,1,0,3,0,0.0,1.15
2025-01-14,Headphones,Mumbai,69,3000,207000,49,40,1,0,3,0,0.0,1.15
2025-01-14,Headphones,Delhi,65,3000,195000,75,40,0,0,4,0,0.0,1.15
2025-01-14,Headphones,Bangalore,87,3000,261000,84,40,1,0,5,0,0.0,1.15
2025-01-14,Headphones,Chennai,68,3000,204000,40,40,0,0,3,0,0.0,1.15
2025-01-14,Headphones,Pune,66,3000,198000,124,40,1,0,2,0,0.0,1.15
2025-01-14,Headphones,Kolkata,70,3000,210000,120,40,1,0,3,0,0.0,1.15
2025-01-14,Headphones,Ahmedabad,75,3000,225000,61,40,1,0,2,0,0.0,1.15
2025-01-14,Smartwatch,Hyderabad,43,8000,344000,38,20,0,0,3,0,0.0,1.15
2025-01-14,Smartwatch,Mumbai,45,8000,360000,21,20,0,0,5,0,0.0,1.15
2025-01-14,Smartwatch,Delhi,24,8000,192000,105,20,0,0,3,0,0.0,1.15
2025-01-14,Smartwatch,Bangalore,38,8000,304000,31,20,0,0,4,0,0.0,1.15
2025-01-14,Smartwatch,Chennai,37,8000,296000,126,20,0,0,6,0,0.0,1.15
2025-01-14,Smartwatch,Pune,40,8000,320000,83,20,1,0,4,0,0.0,1.15
2025-01-14,Smartwatch,Kolkata,39,8000,312000,79,20,0,0,5,0,0.0,1.15
2025-01-14,Smartwatch,Ahmedabad,42,8000,336000,56,20,0,0,3,0,0.0,1.15
2025-01-14,Keyboard,Hyderabad,71,1500,106500,99,35,1,0,2,0,0.0,1.15
2025-01-14,Keyboard,Mumbai,78,1500,117000,68,35,1,0,5,0,0.0,1.15
2025-01-14,Keyboard,Delhi,76,1500,114000,86,35,1,0,4,0,0.0,1.15
2025-01-14,Keyboard,Bangalore,82,1500,123000,61,35,1,0,5,0,0.0,1.15
2025-01-14,Keyboard,Chennai,79,1500,118500,105,35,1,0,2,0,0.0,1.15
2025-01-14,Keyboard,Pune,69,1500,103500,45,35,1,0,7,0,0.0,1.15
2025-01-14,Keyboard,Kolkata,78,1500,117000,96,35,1,0,6,0,0.0,1.15
2025-01-14,Keyboard,Ahmedabad,88,1500,132000,52,35,0,0,3,0,0.0,1.15
2025-01-14,Monitor,Hyderabad,42,18000,756000,115,15,1,0,5,0,0.0,1.15
2025-01-14,Monitor,Mumbai,43,18000,774000,138,15,1,0,5,0,0.0,1.15
2025-01-14,Monitor,Delhi,55,18000,990000,53,15,0,0,6,0,0.0,1.15
2025-01-14,Monitor,Bangalore,46,18000,828000,87,15,1,0,5,0,0.0,1.15
2025-01-14,Monitor,Chennai,62,18000,1116000,27,15,0,0,7,0,0.0,1.15
2025-01-14,Monitor,Pune,46,18000,828000,119,15,1,0,4,0,0.0,1.15
2025-01-14,Monitor,Kolkata,48,18000,864000,58,15,1,0,2,0,0.0,1.15
2025-01-14,Monitor,Ahmedabad,58,18000,1044000,56,15,0,0,4,0,0.0,1.15
2025-01-14,Mouse,Hyderabad,94,800,75200,45,50,1,1,5,0,0.0,1.15
2025-01-14,Mouse,Mumbai,106,800,84800,125,50,1,0,6,0,0.0,1.15
2025-01-14,Mouse,Delhi,104,800,83200,55,50,1,0,6,0,0.0,1.15
2025-01-14,Mouse,Bangalore,101,800,80800,14,50,1,1,6,0,0.0,1.15
2025-01-14,Mouse,Chennai,86,800,68800,34,50,1,1,3,0,0.0,1.15
2025-01-14,Mouse,Pune,94,800,75200,56,50,1,0,4,0,0.0,1.15
2025-01-14,Mouse,Kolkata,113,800,90400,11,50,1,1,2,0,0.0,1.15
2025-01-14,Mouse,Ahmedabad,111,800,88800,0,50,1,1,3,0,0.0,1.15
2025-01-14,Printer,Hyderabad,42,12000,504000,114,10,1,0,5,0,0.0,1.15
2025-01-14,Printer,Mumbai,33,12000,396000,11,10,0,0,6,0,0.0,1.15
2025-01-14,Printer,Delhi,46,12000,552000,20,10,0,0,7,0,0.0,1.15
2025-01-14,Printer,Bangalore,29,12000,348000,10,10,0,0,7,0,0.0,1.15
2025-01-14,Printer,Chennai,37,12000,444000,142,10,1,0,6,0,0.0,1.15
2025-01-14,Printer,Pune,22,12000,264000,58,10,0,0,2,0,0.0,1.15
2025-01-14,Printer,Kolkata,31,12000,372000,32,10,0,0,4,0,0.0,1.15
2025-01-14,Printer,Ahmedabad,25,12000,300000,54,10,0,0,7,0,0.0,1.15
2025-01-14,Speaker,Hyderabad,69,4000,276000,60,25,1,0,3,0,0.0,1.15
2025-01-14,Speaker,Mumbai,75,4000,300000,105,25,1,0,6,0,0.0,1.15
2025-01-14,Speaker,Delhi,72,4000,288000,27,25,0,0,7,0,0.0,1.15
2025-01-14,Speaker,Bangalore,73,4000,292000,91,25,1,0,7,0,0.0,1.15
2025-01-14,Speaker,Chennai,67,4000,268000,65,25,1,0,7,0,0.0,1.15
2025-01-14,Speaker,Pune,75,4000,300000,124,25,1,0,5,0,0.0,1.15
2025-01-14,Speaker,Kolkata,58,4000,232000,163,25,1,0,2,0,0.0,1.15
2025-01-14,Speaker,Ahmedabad,73,4000,292000,66,25,1,0,7,0,0.0,1.15
2025-01-15,Laptop,Hyderabad,73,55000,4015000,75,20,0,0,2,1,16.6,1.15
2025-01-15,Laptop,Mumbai,65,55000,3575000,112,20,1,0,6,1,16.6,1.15
2025-01-15,Laptop,Delhi,83,55000,4565000,96,20,1,0,5,1,16.6,1.15
2025-01-15,Laptop,Bangalore,85,55000,4675000,38,20,0,0,3,1,16.6,1.15
2025-01-15,Laptop,Chennai,82,55000,4510000,90,20,1,0,4,1,16.6,1.15
2025-01-15,Laptop,Pune,86,55000,4730000,53,20,0,0,5,1,16.6,1.15
2025-01-15,Laptop,Kolkata,74,55000,4070000,138,20,1,0,7,1,16.6,1.15
2025-01-15,Laptop,Ahmedabad,74,55000,4070000,48,20,1,0,6,1,16.6,1.15
2025-01-15,Mobile,Hyderabad,114,20000,2280000,10,30,1,1,6,1,16.6,1.15
2025-01-15,Mobile,Mumbai,107,20000,2140000,1,30,1,1,6,1,16.6,1.15
2025-01-15,Mobile,Delhi,99,20000,1980000,28,30,1,1,6,1,16.6,1.15
2025-01-15,Mobile,Bangalore,116,20000,2320000,0,30,1,1,2,1,16.6,1.15
2025-01-15,Mobile,Chennai,123,20000,2460000,39,30,0,0,3,1,16.6,1.15
2025-01-15,Mobile,Pune,101,20000,2020000,47,30,1,0,2,1,16.6,1.15
2025-01-15,Mobile,Kolkata,109,20000,2180000,0,30,1,1,2,1,16.6,1.15
2025-01-15,Mobile,Ahmedabad,130,20000,2600000,24,30,1,1,4,1,16.6,1.15
2025-01-15,Tablet,Hyderabad,68,30000,2040000,47,25,1,0,4,1,16.6,1.15
2025-01-15,Tablet,Mumbai,65,30000,1950000,33,25,1,0,7,1,16.6,1.15
2025-01-15,Tablet,Delhi,49,30000,1470000,82,25,1,0,6,1,16.6,1.15
2025-01-15,Tablet,Bangalore,53,30000,1590000,73,25,0,0,6,1,16.6,1.15
2025-01-15,Tablet,Chennai,66,30000,1980000,26,25,1,0,3,1,16.6,1.15
2025-01-15,Tablet,Pune,54,30000,1620000,77,25,1,0,6,1,16.6,1.15
2025-01-15,Tablet,Kolkata,52,30000,1560000,43,25,0,0,3,1,16.6,1.15
2025-01-15,Tablet,Ahmedabad,74,30000,2220000,72,25,1,0,2,1,16.6,1.15
2025-01-15,Headphones,Hyderabad,93,3000,279000,109,40,1,0,4,1,16.6,1.15
2025-01-15,Headphones,Mumbai,96,3000,288000,96,40,1,0,3,1,16.6,1.15
2025-01-15,Headphones,Delhi,83,3000,249000,87,40,1,0,4,1,16.6,1.15
2025-01-15,Headphones,Bangalore,89,3000,267000,101,40,1,0,5,1,16.6,1.15
2025-01-15,Headphones,Chennai,83,3000,249000,36,40,1,1,5,1,16.6,1.15
2025-01-15,Headphones,Pune,98,3000,294000,132,40,1,0,4,1,16.6,1.15
2025-01-15,Headphones,Kolkata,94,3000,282000,154,40,1,0,2,1,16.6,1.15
2025-01-15,Headphones,Ahmedabad,81,3000,243000,75,40,1,0,3,1,16.6,1.15
2025-01-15,Smartwatch,Hyderabad,55,8000,440000,71,20,1,0,2,1,16.6,1.15
2025-01-15,Smartwatch,Mumbai,56,8000,448000,104,20,1,0,2,1,16.6,1.15
2025-01-15,Smartwatch,Delhi,57,8000,456000,48,20,0,0,5,1,16.6,1.15
2025-01-15,Smartwatch,Bangalore,56,8000,448000,93,20,1,0,5,1,16.6,1.15
2025-01-15,Smartwatch,Chennai,59,8000,472000,67,20,0,0,6,1,16.6,1.15
2025-01-15,Smartwatch,Pune,54,8000,432000,29,20,0,0,3,1,16.6,1.15
2025-01-15,Smartwatch,Kolkata,41,8000,328000,38,20,0,0,3,1,16.6,1.15
2025-01-15,Smartwatch,Ahmedabad,56,8000,448000,75,20,1,0,7,1,16.6,1.15
2025-01-15,Keyboard,Hyderabad,86,1500,129000,140,35,1,0,2,1,16.6,1.15
2025-01-15,Keyboard,Mumbai,98,1500,147000,43,35,1,0,4,1,16.6,1.15
2025-01-15,Keyboard,Delhi,100,1500,150000,48,35,1,0,6,1,16.6,1.15
2025-01-15,Keyboard,Bangalore,90,1500,135000,73,35,1,0,3,1,16.6,1.15
2025-01-15,Keyboard,Chennai,101,1500,151500,131,35,1,0,7,1,16.6,1.15
2025-01-15,Keyboard,Pune,99,1500,148500,10,35,1,1,4,1,16.6,1.15
2025-01-15,Keyboard,Kolkata,102,1500,153000,68,35,1,0,3,1,16.6,1.15
2025-01-15,Keyboard,Ahmedabad,98,1500,147000,97,35,1,0,6,1,16.6,1.15
2025-01-15,Monitor,Hyderabad,54,18000,972000,61,15,0,0,3,1,16.6,1.15
2025-01-15,Monitor,Mumbai,64,18000,1152000,74,15,0,0,7,1,16.6,1.15
2025-01-15,Monitor,Delhi,83,18000,1494000,100,15,1,0,6,1,16.6,1.15
2025-01-15,Monitor,Bangalore,63,18000,1134000,24,15,0,0,4,1,16.6,1.15
2025-01-15,Monitor,Chennai,59,18000,1062000,100,15,1,0,7,1,16.6,1.15
2025-01-15,Monitor,Pune,54,18000,972000,65,15,0,0,6,1,16.6,1.15
2025-01-15,Monitor,Kolkata,56,18000,1008000,101,15,1,0,2,1,16.6,1.15
2025-01-15,Monitor,Ahmedabad,65,18000,1170000,140,15,1,0,4,1,16.6,1.15
2025-01-15,Mouse,Hyderabad,131,800,104800,21,50,1,1,3,1,16.6,1.15
2025-01-15,Mouse,Mumbai,127,800,101600,109,50,1,0,4,1,16.6,1.15
2025-01-15,Mouse,Delhi,121,800,96800,40,50,1,1,4,1,16.6,1.15
2025-01-15,Mouse,Bangalore,123,800,98400,21,50,1,1,5,1,16.6,1.15
2025-01-15,Mouse,Chennai,123,800,98400,15,50,1,1,7,1,16.6,1.15
2025-01-15,Mouse,Pune,123,800,98400,22,50,1,1,2,1,16.6,1.15
2025-01-15,Mouse,Kolkata,120,800,96000,0,50,1,1,5,1,16.6,1.15
2025-01-15,Mouse,Ahmedabad,137,800,109600,0,50,1,1,5,1,16.6,1.15
2025-01-15,Printer,Hyderabad,37,12000,444000,77,10,0,0,7,1,16.6,1.15
2025-01-15,Printer,Mumbai,52,12000,624000,92,10,1,0,5,1,16.6,1.15
2025-01-15,Printer,Delhi,44,12000,528000,76,10,1,0,5,1,16.6,1.15
2025-01-15,Printer,Bangalore,39,12000,468000,91,10,1,0,3,1,16.6,1.15
2025-01-15,Printer,Chennai,23,12000,276000,119,10,0,0,2,1,16.6,1.15
2025-01-15,Printer,Pune,38,12000,456000,20,10,0,0,4,1,16.6,1.15
2025-01-15,Printer,Kolkata,38,12000,456000,60,10,1,0,6,1,16.6,1.15
2025-01-15,Printer,Ahmedabad,25,12000,300000,29,10,0,0,2,1,16.6,1.15
2025-01-15,Speaker,Hyderabad,63,4000,252000,147,25,1,0,4,1,16.6,1.15
2025-01-15,Speaker,Mumbai,76,4000,304000,29,25,0,0,5,1,16.6,1.15
2025-01-15,Speaker,Delhi,65,4000,260000,95,25,1,0,6,1,16.6,1.15
2025-01-15,Speaker,Bangalore,68,4000,272000,133,25,1,0,6,1,16.6,1.15
2025-01-15,Speaker,Chennai,85,4000,340000,82,25,1,0,7,1,16.6,1.15
2025-01-15,Speaker,Pune,81,4000,324000,43,25,0,0,7,1,16.6,1.15
2025-01-15,Speaker,Kolkata,89,4000,356000,74,25,0,0,6,1,16.6,1.15
2025-01-15,Speaker,Ahmedabad,92,4000,368000,98,25,1,0,7,1,16.6,1.15
2025-01-16,Laptop,Hyderabad,51,55000,2805000,24,20,0,0,5,0,0.0,1.15
2025-01-16,Laptop,Mumbai,76,55000,4180000,36,20,0,0,2,0,0.0,1.15
2025-01-16,Laptop,Delhi,52,55000,2860000,44,20,0,0,4,0,0.0,1.15
2025-01-16,Laptop,Bangalore,57,55000,3135000,59,20,1,0,5,0,0.0,1.15
2025-01-16,Laptop,Chennai,54,55000,2970000,36,20,0,0,2,0,0.0,1.15
2025-01-16,Laptop,Pune,58,55000,3190000,121,20,1,0,4,0,0.0,1.15
2025-01-16,Laptop,Kolkata,48,55000,2640000,90,20,0,0,2,0,0.0,1.15
2025-01-16,Laptop,Ahmedabad,59,55000,3245000,104,20,1,0,5,0,0.0,1.15
2025-01-16,Mobile,Hyderabad,100,20000,2000000,0,30,1,1,6,0,0.0,1.15
2025-01-16,Mobile,Mumbai,99,20000,1980000,0,30,1,1,6,0,0.0,1.15
2025-01-16,Mobile,Delhi,92,20000,1840000,17,30,1,1,5,0,0.0,1.15
2025-01-16,Mobile,Bangalore,89,20000,1780000,0,30,1,1,6,0,0.0,1.15
2025-01-16,Mobile,Chennai,89,20000,1780000,76,30,1,0,3,0,0.0,1.15
2025-01-16,Mobile,Pune,83,20000,1660000,111,30,1,0,7,0,0.0,1.15
2025-01-16,Mobile,Kolkata,95,20000,1900000,24,30,1,1,3,0,0.0,1.15
2025-01-16,Mobile,Ahmedabad,103,20000,2060000,0,30,1,1,5,0,0.0,1.15
2025-01-16,Tablet,Hyderabad,69,30000,2070000,102,25,1,0,4,0,0.0,1.15
2025-01-16,Tablet,Mumbai,49,30000,1470000,36,25,1,0,3,0,0.0,1.15
2025-01-16,Tablet,Delhi,63,30000,1890000,120,25,1,0,7,0,0.0,1.15
2025-01-16,Tablet,Bangalore,62,30000,1860000,155,25,1,0,7,0,0.0,1.15
2025-01-16,Tablet,Chennai,47,30000,1410000,36,25,1,0,2,0,0.0,1.15
2025-01-16,Tablet,Pune,46,30000,1380000,31,25,0,0,3,0,0.0,1.15
2025-01-16,Tablet,Kolkata,49,30000,1470000,72,25,1,0,3,0,0.0,1.15
2025-01-16,Tablet,Ahmedabad,47,30000,1410000,25,25,0,0,7,0,0.0,1.15
2025-01-16,Headphones,Hyderabad,80,3000,240000,173,40,1,0,6,0,0.0,1.15
2025-01-16,Headphones,Mumbai,71,3000,213000,104,40,1,0,7,0,0.0,1.15
2025-01-16,Headphones,Delhi,70,3000,210000,93,40,1,0,3,0,0.0,1.15
2025-01-16,Headphones,Bangalore,81,3000,243000,163,40,1,0,6,0,0.0,1.15
2025-01-16,Headphones,Chennai,74,3000,222000,29,40,1,1,2,0,0.0,1.15
2025-01-16,Headphones,Pune,78,3000,234000,54,40,0,0,4,0,0.0,1.15
2025-01-16,Headphones,Kolkata,68,3000,204000,86,40,0,0,7,0,0.0,1.15
2025-01-16,Headphones,Ahmedabad,75,3000,225000,73,40,1,0,3,0,0.0,1.15
2025-01-16,Smartwatch,Hyderabad,45,8000,360000,26,20,0,0,4,0,0.0,1.15
2025-01-16,Smartwatch,Mumbai,46,8000,368000,58,20,0,0,3,0,0.0,1.15
2025-01-16,Smartwatch,Delhi,41,8000,328000,79,20,1,0,2,0,0.0,1.15
2025-01-16,Smartwatch,Bangalore,35,8000,280000,58,20,0,0,5,0,0.0,1.15
2025-01-16,Smartwatch,Chennai,57,8000,456000,103,20,1,0,5,0,0.0,1.15
2025-01-16,Smartwatch,Pune,54,8000,432000,25,20,1,0,5,0,0.0,1.15
2025-01-16,Smartwatch,Kolkata,37,8000,296000,88,20,1,0,6,0,0.0,1.15
2025-01-16,Smartwatch,Ahmedabad,42,8000,336000,33,20,0,0,6,0,0.0,1.15
2025-01-16,Keyboard,Hyderabad,78,1500,117000,62,35,0,0,4,0,0.0,1.15
2025-01-16,Keyboard,Mumbai,62,1500,93000,80,35,1,0,6,0,0.0,1.15
2025-01-16,Keyboard,Delhi,75,1500,112500,102,35,1,0,4,0,0.0,1.15
2025-01-16,Keyboard,Bangalore,84,1500,126000,93,35,1,0,5,0,0.0,1.15
2025-01-16,Keyboard,Chennai,95,1500,142500,36,35,0,0,2,0,0.0,1.15
2025-01-16,Keyboard,Pune,86,1500,129000,39,35,1,0,2,0,0.0,1.15
2025-01-16,Keyboard,Kolkata,82,1500,123000,118,35,1,0,6,0,0.0,1.15
2025-01-16,Keyboard,Ahmedabad,79,1500,118500,168,35,1,0,5,0,0.0,1.15
2025-01-16,Monitor,Hyderabad,64,18000,1152000,62,15,1,0,7,0,0.0,1.15
2025-01-16,Monitor,Mumbai,36,18000,648000,38,15,0,0,6,0,0.0,1.15
2025-01-16,Monitor,Delhi,54,18000,972000,46,15,0,0,5,0,0.0,1.15
2025-01-16,Monitor,Bangalore,46,18000,828000,45,15,1,0,5,0,0.0,1.15
2025-01-16,Monitor,Chennai,62,18000,1116000,38,15,0,0,7,0,0.0,1.15
2025-01-16,Monitor,Pune,46,18000,828000,19,15,0,0,3,0,0.0,1.15
2025-01-16,Monitor,Kolkata,42,18000,756000,59,15,0,0,7,0,0.0,1.15
2025-01-16,Monitor,Ahmedabad,58,18000,1044000,82,15,0,0,2,0,0.0,1.15
2025-01-16,Mouse,Hyderabad,90,800,72000,18,50,1,1,7,0,0.0,1.15
2025-01-16,Mouse,Mumbai,113,800,90400,49,50,1,1,2,0,0.0,1.15
2025-01-16,Mouse,Delhi,111,800,88800,4,50,1,1,4,0,0.0,1.15
2025-01-16,Mouse,Bangalore,98,800,78400,70,50,1,0,4,0,0.0,1.15
2025-01-16,Mouse,Chennai,123,800,98400,0,50,1,1,6,0,0.0,1.15
2025-01-16,Mouse,Pune,106,800,84800,33,50,1,1,7,0,0.0,1.15
2025-01-16,Mouse,Kolkata,105,800,84000,26,50,1,1,3,0,0.0,1.15
2025-01-16,Mouse,Ahmedabad,103,800,82400,0,50,1,1,5,0,0.0,1.15
2025-01-16,Printer,Hyderabad,25,12000,300000,52,10,0,0,2,0,0.0,1.15
2025-01-16,Printer,Mumbai,45,12000,540000,47,10,0,0,7,0,0.0,1.15
2025-01-16,Printer,Delhi,35,12000,420000,41,10,0,0,7,0,0.0,1.15
2025-01-16,Printer,Bangalore,37,12000,444000,54,10,0,0,4,0,0.0,1.15
2025-01-16,Printer,Chennai,40,12000,480000,79,10,0,0,5,0,0.0,1.15
2025-01-16,Printer,Pune,37,12000,444000,112,10,1,0,3,0,0.0,1.15
2025-01-16,Printer,Kolkata,49,12000,588000,11,10,0,0,4,0,0.0,1.15
2025-01-16,Printer,Ahmedabad,30,12000,360000,87,10,1,0,5,0,0.0,1.15
2025-01-16,Speaker,Hyderabad,50,4000,200000,97,25,0,0,5,0,0.0,1.15
2025-01-16,Speaker,Mumbai,69,4000,276000,70,25,1,0,4,0,0.0,1.15
2025-01-16,Speaker,Delhi,67,4000,268000,28,25,0,0,6,0,0.0,1.15
2025-01-16,Speaker,Bangalore,66,4000,264000,67,25,0,0,2,0,0.0,1.15
2025-01-16,Speaker,Chennai,71,4000,284000,142,25,1,0,2,0,0.0,1.15
2025-01-16,Speaker,Pune,67,4000,268000,120,25,1,0,7,0,0.0,1.15
2025-01-16,Speaker,Kolkata,68,4000,272000,139,25,1,0,5,0,0.0,1.15
2025-01-16,Speaker,Ahmedabad,73,4000,292000,25,25,0,0,6,0,0.0,1.15
2025-01-17,Laptop,Hyderabad,56,55000,3080000,87,20,1,0,6,0,0.0,1.15
2025-01-17,Laptop,Mumbai,62,55000,3410000,114,20,1,0,3,0,0.0,1.15
2025-01-17,Laptop,Delhi,60,55000,3300000,132,20,1,0,5,0,0.0,1.15
2025-01-17,Laptop,Bangalore,62,55000,3410000,63,20,1,0,2,0,0.0,1.15
2025-01-17,Laptop,Chennai,71,55000,3905000,62,20,1,0,2,0,0.0,1.15
2025-01-17,Laptop,Pune,53,55000,2915000,68,20,0,0,2,0,0.0,1.15
2025-01-17,Laptop,Kolkata,46,55000,2530000,44,20,0,0,4,0,0.0,1.15
2025-01-17,Laptop,Ahmedabad,49,55000,2695000,55,20,0,0,3,0,0.0,1.15
2025-01-17,Mobile,Hyderabad,97,20000,1940000,0,30,1,1,7,0,0.0,1.15
2025-01-17,Mobile,Mumbai,95,20000,1900000,0,30,1,1,4,0,0.0,1.15
2025-01-17,Mobile,Delhi,90,20000,1800000,6,30,1,1,2,0,0.0,1.15
2025-01-17,Mobile,Bangalore,81,20000,1620000,0,30,1,1,4,0,0.0,1.15
2025-01-17,Mobile,Chennai,90,20000,1800000,115,30,1,0,7,0,0.0,1.15
2025-01-17,Mobile,Pune,96,20000,1920000,108,30,1,0,4,0,0.0,1.15
2025-01-17,Mobile,Kolkata,93,20000,1860000,20,30,1,1,3,0,0.0,1.15
2025-01-17,Mobile,Ahmedabad,91,20000,1820000,0,30,1,1,2,0,0.0,1.15
2025-01-17,Tablet,Hyderabad,67,30000,2010000,35,25,0,0,3,0,0.0,1.15
2025-01-17,Tablet,Mumbai,49,30000,1470000,57,25,1,0,2,0,0.0,1.15
2025-01-17,Tablet,Delhi,52,30000,1560000,68,25,0,0,4,0,0.0,1.15
2025-01-17,Tablet,Bangalore,54,30000,1620000,101,25,0,0,5,0,0.0,1.15
2025-01-17,Tablet,Chennai,43,30000,1290000,111,25,1,0,7,0,0.0,1.15
2025-01-17,Tablet,Pune,60,30000,1800000,59,25,1,0,4,0,0.0,1.15
2025-01-17,Tablet,Kolkata,55,30000,1650000,123,25,1,0,6,0,0.0,1.15
2025-01-17,Tablet,Ahmedabad,59,30000,1770000,56,25,1,0,4,0,0.0,1.15
2025-01-17,Headphones,Hyderabad,82,3000,246000,91,40,0,0,7,0,0.0,1.15
2025-01-17,Headphones,Mumbai,77,3000,231000,106,40,1,0,7,0,0.0,1.15
2025-01-17,Headphones,Delhi,69,3000,207000,138,40,1,0,7,0,0.0,1.15
2025-01-17,Headphones,Bangalore,71,3000,213000,92,40,0,0,4,0,0.0,1.15
2025-01-17,Headphones,Chennai,80,3000,240000,90,40,1,0,2,0,0.0,1.15
2025-01-17,Headphones,Pune,84,3000,252000,62,40,1,0,3,0,0.0,1.15
2025-01-17,Headphones,Kolkata,79,3000,237000,134,40,1,0,6,0,0.0,1.15
2025-01-17,Headphones,Ahmedabad,76,3000,228000,117,40,1,0,3,0,0.0,1.15
2025-01-17,Smartwatch,Hyderabad,54,8000,432000,69,20,1,0,5,0,0.0,1.15
2025-01-17,Smartwatch,Mumbai,58,8000,464000,124,20,1,0,3,0,0.0,1.15
2025-01-17,Smartwatch,Delhi,58,8000,464000,21,20,0,0,3,0,0.0,1.15
2025-01-17,Smartwatch,Bangalore,69,8000,552000,61,20,1,0,4,0,0.0,1.15
2025-01-17,Smartwatch,Chennai,44,8000,352000,59,20,0,0,6,0,0.0,1.15
2025-01-17,Smartwatch,Pune,37,8000,296000,52,20,1,0,6,0,0.0,1.15
2025-01-17,Smartwatch,Kolkata,54,8000,432000,34,20,0,0,2,0,0.0,1.15
2025-01-17,Smartwatch,Ahmedabad,49,8000,392000,134,20,1,0,3,0,0.0,1.15
2025-01-17,Keyboard,Hyderabad,81,1500,121500,96,35,1,0,5,0,0.0,1.15
2025-01-17,Keyboard,Mumbai,91,1500,136500,82,35,1,0,6,0,0.0,1.15
2025-01-17,Keyboard,Delhi,75,1500,112500,160,35,1,0,3,0,0.0,1.15
2025-01-17,Keyboard,Bangalore,81,1500,121500,115,35,1,0,5,0,0.0,1.15
2025-01-17,Keyboard,Chennai,87,1500,130500,80,35,1,0,7,0,0.0,1.15
2025-01-17,Keyboard,Pune,70,1500,105000,54,35,1,0,5,0,0.0,1.15
2025-01-17,Keyboard,Kolkata,84,1500,126000,177,35,1,0,3,0,0.0,1.15
2025-01-17,Keyboard,Ahmedabad,84,1500,126000,84,35,0,0,2,0,0.0,1.15
2025-01-17,Monitor,Hyderabad,52,18000,936000,144,15,1,0,2,0,0.0,1.15
2025-01-17,Monitor,Mumbai,45,18000,810000,45,15,1,0,2,0,0.0,1.15
2025-01-17,Monitor,Delhi,55,18000,990000,41,15,1,0,4,0,0.0,1.15
2025-01-17,Monitor,Bangalore,52,18000,936000,114,15,1,0,5,0,0.0,1.15
2025-01-17,Monitor,Chennai,44,18000,792000,71,15,1,0,3,0,0.0,1.15
2025-01-17,Monitor,Pune,55,18000,990000,73,15,1,0,6,0,0.0,1.15
2025-01-17,Monitor,Kolkata,46,18000,828000,99,15,1,0,7,0,0.0,1.15
2025-01-17,Monitor,Ahmedabad,64,18000,1152000,18,15,0,0,5,0,0.0,1.15
2025-01-17,Mouse,Hyderabad,109,800,87200,0,50,1,1,4,0,0.0,1.15
2025-01-17,Mouse,Mumbai,115,800,92000,14,50,1,1,7,0,0.0,1.15
2025-01-17,Mouse,Delhi,122,800,97600,0,50,1,1,2,0,0.0,1.15
2025-01-17,Mouse,Bangalore,105,800,84000,97,50,1,0,7,0,0.0,1.15
2025-01-17,Mouse,Chennai,98,800,78400,0,50,1,1,4,0,0.0,1.15
2025-01-17,Mouse,Pune,98,800,78400,29,50,1,1,3,0,0.0,1.15
2025-01-17,Mouse,Kolkata,99,800,79200,52,50,1,0,4,0,0.0,1.15
2025-01-17,Mouse,Ahmedabad,126,800,100800,0,50,1,1,5,0,0.0,1.15
2025-01-17,Printer,Hyderabad,39,12000,468000,13,10,0,0,6,0,0.0,1.15
2025-01-17,Printer,Mumbai,42,12000,504000,151,10,1,0,2,0,0.0,1.15
2025-01-17,Printer,Delhi,29,12000,348000,12,10,0,0,5,0,0.0,1.15
2025-01-17,Printer,Bangalore,14,12000,168000,40,10,0,0,7,0,0.0,1.15
2025-01-17,Printer,Chennai,35,12000,420000,44,10,0,0,3,0,0.0,1.15
2025-01-17,Printer,Pune,28,12000,336000,84,10,0,0,3,0,0.0,1.15
2025-01-17,Printer,Kolkata,34,12000,408000,87,10,1,0,5,0,0.0,1.15
2025-01-17,Printer,Ahmedabad,28,12000,336000,59,10,0,0,4,0,0.0,1.15
2025-01-17,Speaker,Hyderabad,77,4000,308000,139,25,1,0,7,0,0.0,1.15
2025-01-17,Speaker,Mumbai,59,4000,236000,121,25,1,0,5,0,0.0,1.15
2025-01-17,Speaker,Delhi,65,4000,260000,47,25,1,0,6,0,0.0,1.15
2025-01-17,Speaker,Bangalore,78,4000,312000,58,25,1,0,2,0,0.0,1.15
2025-01-17,Speaker,Chennai,61,4000,244000,81,25,0,0,2,0,0.0,1.15
2025-01-17,Speaker,Pune,55,4000,220000,65,25,0,0,6,0,0.0,1.15
2025-01-17,Speaker,Kolkata,69,4000,276000,70,25,0,0,6,0,0.0,1.15
2025-01-17,Speaker,Ahmedabad,66,4000,264000,92,25,1,0,4,0,0.0,1.15
2025-01-18,Laptop,Hyderabad,65,55000,3575000,22,20,0,0,6,0,0.0,1.15
2025-01-18,Laptop,Mumbai,61,55000,3355000,53,20,0,0,3,0,0.0,1.15
2025-01-18,Laptop,Delhi,63,55000,3465000,69,20,0,0,7,0,0.0,1.15
2025-01-18,Laptop,Bangalore,54,55000,2970000,104,20,1,0,6,0,0.0,1.15
2025-01-18,Laptop,Chennai,53,55000,2915000,132,20,1,0,6,0,0.0,1.15
2025-01-18,Laptop,Pune,75,55000,4125000,49,20,1,0,6,0,0.0,1.15
2025-01-18,Laptop,Kolkata,63,55000,3465000,72,20,1,0,5,0,0.0,1.15
2025-01-18,Laptop,Ahmedabad,52,55000,2860000,111,20,1,0,5,0,0.0,1.15
2025-01-18,Mobile,Hyderabad,78,20000,1560000,23,30,1,1,6,0,0.0,1.15
2025-01-18,Mobile,Mumbai,98,20000,1960000,23,30,1,1,5,0,0.0,1.15
2025-01-18,Mobile,Delhi,90,20000,1800000,37,30,1,0,3,0,0.0,1.15
2025-01-18,Mobile,Bangalore,87,20000,1740000,7,30,1,1,5,0,0.0,1.15
2025-01-18,Mobile,Chennai,87,20000,1740000,150,30,1,0,7,0,0.0,1.15
2025-01-18,Mobile,Pune,81,20000,1620000,97,30,1,0,2,0,0.0,1.15
2025-01-18,Mobile,Kolkata,98,20000,1960000,36,30,1,0,6,0,0.0,1.15
2025-01-18,Mobile,Ahmedabad,83,20000,1660000,0,30,1,1,4,0,0.0,1.15
2025-01-18,Tablet,Hyderabad,60,30000,1800000,60,25,1,0,7,0,0.0,1.15
2025-01-18,Tablet,Mumbai,66,30000,1980000,70,25,1,0,7,0,0.0,1.15
2025-01-18,Tablet,Delhi,62,30000,1860000,151,25,1,0,6,0,0.0,1.15
2025-01-18,Tablet,Bangalore,47,30000,1410000,54,25,0,0,2,0,0.0,1.15
2025-01-18,Tablet,Chennai,49,30000,1470000,62,25,0,0,4,0,0.0,1.15
2025-01-18,Tablet,Pune,47,30000,1410000,138,25,1,0,2,0,0.0,1.15
2025-01-18,Tablet,Kolkata,56,30000,1680000,67,25,0,0,4,0,0.0,1.15
2025-01-18,Tablet,Ahmedabad,49,30000,1470000,129,25,1,0,4,0,0.0,1.15
2025-01-18,Headphones,Hyderabad,79,3000,237000,87,40,1,0,5,0,0.0,1.15
2025-01-18,Headphones,Mumbai,83,3000,249000,98,40,1,0,7,0,0.0,1.15
2025-01-18,Headphones,Delhi,68,3000,204000,70,40,0,0,5,0,0.0,1.15
2025-01-18,Headphones,Bangalore,78,3000,234000,79,40,1,0,4,0,0.0,1.15
2025-01-18,Headphones,Chennai,76,3000,228000,91,40,1,0,6,0,0.0,1.15
2025-01-18,Headphones,Pune,76,3000,228000,56,40,1,0,7,0,0.0,1.15
2025-01-18,Headphones,Kolkata,82,3000,246000,52,40,0,0,4,0,0.0,1.15
2025-01-18,Headphones,Ahmedabad,76,3000,228000,41,40,0,0,6,0,0.0,1.15
2025-01-18,Smartwatch,Hyderabad,59,8000,472000,70,20,1,0,3,0,0.0,1.15
2025-01-18,Smartwatch,Mumbai,52,8000,416000,72,20,0,0,4,0,0.0,1.15
2025-01-18,Smartwatch,Delhi,33,8000,264000,95,20,1,0,2,0,0.0,1.15
2025-01-18,Smartwatch,Bangalore,47,8000,376000,141,20,1,0,3,0,0.0,1.15
2025-01-18,Smartwatch,Chennai,42,8000,336000,87,20,1,0,4,0,0.0,1.15
2025-01-18,Smartwatch,Pune,48,8000,384000,97,20,1,0,3,0,0.0,1.15
2025-01-18,Smartwatch,Kolkata,38,8000,304000,80,20,1,0,5,0,0.0,1.15
2025-01-18,Smartwatch,Ahmedabad,49,8000,392000,85,20,0,0,7,0,0.0,1.15
2025-01-18,Keyboard,Hyderabad,62,1500,93000,121,35,1,0,6,0,0.0,1.15
2025-01-18,Keyboard,Mumbai,84,1500,126000,97,35,1,0,4,0,0.0,1.15
2025-01-18,Keyboard,Delhi,80,1500,120000,80,35,0,0,2,0,0.0,1.15
2025-01-18,Keyboard,Bangalore,74,1500,111000,41,35,0,0,2,0,0.0,1.15
2025-01-18,Keyboard,Chennai,86,1500,129000,108,35,1,0,5,0,0.0,1.15
2025-01-18,Keyboard,Pune,80,1500,120000,28,35,1,1,5,0,0.0,1.15
2025-01-18,Keyboard,Kolkata,85,1500,127500,92,35,0,0,6,0,0.0,1.15
2025-01-18,Keyboard,Ahmedabad,75,1500,112500,130,35,1,0,6,0,0.0,1.15
2025-01-18,Monitor,Hyderabad,49,18000,882000,95,15,0,0,2,0,0.0,1.15
2025-01-18,Monitor,Mumbai,50,18000,900000,82,15,1,0,4,0,0.0,1.15
2025-01-18,Monitor,Delhi,38,18000,684000,66,15,1,0,5,0,0.0,1.15
2025-01-18,Monitor,Bangalore,56,18000,1008000,58,15,0,0,3,0,0.0,1.15
2025-01-18,Monitor,Chennai,52,18000,936000,19,15,0,0,6,0,0.0,1.15
2025-01-18,Monitor,Pune,65,18000,1170000,117,15,1,0,7,0,0.0,1.15
2025-01-18,Monitor,Kolkata,52,18000,936000,47,15,0,0,5,0,0.0,1.15
2025-01-18,Monitor,Ahmedabad,52,18000,936000,49,15,1,0,6,0,0.0,1.15
2025-01-18,Mouse,Hyderabad,104,800,83200,0,50,1,1,2,0,0.0,1.15
2025-01-18,Mouse,Mumbai,97,800,77600,0,50,1,1,5,0,0.0,1.15
2025-01-18,Mouse,Delhi,100,800,80000,46,50,1,1,6,0,0.0,1.15
2025-01-18,Mouse,Bangalore,95,800,76000,72,50,1,0,7,0,0.0,1.15
2025-01-18,Mouse,Chennai,101,800,80800,0,50,1,1,6,0,0.0,1.15
2025-01-18,Mouse,Pune,105,800,84000,0,50,1,1,6,0,0.0,1.15
2025-01-18,Mouse,Kolkata,104,800,83200,69,50,1,0,4,0,0.0,1.15
2025-01-18,Mouse,Ahmedabad,98,800,78400,11,50,1,1,6,0,0.0,1.15
2025-01-18,Printer,Hyderabad,31,12000,372000,105,10,1,0,6,0,0.0,1.15
2025-01-18,Printer,Mumbai,35,12000,420000,116,10,0,0,3,0,0.0,1.15
2025-01-18,Printer,Delhi,26,12000,312000,107,10,1,0,3,0,0.0,1.15
2025-01-18,Printer,Bangalore,42,12000,504000,113,10,1,0,3,0,0.0,1.15
2025-01-18,Printer,Chennai,35,12000,420000,155,10,1,0,7,0,0.0,1.15
2025-01-18,Printer,Pune,39,12000,468000,45,10,0,0,2,0,0.0,1.15
2025-01-18,Printer,Kolkata,40,12000,480000,47,10,0,0,7,0,0.0,1.15
2025-01-18,Printer,Ahmedabad,38,12000,456000,21,10,0,0,2,0,0.0,1.15
2025-01-18,Speaker,Hyderabad,60,4000,240000,79,25,0,0,3,0,0.0,1.15
2025-01-18,Speaker,Mumbai,82,4000,328000,39,25,0,0,4,0,0.0,1.15
2025-01-18,Speaker,Delhi,51,4000,204000,47,25,1,0,5,0,0.0,1.15
2025-01-18,Speaker,Bangalore,69,4000,276000,109,25,1,0,5,0,0.0,1.15
2025-01-18,Speaker,Chennai,70,4000,280000,153,25,1,0,5,0,0.0,1.15
2025-01-18,Speaker,Pune,66,4000,264000,62,25,1,0,7,0,0.0,1.15
2025-01-18,Speaker,Kolkata,88,4000,352000,126,25,1,0,3,0,0.0,1.15
2025-01-18,Speaker,Ahmedabad,76,4000,304000,166,25,1,0,5,0,0.0,1.15
2025-01-19,Laptop,Hyderabad,45,55000,2475000,86,20,1,0,7,0,0.0,1.15
2025-01-19,Laptop,Mumbai,61,55000,3355000,87,20,1,0,2,0,0.0,1.15
2025-01-19,Laptop,Delhi,53,55000,2915000,162,20,1,0,4,0,0.0,1.15
2025-01-19,Laptop,Bangalore,66,55000,3630000,38,20,0,0,5,0,0.0,1.15
2025-01-19,Laptop,Chennai,70,55000,3850000,62,20,0,0,5,0,0.0,1.15
2025-01-19,Laptop,Pune,66,55000,3630000,110,20,1,0,3,0,0.0,1.15
2025-01-19,Laptop,Kolkata,80,55000,4400000,109,20,1,0,5,0,0.0,1.15
2025-01-19,Laptop,Ahmedabad,53,55000,2915000,58,20,0,0,4,0,0.0,1.15
2025-01-19,Mobile,Hyderabad,95,20000,1900000,52,30,1,0,2,0,0.0,1.15
2025-01-19,Mobile,Mumbai,96,20000,1920000,0,30,1,1,5,0,0.0,1.15
2025-01-19,Mobile,Delhi,88,20000,1760000,57,30,1,0,3,0,0.0,1.15
2025-01-19,Mobile,Bangalore,90,20000,1800000,8,30,1,1,7,0,0.0,1.15
2025-01-19,Mobile,Chennai,89,20000,1780000,61,30,0,0,2,0,0.0,1.15
2025-01-19,Mobile,Pune,100,20000,2000000,123,30,1,0,3,0,0.0,1.15
2025-01-19,Mobile,Kolkata,85,20000,1700000,37,30,1,0,3,0,0.0,1.15
2025-01-19,Mobile,Ahmedabad,84,20000,1680000,14,30,1,1,5,0,0.0,1.15
2025-01-19,Tablet,Hyderabad,50,30000,1500000,77,25,1,0,4,0,0.0,1.15
2025-01-19,Tablet,Mumbai,50,30000,1500000,100,25,1,0,6,0,0.0,1.15
2025-01-19,Tablet,Delhi,59,30000,1770000,92,25,0,0,5,0,0.0,1.15
2025-01-19,Tablet,Bangalore,60,30000,1800000,109,25,1,0,6,0,0.0,1.15
2025-01-19,Tablet,Chennai,65,30000,1950000,123,25,1,0,6,0,0.0,1.15
2025-01-19,Tablet,Pune,55,30000,1650000,83,25,0,0,5,0,0.0,1.15
2025-01-19,Tablet,Kolkata,43,30000,1290000,102,25,1,0,2,0,0.0,1.15
2025-01-19,Tablet,Ahmedabad,56,30000,1680000,73,25,0,0,6,0,0.0,1.15
2025-01-19,Headphones,Hyderabad,83,3000,249000,103,40,1,0,4,0,0.0,1.15
2025-01-19,Headphones,Mumbai,79,3000,237000,138,40,1,0,5,0,0.0,1.15
2025-01-19,Headphones,Delhi,80,3000,240000,121,40,1,0,5,0,0.0,1.15
2025-01-19,Headphones,Bangalore,85,3000,255000,53,40,1,0,5,0,0.0,1.15
2025-01-19,Headphones,Chennai,74,3000,222000,133,40,1,0,2,0,0.0,1.15
2025-01-19,Headphones,Pune,69,3000,207000,125,40,1,0,4,0,0.0,1.15
2025-01-19,Headphones,Kolkata,75,3000,225000,85,40,1,0,2,0,0.0,1.15
2025-01-19,Headphones,Ahmedabad,64,3000,192000,69,40,1,0,5,0,0.0,1.15
2025-01-19,Smartwatch,Hyderabad,44,8000,352000,26,20,0,0,5,0,0.0,1.15
2025-01-19,Smartwatch,Mumbai,48,8000,384000,24,20,0,0,2,0,0.0,1.15
2025-01-19,Smartwatch,Delhi,42,8000,336000,53,20,0,0,2,0,0.0,1.15
2025-01-19,Smartwatch,Bangalore,51,8000,408000,90,20,0,0,3,0,0.0,1.15
2025-01-19,Smartwatch,Chennai,50,8000,400000,37,20,0,0,7,0,0.0,1.15
2025-01-19,Smartwatch,Pune,43,8000,344000,54,20,0,0,6,0,0.0,1.15
2025-01-19,Smartwatch,Kolkata,47,8000,376000,33,20,0,0,4,0,0.0,1.15
2025-01-19,Smartwatch,Ahmedabad,43,8000,344000,42,20,0,0,3,0,0.0,1.15
2025-01-19,Keyboard,Hyderabad,87,1500,130500,166,35,1,0,3,0,0.0,1.15
2025-01-19,Keyboard,Mumbai,82,1500,123000,82,35,1,0,6,0,0.0,1.15
2025-01-19,Keyboard,Delhi,94,1500,141000,106,35,1,0,2,0,0.0,1.15
2025-01-19,Keyboard,Bangalore,71,1500,106500,105,35,1,0,4,0,0.0,1.15
2025-01-19,Keyboard,Chennai,81,1500,121500,144,35,1,0,7,0,0.0,1.15
2025-01-19,Keyboard,Pune,79,1500,118500,21,35,1,1,3,0,0.0,1.15
2025-01-19,Keyboard,Kolkata,82,1500,123000,142,35,1,0,3,0,0.0,1.15
2025-01-19,Keyboard,Ahmedabad,93,1500,139500,37,35,0,0,6,0,0.0,1.15
2025-01-19,Monitor,Hyderabad,53,18000,954000,42,15,0,0,6,0,0.0,1.15
2025-01-19,Monitor,Mumbai,59,18000,1062000,23,15,0,0,2,0,0.0,1.15
2025-01-19,Monitor,Delhi,53,18000,954000,97,15,1,0,7,0,0.0,1.15
2025-01-19,Monitor,Bangalore,59,18000,1062000,56,15,1,0,5,0,0.0,1.15
2025-01-19,Monitor,Chennai,52,18000,936000,29,15,1,0,7,0,0.0,1.15
2025-01-19,Monitor,Pune,56,18000,1008000,61,15,0,0,5,0,0.0,1.15
2025-01-19,Monitor,Kolkata,62,18000,1116000,102,15,1,0,5,0,0.0,1.15
2025-01-19,Monitor,Ahmedabad,58,18000,1044000,88,15,1,0,2,0,0.0,1.15
2025-01-19,Mouse,Hyderabad,99,800,79200,0,50,1,1,6,0,0.0,1.15
2025-01-19,Mouse,Mumbai,109,800,87200,0,50,1,1,7,0,0.0,1.15
2025-01-19,Mouse,Delhi,88,800,70400,75,50,1,0,3,0,0.0,1.15
2025-01-19,Mouse,Bangalore,107,800,85600,107,50,1,0,5,0,0.0,1.15
2025-01-19,Mouse,Chennai,118,800,94400,0,50,1,1,4,0,0.0,1.15
2025-01-19,Mouse,Pune,105,800,84000,0,50,1,1,5,0,0.0,1.15
2025-01-19,Mouse,Kolkata,115,800,92000,46,50,1,1,5,0,0.0,1.15
2025-01-19,Mouse,Ahmedabad,104,800,83200,46,50,1,1,2,0,0.0,1.15
2025-01-19,Printer,Hyderabad,34,12000,408000,71,10,0,0,3,0,0.0,1.15
2025-01-19,Printer,Mumbai,42,12000,504000,74,10,0,0,5,0,0.0,1.15
2025-01-19,Printer,Delhi,42,12000,504000,65,10,0,0,3,0,0.0,1.15
2025-01-19,Printer,Bangalore,29,12000,348000,84,10,0,0,3,0,0.0,1.15
2025-01-19,Printer,Chennai,29,12000,348000,126,10,0,0,3,0,0.0,1.15
2025-01-19,Printer,Pune,30,12000,360000,15,10,0,0,3,0,0.0,1.15
2025-01-19,Printer,Kolkata,23,12000,276000,24,10,0,0,3,0,0.0,1.15
2025-01-19,Printer,Ahmedabad,47,12000,564000,104,10,1,0,6,0,0.0,1.15
2025-01-19,Speaker,Hyderabad,72,4000,288000,96,25,1,0,6,0,0.0,1.15
2025-01-19,Speaker,Mumbai,67,4000,268000,67,25,1,0,2,0,0.0,1.15
2025-01-19,Speaker,Delhi,68,4000,272000,101,25,1,0,7,0,0.0,1.15
2025-01-19,Speaker,Bangalore,72,4000,288000,37,25,0,0,4,0,0.0,1.15
2025-01-19,Speaker,Chennai,78,4000,312000,75,25,0,0,7,0,0.0,1.15
2025-01-19,Speaker,Pune,80,4000,320000,76,25,1,0,2,0,0.0,1.15
2025-01-19,Speaker,Kolkata,70,4000,280000,56,25,0,0,7,0,0.0,1.15
2025-01-19,Speaker,Ahmedabad,68,4000,272000,98,25,0,0,2,0,0.0,1.15
2025-01-20,Laptop,Hyderabad,75,55000,4125000,84,20,1,0,7,0,0.0,1.15
2025-01-20,Laptop,Mumbai,59,55000,3245000,28,20,0,0,5,0,0.0,1.15
2025-01-20,Laptop,Delhi,62,55000,3410000,100,20,0,0,6,0,0.0,1.15
2025-01-20,Laptop,Bangalore,62,55000,3410000,27,20,1,0,5,0,0.0,1.15
2025-01-20,Laptop,Chennai,58,55000,3190000,97,20,1,0,5,0,0.0,1.15
2025-01-20,Laptop,Pune,65,55000,3575000,45,20,0,0,5,0,0.0,1.15
2025-01-20,Laptop,Kolkata,58,55000,3190000,51,20,0,0,4,0,0.0,1.15
2025-01-20,Laptop,Ahmedabad,76,55000,4180000,42,20,1,0,6,0,0.0,1.15
2025-01-20,Mobile,Hyderabad,99,20000,1980000,18,30,1,1,6,0,0.0,1.15
2025-01-20,Mobile,Mumbai,86,20000,1720000,0,30,1,1,2,0,0.0,1.15
2025-01-20,Mobile,Delhi,77,20000,1540000,91,30,1,0,4,0,0.0,1.15
2025-01-20,Mobile,Bangalore,95,20000,1900000,0,30,1,1,3,0,0.0,1.15
2025-01-20,Mobile,Chennai,98,20000,1960000,109,30,1,0,4,0,0.0,1.15
2025-01-20,Mobile,Pune,102,20000,2040000,99,30,1,0,4,0,0.0,1.15
2025-01-20,Mobile,Kolkata,80,20000,1600000,55,30,1,0,4,0,0.0,1.15
2025-01-20,Mobile,Ahmedabad,91,20000,1820000,17,30,1,1,6,0,0.0,1.15
2025-01-20,Tablet,Hyderabad,51,30000,1530000,26,25,0,0,6,0,0.0,1.15
2025-01-20,Tablet,Mumbai,57,30000,1710000,43,25,0,0,7,0,0.0,1.15
2025-01-20,Tablet,Delhi,51,30000,1530000,41,25,0,0,5,0,0.0,1.15
2025-01-20,Tablet,Bangalore,56,30000,1680000,53,25,0,0,3,0,0.0,1.15
2025-01-20,Tablet,Chennai,44,30000,1320000,79,25,0,0,7,0,0.0,1.15
2025-01-20,Tablet,Pune,56,30000,1680000,27,25,0,0,3,0,0.0,1.15
2025-01-20,Tablet,Kolkata,60,30000,1800000,42,25,0,0,4,0,0.0,1.15
2025-01-20,Tablet,Ahmedabad,50,30000,1500000,146,25,1,0,4,0,0.0,1.15
2025-01-20,Headphones,Hyderabad,84,3000,252000,74,40,1,0,4,0,0.0,1.15
2025-01-20,Headphones,Mumbai,52,3000,156000,86,40,0,0,3,0,0.0,1.15
2025-01-20,Headphones,Delhi,87,3000,261000,111,40,1,0,7,0,0.0,1.15
2025-01-20,Headphones,Bangalore,67,3000,201000,55,40,1,0,6,0,0.0,1.15
2025-01-20,Headphones,Chennai,74,3000,222000,59,40,0,0,6,0,0.0,1.15
2025-01-20,Headphones,Pune,73,3000,219000,52,40,0,0,2,0,0.0,1.15
2025-01-20,Headphones,Kolkata,81,3000,243000,84,40,1,0,3,0,0.0,1.15
2025-01-20,Headphones,Ahmedabad,79,3000,237000,78,40,1,0,2,0,0.0,1.15
2025-01-20,Smartwatch,Hyderabad,32,8000,256000,126,20,1,0,5,0,0.0,1.15
2025-01-20,Smartwatch,Mumbai,56,8000,448000,20,20,1,0,6,0,0.0,1.15
2025-01-20,Smartwatch,Delhi,45,8000,360000,126,20,1,0,7,0,0.0,1.15
2025-01-20,Smartwatch,Bangalore,47,8000,376000,43,20,0,0,3,0,0.0,1.15
2025-01-20,Smartwatch,Chennai,59,8000,472000,44,20,1,0,6,0,0.0,1.15
2025-01-20,Smartwatch,Pune,40,8000,320000,138,20,1,0,6,0,0.0,1.15
2025-01-20,Smartwatch,Kolkata,40,8000,320000,131,20,1,0,4,0,0.0,1.15
2025-01-20,Smartwatch,Ahmedabad,47,8000,376000,47,20,1,0,7,0,0.0,1.15
2025-01-20,Keyboard,Hyderabad,81,1500,121500,85,35,0,0,4,0,0.0,1.15
2025-01-20,Keyboard,Mumbai,71,1500,106500,101,35,1,0,5,0,0.0,1.15
2025-01-20,Keyboard,Delhi,73,1500,109500,107,35,1,0,3,0,0.0,1.15
2025-01-20,Keyboard,Bangalore,80,1500,120000,91,35,1,0,6,0,0.0,1.15
2025-01-20,Keyboard,Chennai,79,1500,118500,65,35,0,0,6,0,0.0,1.15
2025-01-20,Keyboard,Pune,96,1500,144000,25,35,1,1,3,0,0.0,1.15
2025-01-20,Keyboard,Kolkata,74,1500,111000,68,35,0,0,2,0,0.0,1.15
2025-01-20,Keyboard,Ahmedabad,77,1500,115500,43,35,1,0,2,0,0.0,1.15
2025-01-20,Monitor,Hyderabad,47,18000,846000,142,15,1,0,4,0,0.0,1.15
2025-01-20,Monitor,Mumbai,50,18000,900000,111,15,1,0,6,0,0.0,1.15
2025-01-20,Monitor,Delhi,43,18000,774000,54,15,0,0,5,0,0.0,1.15
2025-01-20,Monitor,Bangalore,53,18000,954000,58,15,1,0,5,0,0.0,1.15
2025-01-20,Monitor,Chennai,46,18000,828000,88,15,1,0,5,0,0.0,1.15
2025-01-20,Monitor,Pune,47,18000,846000,130,15,1,0,4,0,0.0,1.15
2025-01-20,Monitor,Kolkata,46,18000,828000,56,15,0,0,2,0,0.0,1.15
2025-01-20,Monitor,Ahmedabad,52,18000,936000,36,15,0,0,3,0,0.0,1.15
2025-01-20,Mouse,Hyderabad,119,800,95200,29,50,1,1,5,0,0.0,1.15
2025-01-20,Mouse,Mumbai,94,800,75200,55,50,1,0,4,0,0.0,1.15
2025-01-20,Mouse,Delhi,100,800,80000,115,50,1,0,2,0,0.0,1.15
2025-01-20,Mouse,Bangalore,113,800,90400,46,50,1,1,4,0,0.0,1.15
2025-01-20,Mouse,Chennai,100,800,80000,30,50,1,1,6,0,0.0,1.15
2025-01-20,Mouse,Pune,111,800,88800,0,50,1,1,3,0,0.0,1.15
2025-01-20,Mouse,Kolkata,97,800,77600,54,50,1,0,2,0,0.0,1.15
2025-01-20,Mouse,Ahmedabad,94,800,75200,27,50,1,1,7,0,0.0,1.15
2025-01-20,Printer,Hyderabad,37,12000,444000,34,10,0,0,4,0,0.0,1.15
2025-01-20,Printer,Mumbai,29,12000,348000,45,10,0,0,4,0,0.0,1.15
2025-01-20,Printer,Delhi,35,12000,420000,30,10,0,0,2,0,0.0,1.15
2025-01-20,Printer,Bangalore,23,12000,276000,61,10,0,0,7,0,0.0,1.15
2025-01-20,Printer,Chennai,38,12000,456000,88,10,0,0,4,0,0.0,1.15
2025-01-20,Printer,Pune,39,12000,468000,36,10,1,0,2,0,0.0,1.15
2025-01-20,Printer,Kolkata,30,12000,360000,110,10,1,0,7,0,0.0,1.15
2025-01-20,Printer,Ahmedabad,36,12000,432000,68,10,0,0,7,0,0.0,1.15
2025-01-20,Speaker,Hyderabad,66,4000,264000,30,25,0,0,7,0,0.0,1.15
2025-01-20,Speaker,Mumbai,52,4000,208000,107,25,1,0,7,0,0.0,1.15
2025-01-20,Speaker,Delhi,74,4000,296000,27,25,0,0,5,0,0.0,1.15
2025-01-20,Speaker,Bangalore,76,4000,304000,34,25,1,0,7,0,0.0,1.15
2025-01-20,Speaker,Chennai,62,4000,248000,140,25,1,0,3,0,0.0,1.15
2025-01-20,Speaker,Pune,77,4000,308000,69,25,1,0,6,0,0.0,1.15
2025-01-20,Speaker,Kolkata,62,4000,248000,114,25,1,0,4,0,0.0,1.15
2025-01-20,Speaker,Ahmedabad,74,4000,296000,113,25,1,0,2,0,0.0,1.15
2025-01-21,Laptop,Hyderabad,76,55000,4180000,105,20,1,0,4,0,0.0,1.15
2025-01-21,Laptop,Mumbai,60,55000,3300000,23,20,1,0,4,0,0.0,1.15
2025-01-21,Laptop,Delhi,68,55000,3740000,32,20,0,0,6,0,0.0,1.15
2025-01-21,Laptop,Bangalore,53,55000,2915000,34,20,1,0,2,0,0.0,1.15
2025-01-21,Laptop,Chennai,69,55000,3795000,28,20,0,0,4,0,0.0,1.15
2025-01-21,Laptop,Pune,60,55000,3300000,49,20,1,0,3,0,0.0,1.15
2025-01-21,Laptop,Kolkata,75,55000,4125000,80,20,1,0,7,0,0.0,1.15
2025-01-21,Laptop,Ahmedabad,68,55000,3740000,60,20,1,0,6,0,0.0,1.15
2025-01-21,Mobile,Hyderabad,91,20000,1820000,0,30,1,1,2,0,0.0,1.15
2025-01-21,Mobile,Mumbai,102,20000,2040000,14,30,1,1,2,0,0.0,1.15
2025-01-21,Mobile,Delhi,102,20000,2040000,61,30,1,0,4,0,0.0,1.15
2025-01-21,Mobile,Bangalore,97,20000,1940000,0,30,1,1,2,0,0.0,1.15
2025-01-21,Mobile,Chennai,73,20000,1460000,36,30,0,0,4,0,0.0,1.15
2025-01-21,Mobile,Pune,84,20000,1680000,101,30,1,0,5,0,0.0,1.15
2025-01-21,Mobile,Kolkata,97,20000,1940000,36,30,1,0,3,0,0.0,1.15
2025-01-21,Mobile,Ahmedabad,92,20000,1840000,0,30,1,1,3,0,0.0,1.15
2025-01-21,Tablet,Hyderabad,43,30000,1290000,36,25,1,0,6,0,0.0,1.15
2025-01-21,Tablet,Mumbai,63,30000,1890000,35,25,1,0,4,0,0.0,1.15
2025-01-21,Tablet,Delhi,47,30000,1410000,115,25,1,0,3,0,0.0,1.15
2025-01-21,Tablet,Bangalore,55,30000,1650000,65,25,1,0,7,0,0.0,1.15
2025-01-21,Tablet,Chennai,68,30000,2040000,144,25,1,0,7,0,0.0,1.15
2025-01-21,Tablet,Pune,48,30000,1440000,57,25,1,0,3,0,0.0,1.15
2025-01-21,Tablet,Kolkata,49,30000,1470000,49,25,1,0,5,0,0.0,1.15
2025-01-21,Tablet,Ahmedabad,54,30000,1620000,92,25,0,0,7,0,0.0,1.15
2025-01-21,Headphones,Hyderabad,81,3000,243000,132,40,1,0,3,0,0.0,1.15
2025-01-21,Headphones,Mumbai,78,3000,234000,141,40,1,0,3,0,0.0,1.15
2025-01-21,Headphones,Delhi,69,3000,207000,42,40,0,0,4,0,0.0,1.15
2025-01-21,Headphones,Bangalore,65,3000,195000,107,40,1,0,4,0,0.0,1.15
2025-01-21,Headphones,Chennai,69,3000,207000,113,40,1,0,5,0,0.0,1.15
2025-01-21,Headphones,Pune,76,3000,228000,28,40,1,1,4,0,0.0,1.15
2025-01-21,Headphones,Kolkata,77,3000,231000,76,40,1,0,7,0,0.0,1.15
2025-01-21,Headphones,Ahmedabad,74,3000,222000,90,40,1,0,5,0,0.0,1.15
2025-01-21,Smartwatch,Hyderabad,45,8000,360000,81,20,0,0,4,0,0.0,1.15
2025-01-21,Smartwatch,Mumbai,44,8000,352000,27,20,1,0,6,0,0.0,1.15
2025-01-21,Smartwatch,Delhi,58,8000,464000,68,20,0,0,2,0,0.0,1.15
2025-01-21,Smartwatch,Bangalore,57,8000,456000,131,20,1,0,6,0,0.0,1.15
2025-01-21,Smartwatch,Chennai,36,8000,288000,69,20,1,0,2,0,0.0,1.15
2025-01-21,Smartwatch,Pune,37,8000,296000,101,20,0,0,5,0,0.0,1.15
2025-01-21,Smartwatch,Kolkata,46,8000,368000,85,20,0,0,6,0,0.0,1.15
2025-01-21,Smartwatch,Ahmedabad,48,8000,384000,103,20,1,0,2,0,0.0,1.15
2025-01-21,Keyboard,Hyderabad,93,1500,139500,80,35,1,0,7,0,0.0,1.15
2025-01-21,Keyboard,Mumbai,73,1500,109500,115,35,1,0,7,0,0.0,1.15
2025-01-21,Keyboard,Delhi,69,1500,103500,38,35,0,0,4,0,0.0,1.15
2025-01-21,Keyboard,Bangalore,88,1500,132000,116,35,1,0,4,0,0.0,1.15
2025-01-21,Keyboard,Chennai,77,1500,115500,79,35,1,0,3,0,0.0,1.15
2025-01-21,Keyboard,Pune,88,1500,132000,44,35,1,0,6,0,0.0,1.15
2025-01-21,Keyboard,Kolkata,56,1500,84000,116,35,1,0,7,0,0.0,1.15
2025-01-21,Keyboard,Ahmedabad,100,1500,150000,16,35,1,1,2,0,0.0,1.15
2025-01-21,Monitor,Hyderabad,52,18000,936000,90,15,0,0,2,0,0.0,1.15
2025-01-21,Monitor,Mumbai,38,18000,684000,73,15,0,0,3,0,0.0,1.15
2025-01-21,Monitor,Delhi,48,18000,864000,144,15,1,0,7,0,0.0,1.15
2025-01-21,Monitor,Bangalore,48,18000,864000,129,15,1,0,3,0,0.0,1.15
2025-01-21,Monitor,Chennai,50,18000,900000,38,15,0,0,4,0,0.0,1.15
2025-01-21,Monitor,Pune,53,18000,954000,77,15,0,0,6,0,0.0,1.15
2025-01-21,Monitor,Kolkata,52,18000,936000,133,15,1,0,3,0,0.0,1.15
2025-01-21,Monitor,Ahmedabad,42,18000,756000,112,15,1,0,5,0,0.0,1.15
2025-01-21,Mouse,Hyderabad,99,800,79200,38,50,1,1,2,0,0.0,1.15
2025-01-21,Mouse,Mumbai,107,800,85600,2,50,1,1,4,0,0.0,1.15
2025-01-21,Mouse,Delhi,99,800,79200,110,50,1,0,5,0,0.0,1.15
2025-01-21,Mouse,Bangalore,109,800,87200,66,50,1,0,6,0,0.0,1.15
2025-01-21,Mouse,Chennai,105,800,84000,0,50,1,1,2,0,0.0,1.15
2025-01-21,Mouse,Pune,98,800,78400,47,50,1,1,5,0,0.0,1.15
2025-01-21,Mouse,Kolkata,107,800,85600,97,50,1,0,2,0,0.0,1.15
2025-01-21,Mouse,Ahmedabad,108,800,86400,0,50,1,1,2,0,0.0,1.15
2025-01-21,Printer,Hyderabad,22,12000,264000,12,10,0,0,7,0,0.0,1.15
2025-01-21,Printer,Mumbai,36,12000,432000,137,10,1,0,7,0,0.0,1.15
2025-01-21,Printer,Delhi,47,12000,564000,54,10,1,0,2,0,0.0,1.15
2025-01-21,Printer,Bangalore,45,12000,540000,16,10,0,0,3,0,0.0,1.15
2025-01-21,Printer,Chennai,48,12000,576000,40,10,0,0,2,0,0.0,1.15
2025-01-21,Printer,Pune,24,12000,288000,12,10,0,0,4,0,0.0,1.15
2025-01-21,Printer,Kolkata,45,12000,540000,65,10,0,0,3,0,0.0,1.15
2025-01-21,Printer,Ahmedabad,41,12000,492000,27,10,0,0,6,0,0.0,1.15
2025-01-21,Speaker,Hyderabad,84,4000,336000,2,25,1,1,6,0,0.0,1.15
2025-01-21,Speaker,Mumbai,75,4000,300000,32,25,0,0,4,0,0.0,1.15
2025-01-21,Speaker,Delhi,56,4000,224000,44,25,1,0,3,0,0.0,1.15
2025-01-21,Speaker,Bangalore,46,4000,184000,75,25,1,0,6,0,0.0,1.15
2025-01-21,Speaker,Chennai,75,4000,300000,65,25,0,0,4,0,0.0,1.15
2025-01-21,Speaker,Pune,73,4000,292000,105,25,1,0,2,0,0.0,1.15
2025-01-21,Speaker,Kolkata,77,4000,308000,37,25,0,0,2,0,0.0,1.15
2025-01-21,Speaker,Ahmedabad,77,4000,308000,36,25,0,0,3,0,0.0,1.15
2025-01-22,Laptop,Hyderabad,63,55000,3465000,42,20,0,0,6,0,0.0,1.15
2025-01-22,Laptop,Mumbai,62,55000,3410000,64,20,1,0,7,0,0.0,1.15
2025-01-22,Laptop,Delhi,63,55000,3465000,116,20,1,0,5,0,0.0,1.15
2025-01-22,Laptop,Bangalore,63,55000,3465000,89,20,1,0,4,0,0.0,1.15
2025-01-22,Laptop,Chennai,73,55000,4015000,6,20,1,1,3,0,0.0,1.15
2025-01-22,Laptop,Pune,72,55000,3960000,112,20,1,0,6,0,0.0,1.15
2025-01-22,Laptop,Kolkata,58,55000,3190000,22,20,0,0,2,0,0.0,1.15
2025-01-22,Laptop,Ahmedabad,58,55000,3190000,56,20,1,0,2,0,0.0,1.15
2025-01-22,Mobile,Hyderabad,93,20000,1860000,0,30,1,1,7,0,0.0,1.15
2025-01-22,Mobile,Mumbai,86,20000,1720000,0,30,1,1,4,0,0.0,1.15
2025-01-22,Mobile,Delhi,91,20000,1820000,78,30,1,0,3,0,0.0,1.15
2025-01-22,Mobile,Bangalore,93,20000,1860000,37,30,1,0,4,0,0.0,1.15
2025-01-22,Mobile,Chennai,91,20000,1820000,11,30,1,1,7,0,0.0,1.15
2025-01-22,Mobile,Pune,84,20000,1680000,135,30,1,0,5,0,0.0,1.15
2025-01-22,Mobile,Kolkata,86,20000,1720000,73,30,1,0,5,0,0.0,1.15
2025-01-22,Mobile,Ahmedabad,96,20000,1920000,0,30,1,1,3,0,0.0,1.15
2025-01-22,Tablet,Hyderabad,44,30000,1320000,77,25,1,0,3,0,0.0,1.15
2025-01-22,Tablet,Mumbai,50,30000,1500000,129,25,1,0,4,0,0.0,1.15
2025-01-22,Tablet,Delhi,50,30000,1500000,65,25,0,0,5,0,0.0,1.15
2025-01-22,Tablet,Bangalore,45,30000,1350000,150,25,1,0,7,0,0.0,1.15
2025-01-22,Tablet,Chennai,56,30000,1680000,88,25,0,0,4,0,0.0,1.15
2025-01-22,Tablet,Pune,60,30000,1800000,49,25,1,0,5,0,0.0,1.15
2025-01-22,Tablet,Kolkata,77,30000,2310000,113,25,1,0,3,0,0.0,1.15
2025-01-22,Tablet,Ahmedabad,43,30000,1290000,49,25,0,0,5,0,0.0,1.15
2025-01-22,Headphones,Hyderabad,67,3000,201000,65,40,0,0,4,0,0.0,1.15
2025-01-22,Headphones,Mumbai,64,3000,192000,77,40,0,0,3,0,0.0,1.15
2025-01-22,Headphones,Delhi,82,3000,246000,100,40,1,0,5,0,0.0,1.15
2025-01-22,Headphones,Bangalore,76,3000,228000,152,40,1,0,6,0,0.0,1.15
2025-01-22,Headphones,Chennai,74,3000,222000,111,40,1,0,2,0,0.0,1.15
2025-01-22,Headphones,Pune,63,3000,189000,66,40,1,0,7,0,0.0,1.15
2025-01-22,Headphones,Kolkata,66,3000,198000,142,40,1,0,6,0,0.0,1.15
2025-01-22,Headphones,Ahmedabad,65,3000,195000,157,40,1,0,6,0,0.0,1.15
2025-01-22,Smartwatch,Hyderabad,51,8000,408000,30,20,0,0,3,0,0.0,1.15
2025-01-22,Smartwatch,Mumbai,32,8000,256000,133,20,1,0,7,0,0.0,1.15
2025-01-22,Smartwatch,Delhi,56,8000,448000,151,20,1,0,6,0,0.0,1.15
2025-01-22,Smartwatch,Bangalore,49,8000,392000,82,20,0,0,7,0,0.0,1.15
2025-01-22,Smartwatch,Chennai,46,8000,368000,23,20,0,0,4,0,0.0,1.15
2025-01-22,Smartwatch,Pune,39,8000,312000,62,20,0,0,2,0,0.0,1.15
2025-01-22,Smartwatch,Kolkata,43,8000,344000,42,20,0,0,7,0,0.0,1.15
2025-01-22,Smartwatch,Ahmedabad,53,8000,424000,50,20,0,0,4,0,0.0,1.15
2025-01-22,Keyboard,Hyderabad,83,1500,124500,109,35,1,0,7,0,0.0,1.15
2025-01-22,Keyboard,Mumbai,95,1500,142500,104,35,1,0,4,0,0.0,1.15
2025-01-22,Keyboard,Delhi,71,1500,106500,50,35,1,0,3,0,0.0,1.15
2025-01-22,Keyboard,Bangalore,61,1500,91500,55,35,0,0,2,0,0.0,1.15
2025-01-22,Keyboard,Chennai,79,1500,118500,110,35,1,0,5,0,0.0,1.15
2025-01-22,Keyboard,Pune,73,1500,109500,113,35,1,0,4,0,0.0,1.15
2025-01-22,Keyboard,Kolkata,73,1500,109500,43,35,0,0,2,0,0.0,1.15
2025-01-22,Keyboard,Ahmedabad,72,1500,108000,48,35,1,0,7,0,0.0,1.15
2025-01-22,Monitor,Hyderabad,46,18000,828000,44,15,0,0,7,0,0.0,1.15
2025-01-22,Monitor,Mumbai,46,18000,828000,27,15,0,0,6,0,0.0,1.15
2025-01-22,Monitor,Delhi,59,18000,1062000,85,15,0,0,2,0,0.0,1.15
2025-01-22,Monitor,Bangalore,59,18000,1062000,70,15,0,0,2,0,0.0,1.15
2025-01-22,Monitor,Chennai,42,18000,756000,63,15,1,0,2,0,0.0,1.15
2025-01-22,Monitor,Pune,50,18000,900000,27,15,0,0,2,0,0.0,1.15
2025-01-22,Monitor,Kolkata,45,18000,810000,88,15,0,0,3,0,0.0,1.15
2025-01-22,Monitor,Ahmedabad,57,18000,1026000,55,15,0,0,5,0,0.0,1.15
2025-01-22,Mouse,Hyderabad,110,800,88000,30,50,1,1,3,0,0.0,1.15
2025-01-22,Mouse,Mumbai,97,800,77600,0,50,1,1,2,0,0.0,1.15
2025-01-22,Mouse,Delhi,94,800,75200,121,50,1,0,6,0,0.0,1.15
2025-01-22,Mouse,Bangalore,115,800,92000,9,50,1,1,4,0,0.0,1.15
2025-01-22,Mouse,Chennai,116,800,92800,0,50,1,1,3,0,0.0,1.15
2025-01-22,Mouse,Pune,115,800,92000,52,50,1,0,2,0,0.0,1.15
2025-01-22,Mouse,Kolkata,102,800,81600,88,50,1,0,4,0,0.0,1.15
2025-01-22,Mouse,Ahmedabad,108,800,86400,30,50,1,1,7,0,0.0,1.15
2025-01-22,Printer,Hyderabad,35,12000,420000,95,10,1,0,4,0,0.0,1.15
2025-01-22,Printer,Mumbai,30,12000,360000,107,10,0,0,7,0,0.0,1.15
2025-01-22,Printer,Delhi,41,12000,492000,13,10,0,0,6,0,0.0,1.15
2025-01-22,Printer,Bangalore,45,12000,540000,102,10,1,0,3,0,0.0,1.15
2025-01-22,Printer,Chennai,25,12000,300000,15,10,0,0,5,0,0.0,1.15
2025-01-22,Printer,Pune,35,12000,420000,105,10,1,0,4,0,0.0,1.15
2025-01-22,Printer,Kolkata,36,12000,432000,29,10,0,0,6,0,0.0,1.15
2025-01-22,Printer,Ahmedabad,27,12000,324000,86,10,1,0,6,0,0.0,1.15
2025-01-22,Speaker,Hyderabad,69,4000,276000,7,25,1,1,4,0,0.0,1.15
2025-01-22,Speaker,Mumbai,60,4000,240000,85,25,1,0,6,0,0.0,1.15
2025-01-22,Speaker,Delhi,64,4000,256000,77,25,1,0,5,0,0.0,1.15
2025-01-22,Speaker,Bangalore,79,4000,316000,145,25,1,0,4,0,0.0,1.15
2025-01-22,Speaker,Chennai,70,4000,280000,45,25,1,0,6,0,0.0,1.15
2025-01-22,Speaker,Pune,60,4000,240000,45,25,0,0,7,0,0.0,1.15
2025-01-22,Speaker,Kolkata,67,4000,268000,42,25,1,0,4,0,0.0,1.15
2025-01-22,Speaker,Ahmedabad,71,4000,284000,85,25,1,0,5,0,0.0,1.15
2025-01-23,Laptop,Hyderabad,56,55000,3080000,119,20,1,0,2,0,0.0,1.15
2025-01-23,Laptop,Mumbai,69,55000,3795000,97,20,1,0,5,0,0.0,1.15
2025-01-23,Laptop,Delhi,71,55000,3905000,45,20,0,0,4,0,0.0,1.15
2025-01-23,Laptop,Bangalore,62,55000,3410000,27,20,0,0,4,0,0.0,1.15
2025-01-23,Laptop,Chennai,49,55000,2695000,106,20,1,0,2,0,0.0,1.15
2025-01-23,Laptop,Pune,47,55000,2585000,65,20,0,0,5,0,0.0,1.15
2025-01-23,Laptop,Kolkata,72,55000,3960000,52,20,1,0,6,0,0.0,1.15
2025-01-23,Laptop,Ahmedabad,63,55000,3465000,81,20,1,0,6,0,0.0,1.15
2025-01-23,Mobile,Hyderabad,96,20000,1920000,38,30,1,0,2,0,0.0,1.15
2025-01-23,Mobile,Mumbai,100,20000,2000000,0,30,1,1,6,0,0.0,1.15
2025-01-23,Mobile,Delhi,86,20000,1720000,111,30,1,0,4,0,0.0,1.15
2025-01-23,Mobile,Bangalore,79,20000,1580000,92,30,1,0,3,0,0.0,1.15
2025-01-23,Mobile,Chennai,87,20000,1740000,25,30,1,1,4,0,0.0,1.15
2025-01-23,Mobile,Pune,92,20000,1840000,43,30,0,0,6,0,0.0,1.15
2025-01-23,Mobile,Kolkata,86,20000,1720000,45,30,1,0,5,0,0.0,1.15
2025-01-23,Mobile,Ahmedabad,81,20000,1620000,0,30,1,1,5,0,0.0,1.15
2025-01-23,Tablet,Hyderabad,47,30000,1410000,30,25,0,0,5,0,0.0,1.15
2025-01-23,Tablet,Mumbai,52,30000,1560000,77,25,0,0,4,0,0.0,1.15
2025-01-23,Tablet,Delhi,51,30000,1530000,65,25,1,0,4,0,0.0,1.15
2025-01-23,Tablet,Bangalore,56,30000,1680000,94,25,0,0,5,0,0.0,1.15
2025-01-23,Tablet,Chennai,68,30000,2040000,100,25,1,0,3,0,0.0,1.15
2025-01-23,Tablet,Pune,55,30000,1650000,119,25,1,0,3,0,0.0,1.15
2025-01-23,Tablet,Kolkata,49,30000,1470000,64,25,0,0,3,0,0.0,1.15
2025-01-23,Tablet,Ahmedabad,53,30000,1590000,71,25,1,0,2,0,0.0,1.15
2025-01-23,Headphones,Hyderabad,73,3000,219000,142,40,1,0,3,0,0.0,1.15
2025-01-23,Headphones,Mumbai,86,3000,258000,133,40,1,0,4,0,0.0,1.15
2025-01-23,Headphones,Delhi,86,3000,258000,148,40,1,0,6,0,0.0,1.15
2025-01-23,Headphones,Bangalore,90,3000,270000,62,40,0,0,5,0,0.0,1.15
2025-01-23,Headphones,Chennai,88,3000,264000,125,40,1,0,2,0,0.0,1.15
2025-01-23,Headphones,Pune,81,3000,243000,112,40,1,0,3,0,0.0,1.15
2025-01-23,Headphones,Kolkata,77,3000,231000,65,40,0,0,2,0,0.0,1.15
2025-01-23,Headphones,Ahmedabad,63,3000,189000,94,40,0,0,3,0,0.0,1.15
2025-01-23,Smartwatch,Hyderabad,37,8000,296000,59,20,1,0,7,0,0.0,1.15
2025-01-23,Smartwatch,Mumbai,54,8000,432000,79,20,0,0,6,0,0.0,1.15
2025-01-23,Smartwatch,Delhi,51,8000,408000,100,20,0,0,7,0,0.0,1.15
2025-01-23,Smartwatch,Bangalore,57,8000,456000,25,20,0,0,7,0,0.0,1.15
2025-01-23,Smartwatch,Chennai,44,8000,352000,113,20,1,0,3,0,0.0,1.15
2025-01-23,Smartwatch,Pune,49,8000,392000,163,20,1,0,6,0,0.0,1.15
2025-01-23,Smartwatch,Kolkata,37,8000,296000,107,20,1,0,6,0,0.0,1.15
2025-01-23,Smartwatch,Ahmedabad,40,8000,320000,115,20,1,0,5,0,0.0,1.15
2025-01-23,Keyboard,Hyderabad,84,1500,126000,129,35,1,0,2,0,0.0,1.15
2025-01-23,Keyboard,Mumbai,78,1500,117000,118,35,1,0,3,0,0.0,1.15
2025-01-23,Keyboard,Delhi,67,1500,100500,36,35,1,0,3,0,0.0,1.15
2025-01-23,Keyboard,Bangalore,68,1500,102000,76,35,1,0,3,0,0.0,1.15
2025-01-23,Keyboard,Chennai,79,1500,118500,102,35,1,0,6,0,0.0,1.15
2025-01-23,Keyboard,Pune,79,1500,118500,169,35,1,0,3,0,0.0,1.15
2025-01-23,Keyboard,Kolkata,82,1500,123000,100,35,1,0,7,0,0.0,1.15
2025-01-23,Keyboard,Ahmedabad,89,1500,133500,51,35,1,0,2,0,0.0,1.15
2025-01-23,Monitor,Hyderabad,42,18000,756000,148,15,1,0,4,0,0.0,1.15
2025-01-23,Monitor,Mumbai,54,18000,972000,92,15,1,0,6,0,0.0,1.15
2025-01-23,Monitor,Delhi,55,18000,990000,30,15,0,0,3,0,0.0,1.15
2025-01-23,Monitor,Bangalore,43,18000,774000,27,15,0,0,6,0,0.0,1.15
2025-01-23,Monitor,Chennai,51,18000,918000,65,15,1,0,5,0,0.0,1.15
2025-01-23,Monitor,Pune,62,18000,1116000,40,15,1,0,4,0,0.0,1.15
2025-01-23,Monitor,Kolkata,67,18000,1206000,21,15,0,0,2,0,0.0,1.15
2025-01-23,Monitor,Ahmedabad,64,18000,1152000,65,15,1,0,6,0,0.0,1.15
2025-01-23,Mouse,Hyderabad,103,800,82400,5,50,1,1,4,0,0.0,1.15
2025-01-23,Mouse,Mumbai,89,800,71200,15,50,1,1,3,0,0.0,1.15
2025-01-23,Mouse,Delhi,107,800,85600,80,50,1,0,3,0,0.0,1.15
2025-01-23,Mouse,Bangalore,98,800,78400,59,50,1,0,3,0,0.0,1.15
2025-01-23,Mouse,Chennai,104,800,83200,33,50,1,1,4,0,0.0,1.15
2025-01-23,Mouse,Pune,114,800,91200,85,50,1,0,4,0,0.0,1.15
2025-01-23,Mouse,Kolkata,98,800,78400,94,50,1,0,3,0,0.0,1.15
2025-01-23,Mouse,Ahmedabad,105,800,84000,22,50,1,1,5,0,0.0,1.15
2025-01-23,Printer,Hyderabad,28,12000,336000,67,10,0,0,4,0,0.0,1.15
2025-01-23,Printer,Mumbai,27,12000,324000,80,10,0,0,3,0,0.0,1.15
2025-01-23,Printer,Delhi,11,12000,132000,97,10,1,0,5,0,0.0,1.15
2025-01-23,Printer,Bangalore,32,12000,384000,70,10,0,0,7,0,0.0,1.15
2025-01-23,Printer,Chennai,29,12000,348000,96,10,1,0,3,0,0.0,1.15
2025-01-23,Printer,Pune,26,12000,312000,79,10,0,0,4,0,0.0,1.15
2025-01-23,Printer,Kolkata,44,12000,528000,80,10,1,0,7,0,0.0,1.15
2025-01-23,Printer,Ahmedabad,23,12000,276000,63,10,0,0,5,0,0.0,1.15
2025-01-23,Speaker,Hyderabad,57,4000,228000,66,25,1,0,4,0,0.0,1.15
2025-01-23,Speaker,Mumbai,73,4000,292000,126,25,1,0,7,0,0.0,1.15
2025-01-23,Speaker,Delhi,68,4000,272000,134,25,1,0,6,0,0.0,1.15
2025-01-23,Speaker,Bangalore,63,4000,252000,82,25,0,0,7,0,0.0,1.15
2025-01-23,Speaker,Chennai,69,4000,276000,78,25,1,0,4,0,0.0,1.15
2025-01-23,Speaker,Pune,77,4000,308000,61,25,1,0,6,0,0.0,1.15
2025-01-23,Speaker,Kolkata,62,4000,248000,101,25,1,0,3,0,0.0,1.15
2025-01-23,Speaker,Ahmedabad,77,4000,308000,88,25,1,0,6,0,0.0,1.15
2025-01-24,Laptop,Hyderabad,62,55000,3410000,57,20,0,0,2,0,0.0,1.15
2025-01-24,Laptop,Mumbai,61,55000,3355000,36,20,0,0,5,0,0.0,1.15
2025-01-24,Laptop,Delhi,49,55000,2695000,106,20,1,0,5,0,0.0,1.15
2025-01-24,Laptop,Bangalore,61,55000,3355000,89,20,1,0,3,0,0.0,1.15
2025-01-24,Laptop,Chennai,69,55000,3795000,37,20,0,0,6,0,0.0,1.15
2025-01-24,Laptop,Pune,61,55000,3355000,118,20,1,0,5,0,0.0,1.15
2025-01-24,Laptop,Kolkata,70,55000,3850000,77,20,1,0,2,0,0.0,1.15
2025-01-24,Laptop,Ahmedabad,70,55000,3850000,90,20,1,0,6,0,0.0,1.15
2025-01-24,Mobile,Hyderabad,90,20000,1800000,1,30,1,1,6,0,0.0,1.15
2025-01-24,Mobile,Mumbai,94,20000,1880000,46,30,1,0,7,0,0.0,1.15
2025-01-24,Mobile,Delhi,81,20000,1620000,30,30,0,0,5,0,0.0,1.15
2025-01-24,Mobile,Bangalore,97,20000,1940000,61,30,1,0,4,0,0.0,1.15
2025-01-24,Mobile,Chennai,88,20000,1760000,1,30,1,1,6,0,0.0,1.15
2025-01-24,Mobile,Pune,101,20000,2020000,0,30,1,1,3,0,0.0,1.15
2025-01-24,Mobile,Kolkata,99,20000,1980000,70,30,1,0,2,0,0.0,1.15
2025-01-24,Mobile,Ahmedabad,86,20000,1720000,58,30,1,0,5,0,0.0,1.15
2025-01-24,Tablet,Hyderabad,46,30000,1380000,87,25,1,0,3,0,0.0,1.15
2025-01-24,Tablet,Mumbai,58,30000,1740000,70,25,1,0,4,0,0.0,1.15
2025-01-24,Tablet,Delhi,39,30000,1170000,26,25,0,0,5,0,0.0,1.15
2025-01-24,Tablet,Bangalore,71,30000,2130000,125,25,1,0,6,0,0.0,1.15
2025-01-24,Tablet,Chennai,50,30000,1500000,50,25,0,0,4,0,0.0,1.15
2025-01-24,Tablet,Pune,54,30000,1620000,65,25,0,0,2,0,0.0,1.15
2025-01-24,Tablet,Kolkata,63,30000,1890000,108,25,1,0,2,0,0.0,1.15
2025-01-24,Tablet,Ahmedabad,54,30000,1620000,110,25,1,0,7,0,0.0,1.15
2025-01-24,Headphones,Hyderabad,79,3000,237000,63,40,0,0,6,0,0.0,1.15
2025-01-24,Headphones,Mumbai,83,3000,249000,50,40,0,0,3,0,0.0,1.15
2025-01-24,Headphones,Delhi,64,3000,192000,84,40,0,0,4,0,0.0,1.15
2025-01-24,Headphones,Bangalore,67,3000,201000,130,40,1,0,3,0,0.0,1.15
2025-01-24,Headphones,Chennai,78,3000,234000,47,40,0,0,6,0,0.0,1.15
2025-01-24,Headphones,Pune,68,3000,204000,44,40,0,0,4,0,0.0,1.15
2025-01-24,Headphones,Kolkata,76,3000,228000,84,40,1,0,4,0,0.0,1.15
2025-01-24,Headphones,Ahmedabad,77,3000,231000,147,40,1,0,3,0,0.0,1.15
2025-01-24,Smartwatch,Hyderabad,32,8000,256000,27,20,0,0,6,0,0.0,1.15
2025-01-24,Smartwatch,Mumbai,57,8000,456000,22,20,0,0,4,0,0.0,1.15
2025-01-24,Smartwatch,Delhi,62,8000,496000,38,20,0,0,2,0,0.0,1.15
2025-01-24,Smartwatch,Bangalore,57,8000,456000,94,20,1,0,4,0,0.0,1.15
2025-01-24,Smartwatch,Chennai,37,8000,296000,76,20,0,0,4,0,0.0,1.15
2025-01-24,Smartwatch,Pune,49,8000,392000,114,20,0,0,7,0,0.0,1.15
2025-01-24,Smartwatch,Kolkata,49,8000,392000,58,20,0,0,4,0,0.0,1.15
2025-01-24,Smartwatch,Ahmedabad,55,8000,440000,60,20,0,0,4,0,0.0,1.15
2025-01-24,Keyboard,Hyderabad,97,1500,145500,149,35,1,0,3,0,0.0,1.15
2025-01-24,Keyboard,Mumbai,84,1500,126000,121,35,1,0,3,0,0.0,1.15
2025-01-24,Keyboard,Delhi,60,1500,90000,107,35,1,0,7,0,0.0,1.15
2025-01-24,Keyboard,Bangalore,75,1500,112500,118,35,1,0,5,0,0.0,1.15
2025-01-24,Keyboard,Chennai,102,1500,153000,55,35,1,0,2,0,0.0,1.15
2025-01-24,Keyboard,Pune,81,1500,121500,88,35,0,0,2,0,0.0,1.15
2025-01-24,Keyboard,Kolkata,89,1500,133500,152,35,1,0,6,0,0.0,1.15
2025-01-24,Keyboard,Ahmedabad,80,1500,120000,95,35,1,0,6,0,0.0,1.15
2025-01-24,Monitor,Hyderabad,40,18000,720000,108,15,0,0,5,0,0.0,1.15
2025-01-24,Monitor,Mumbai,54,18000,972000,38,15,0,0,3,0,0.0,1.15
2025-01-24,Monitor,Delhi,45,18000,810000,108,15,1,0,4,0,0.0,1.15
2025-01-24,Monitor,Bangalore,56,18000,1008000,57,15,1,0,2,0,0.0,1.15
2025-01-24,Monitor,Chennai,74,18000,1332000,45,15,1,0,5,0,0.0,1.15
2025-01-24,Monitor,Pune,57,18000,1026000,99,15,1,0,7,0,0.0,1.15
2025-01-24,Monitor,Kolkata,52,18000,936000,39,15,1,0,2,0,0.0,1.15
2025-01-24,Monitor,Ahmedabad,47,18000,846000,18,15,0,0,5,0,0.0,1.15
2025-01-24,Mouse,Hyderabad,104,800,83200,7,50,1,1,4,0,0.0,1.15
2025-01-24,Mouse,Mumbai,112,800,89600,53,50,1,0,7,0,0.0,1.15
2025-01-24,Mouse,Delhi,105,800,84000,31,50,1,1,7,0,0.0,1.15
2025-01-24,Mouse,Bangalore,108,800,86400,8,50,1,1,5,0,0.0,1.15
2025-01-24,Mouse,Chennai,102,800,81600,0,50,1,1,6,0,0.0,1.15
2025-01-24,Mouse,Pune,96,800,76800,110,50,1,0,3,0,0.0,1.15
2025-01-24,Mouse,Kolkata,99,800,79200,54,50,1,0,3,0,0.0,1.15
2025-01-24,Mouse,Ahmedabad,117,800,93600,49,50,1,1,3,0,0.0,1.15
2025-01-24,Printer,Hyderabad,42,12000,504000,25,10,0,0,6,0,0.0,1.15
2025-01-24,Printer,Mumbai,25,12000,300000,55,10,0,0,5,0,0.0,1.15
2025-01-24,Printer,Delhi,41,12000,492000,56,10,0,0,2,0,0.0,1.15
2025-01-24,Printer,Bangalore,31,12000,372000,39,10,0,0,3,0,0.0,1.15
2025-01-24,Printer,Chennai,39,12000,468000,57,10,0,0,7,0,0.0,1.15
2025-01-24,Printer,Pune,42,12000,504000,37,10,0,0,6,0,0.0,1.15
2025-01-24,Printer,Kolkata,38,12000,456000,42,10,0,0,6,0,0.0,1.15
2025-01-24,Printer,Ahmedabad,32,12000,384000,31,10,0,0,6,0,0.0,1.15
2025-01-24,Speaker,Hyderabad,68,4000,272000,146,25,1,0,2,0,0.0,1.15
2025-01-24,Speaker,Mumbai,69,4000,276000,57,25,0,0,2,0,0.0,1.15
2025-01-24,Speaker,Delhi,57,4000,228000,77,25,0,0,2,0,0.0,1.15
2025-01-24,Speaker,Bangalore,73,4000,292000,150,25,1,0,7,0,0.0,1.15
2025-01-24,Speaker,Chennai,66,4000,264000,111,25,1,0,7,0,0.0,1.15
2025-01-24,Speaker,Pune,79,4000,316000,124,25,1,0,5,0,0.0,1.15
2025-01-24,Speaker,Kolkata,87,4000,348000,92,25,1,0,2,0,0.0,1.15
2025-01-24,Speaker,Ahmedabad,63,4000,252000,25,25,0,0,5,0,0.0,1.15
2025-01-25,Laptop,Hyderabad,70,55000,3850000,75,20,1,0,7,0,0.0,1.15
2025-01-25,Laptop,Mumbai,72,55000,3960000,83,20,1,0,2,0,0.0,1.15
2025-01-25,Laptop,Delhi,61,55000,3355000,45,20,0,0,2,0,0.0,1.15
2025-01-25,Laptop,Bangalore,65,55000,3575000,24,20,0,0,7,0,0.0,1.15
2025-01-25,Laptop,Chennai,65,55000,3575000,59,20,1,0,7,0,0.0,1.15
2025-01-25,Laptop,Pune,69,55000,3795000,49,20,0,0,2,0,0.0,1.15
2025-01-25,Laptop,Kolkata,59,55000,3245000,144,20,1,0,6,0,0.0,1.15
2025-01-25,Laptop,Ahmedabad,51,55000,2805000,39,20,0,0,7,0,0.0,1.15
2025-01-25,Mobile,Hyderabad,83,20000,1660000,0,30,1,1,7,0,0.0,1.15
2025-01-25,Mobile,Mumbai,100,20000,2000000,91,30,1,0,5,0,0.0,1.15
2025-01-25,Mobile,Delhi,93,20000,1860000,0,30,1,1,7,0,0.0,1.15
2025-01-25,Mobile,Bangalore,81,20000,1620000,118,30,1,0,5,0,0.0,1.15
2025-01-25,Mobile,Chennai,95,20000,1900000,0,30,1,1,4,0,0.0,1.15
2025-01-25,Mobile,Pune,87,20000,1740000,3,30,1,1,3,0,0.0,1.15
2025-01-25,Mobile,Kolkata,84,20000,1680000,43,30,1,0,4,0,0.0,1.15
2025-01-25,Mobile,Ahmedabad,90,20000,1800000,57,30,1,0,5,0,0.0,1.15
2025-01-25,Tablet,Hyderabad,58,30000,1740000,29,25,0,0,4,0,0.0,1.15
2025-01-25,Tablet,Mumbai,53,30000,1590000,119,25,1,0,4,0,0.0,1.15
2025-01-25,Tablet,Delhi,44,30000,1320000,75,25,1,0,6,0,0.0,1.15
2025-01-25,Tablet,Bangalore,46,30000,1380000,79,25,0,0,3,0,0.0,1.15
2025-01-25,Tablet,Chennai,56,30000,1680000,105,25,1,0,7,0,0.0,1.15
2025-01-25,Tablet,Pune,53,30000,1590000,68,25,1,0,4,0,0.0,1.15
2025-01-25,Tablet,Kolkata,46,30000,1380000,62,25,0,0,7,0,0.0,1.15
2025-01-25,Tablet,Ahmedabad,55,30000,1650000,55,25,0,0,4,0,0.0,1.15
2025-01-25,Headphones,Hyderabad,76,3000,228000,130,40,1,0,7,0,0.0,1.15
2025-01-25,Headphones,Mumbai,62,3000,186000,81,40,1,0,5,0,0.0,1.15
2025-01-25,Headphones,Delhi,63,3000,189000,118,40,1,0,2,0,0.0,1.15
2025-01-25,Headphones,Bangalore,68,3000,204000,62,40,0,0,5,0,0.0,1.15
2025-01-25,Headphones,Chennai,83,3000,249000,87,40,1,0,4,0,0.0,1.15
2025-01-25,Headphones,Pune,71,3000,213000,59,40,1,0,4,0,0.0,1.15
2025-01-25,Headphones,Kolkata,86,3000,258000,116,40,1,0,2,0,0.0,1.15
2025-01-25,Headphones,Ahmedabad,83,3000,249000,64,40,0,0,7,0,0.0,1.15
2025-01-25,Smartwatch,Hyderabad,56,8000,448000,83,20,1,0,2,0,0.0,1.15
2025-01-25,Smartwatch,Mumbai,62,8000,496000,74,20,1,0,2,0,0.0,1.15
2025-01-25,Smartwatch,Delhi,49,8000,392000,45,20,1,0,6,0,0.0,1.15
2025-01-25,Smartwatch,Bangalore,43,8000,344000,51,20,0,0,2,0,0.0,1.15
2025-01-25,Smartwatch,Chennai,40,8000,320000,36,20,0,0,7,0,0.0,1.15
2025-01-25,Smartwatch,Pune,51,8000,408000,63,20,0,0,2,0,0.0,1.15
2025-01-25,Smartwatch,Kolkata,34,8000,272000,24,20,0,0,3,0,0.0,1.15
2025-01-25,Smartwatch,Ahmedabad,60,8000,480000,78,20,1,0,4,0,0.0,1.15
2025-01-25,Keyboard,Hyderabad,84,1500,126000,65,35,0,0,5,0,0.0,1.15
2025-01-25,Keyboard,Mumbai,93,1500,139500,93,35,1,0,7,0,0.0,1.15
2025-01-25,Keyboard,Delhi,75,1500,112500,90,35,1,0,5,0,0.0,1.15
2025-01-25,Keyboard,Bangalore,83,1500,124500,35,35,0,0,6,0,0.0,1.15
2025-01-25,Keyboard,Chennai,74,1500,111000,96,35,1,0,5,0,0.0,1.15
2025-01-25,Keyboard,Pune,84,1500,126000,131,35,1,0,5,0,0.0,1.15
2025-01-25,Keyboard,Kolkata,86,1500,129000,66,35,0,0,2,0,0.0,1.15
2025-01-25,Keyboard,Ahmedabad,88,1500,132000,121,35,1,0,3,0,0.0,1.15
2025-01-25,Monitor,Hyderabad,53,18000,954000,55,15,0,0,3,0,0.0,1.15
2025-01-25,Monitor,Mumbai,52,18000,936000,95,15,1,0,5,0,0.0,1.15
2025-01-25,Monitor,Delhi,46,18000,828000,62,15,0,0,4,0,0.0,1.15
2025-01-25,Monitor,Bangalore,56,18000,1008000,74,15,1,0,6,0,0.0,1.15
2025-01-25,Monitor,Chennai,47,18000,846000,121,15,1,0,6,0,0.0,1.15
2025-01-25,Monitor,Pune,46,18000,828000,53,15,0,0,5,0,0.0,1.15
2025-01-25,Monitor,Kolkata,49,18000,882000,77,15,1,0,3,0,0.0,1.15
2025-01-25,Monitor,Ahmedabad,52,18000,936000,58,15,1,0,5,0,0.0,1.15
2025-01-25,Mouse,Hyderabad,103,800,82400,42,50,1,1,2,0,0.0,1.15
2025-01-25,Mouse,Mumbai,106,800,84800,90,50,1,0,3,0,0.0,1.15
2025-01-25,Mouse,Delhi,107,800,85600,47,50,1,1,2,0,0.0,1.15
2025-01-25,Mouse,Bangalore,90,800,72000,24,50,1,1,2,0,0.0,1.15
2025-01-25,Mouse,Chennai,100,800,80000,0,50,1,1,4,0,0.0,1.15
2025-01-25,Mouse,Pune,107,800,85600,69,50,1,0,4,0,0.0,1.15
2025-01-25,Mouse,Kolkata,102,800,81600,27,50,1,1,6,0,0.0,1.15
2025-01-25,Mouse,Ahmedabad,111,800,88800,77,50,1,0,7,0,0.0,1.15
2025-01-25,Printer,Hyderabad,33,12000,396000,56,10,1,0,7,0,0.0,1.15
2025-01-25,Printer,Mumbai,39,12000,468000,16,10,0,0,6,0,0.0,1.15
2025-01-25,Printer,Delhi,34,12000,408000,22,10,0,0,6,0,0.0,1.15
2025-01-25,Printer,Bangalore,24,12000,288000,15,10,0,0,3,0,0.0,1.15
2025-01-25,Printer,Chennai,34,12000,408000,23,10,0,0,3,0,0.0,1.15
2025-01-25,Printer,Pune,33,12000,396000,84,10,1,0,7,0,0.0,1.15
2025-01-25,Printer,Kolkata,38,12000,456000,90,10,1,0,7,0,0.0,1.15
2025-01-25,Printer,Ahmedabad,31,12000,372000,62,10,1,0,5,0,0.0,1.15
2025-01-25,Speaker,Hyderabad,71,4000,284000,75,25,0,0,6,0,0.0,1.15
2025-01-25,Speaker,Mumbai,72,4000,288000,49,25,1,0,5,0,0.0,1.15
2025-01-25,Speaker,Delhi,67,4000,268000,70,25,1,0,6,0,0.0,1.15
2025-01-25,Speaker,Bangalore,72,4000,288000,78,25,0,0,2,0,0.0,1.15
2025-01-25,Speaker,Chennai,73,4000,292000,38,25,0,0,4,0,0.0,1.15
2025-01-25,Speaker,Pune,71,4000,284000,53,25,0,0,3,0,0.0,1.15
2025-01-25,Speaker,Kolkata,65,4000,260000,27,25,0,0,7,0,0.0,1.15
2025-01-25,Speaker,Ahmedabad,67,4000,268000,81,25,1,0,5,0,0.0,1.15
2025-01-26,Laptop,Hyderabad,57,55000,3135000,83,20,1,0,4,0,0.0,1.15
2025-01-26,Laptop,Mumbai,64,55000,3520000,83,20,1,0,7,0,0.0,1.15
2025-01-26,Laptop,Delhi,65,55000,3575000,130,20,1,0,2,0,0.0,1.15
2025-01-26,Laptop,Bangalore,58,55000,3190000,25,20,1,0,7,0,0.0,1.15
2025-01-26,Laptop,Chennai,63,55000,3465000,60,20,1,0,4,0,0.0,1.15
2025-01-26,Laptop,Pune,57,55000,3135000,103,20,1,0,2,0,0.0,1.15
2025-01-26,Laptop,Kolkata,59,55000,3245000,85,20,0,0,7,0,0.0,1.15
2025-01-26,Laptop,Ahmedabad,72,55000,3960000,44,20,1,0,6,0,0.0,1.15
2025-01-26,Mobile,Hyderabad,94,20000,1880000,0,30,1,1,5,0,0.0,1.15
2025-01-26,Mobile,Mumbai,99,20000,1980000,97,30,1,0,7,0,0.0,1.15
2025-01-26,Mobile,Delhi,98,20000,1960000,18,30,1,1,5,0,0.0,1.15
2025-01-26,Mobile,Bangalore,90,20000,1800000,166,30,1,0,3,0,0.0,1.15
2025-01-26,Mobile,Chennai,96,20000,1920000,28,30,1,1,2,0,0.0,1.15
2025-01-26,Mobile,Pune,102,20000,2040000,0,30,1,1,6,0,0.0,1.15
2025-01-26,Mobile,Kolkata,105,20000,2100000,74,30,1,0,7,0,0.0,1.15
2025-01-26,Mobile,Ahmedabad,91,20000,1820000,55,30,1,0,7,0,0.0,1.15
2025-01-26,Tablet,Hyderabad,64,30000,1920000,90,25,1,0,7,0,0.0,1.15
2025-01-26,Tablet,Mumbai,60,30000,1800000,59,25,0,0,4,0,0.0,1.15
2025-01-26,Tablet,Delhi,63,30000,1890000,142,25,1,0,3,0,0.0,1.15
2025-01-26,Tablet,Bangalore,56,30000,1680000,88,25,1,0,3,0,0.0,1.15
2025-01-26,Tablet,Chennai,54,30000,1620000,51,25,0,0,4,0,0.0,1.15
2025-01-26,Tablet,Pune,53,30000,1590000,157,25,1,0,4,0,0.0,1.15
2025-01-26,Tablet,Kolkata,44,30000,1320000,156,25,1,0,2,0,0.0,1.15
2025-01-26,Tablet,Ahmedabad,61,30000,1830000,129,25,1,0,6,0,0.0,1.15
2025-01-26,Headphones,Hyderabad,69,3000,207000,61,40,0,0,3,0,0.0,1.15
2025-01-26,Headphones,Mumbai,95,3000,285000,116,40,1,0,7,0,0.0,1.15
2025-01-26,Headphones,Delhi,69,3000,207000,49,40,0,0,7,0,0.0,1.15
2025-01-26,Headphones,Bangalore,66,3000,198000,61,40,1,0,4,0,0.0,1.15
2025-01-26,Headphones,Chennai,80,3000,240000,149,40,1,0,5,0,0.0,1.15
2025-01-26,Headphones,Pune,71,3000,213000,105,40,1,0,4,0,0.0,1.15
2025-01-26,Headphones,Kolkata,75,3000,225000,41,40,0,0,2,0,0.0,1.15
2025-01-26,Headphones,Ahmedabad,77,3000,231000,113,40,1,0,3,0,0.0,1.15
2025-01-26,Smartwatch,Hyderabad,38,8000,304000,45,20,0,0,4,0,0.0,1.15
2025-01-26,Smartwatch,Mumbai,33,8000,264000,41,20,0,0,4,0,0.0,1.15
2025-01-26,Smartwatch,Delhi,41,8000,328000,136,20,1,0,6,0,0.0,1.15
2025-01-26,Smartwatch,Bangalore,39,8000,312000,79,20,1,0,4,0,0.0,1.15
2025-01-26,Smartwatch,Chennai,39,8000,312000,56,20,1,0,2,0,0.0,1.15
2025-01-26,Smartwatch,Pune,49,8000,392000,146,20,1,0,4,0,0.0,1.15
2025-01-26,Smartwatch,Kolkata,65,8000,520000,68,20,1,0,2,0,0.0,1.15
2025-01-26,Smartwatch,Ahmedabad,47,8000,376000,31,20,0,0,4,0,0.0,1.15
2025-01-26,Keyboard,Hyderabad,64,1500,96000,97,35,1,0,5,0,0.0,1.15
2025-01-26,Keyboard,Mumbai,97,1500,145500,74,35,1,0,6,0,0.0,1.15
2025-01-26,Keyboard,Delhi,70,1500,105000,143,35,1,0,2,0,0.0,1.15
2025-01-26,Keyboard,Bangalore,78,1500,117000,70,35,1,0,2,0,0.0,1.15
2025-01-26,Keyboard,Chennai,80,1500,120000,135,35,1,0,6,0,0.0,1.15
2025-01-26,Keyboard,Pune,87,1500,130500,44,35,0,0,3,0,0.0,1.15
2025-01-26,Keyboard,Kolkata,67,1500,100500,118,35,1,0,5,0,0.0,1.15
2025-01-26,Keyboard,Ahmedabad,81,1500,121500,40,35,0,0,5,0,0.0,1.15
2025-01-26,Monitor,Hyderabad,47,18000,846000,128,15,1,0,7,0,0.0,1.15
2025-01-26,Monitor,Mumbai,65,18000,1170000,30,15,0,0,6,0,0.0,1.15
2025-01-26,Monitor,Delhi,43,18000,774000,19,15,0,0,4,0,0.0,1.15
2025-01-26,Monitor,Bangalore,52,18000,936000,22,15,0,0,2,0,0.0,1.15
2025-01-26,Monitor,Chennai,43,18000,774000,78,15,0,0,7,0,0.0,1.15
2025-01-26,Monitor,Pune,53,18000,954000,105,15,1,0,4,0,0.0,1.15
2025-01-26,Monitor,Kolkata,52,18000,936000,25,15,0,0,7,0,0.0,1.15
2025-01-26,Monitor,Ahmedabad,47,18000,846000,155,15,1,0,2,0,0.0,1.15
2025-01-26,Mouse,Hyderabad,105,800,84000,58,50,1,0,3,0,0.0,1.15
2025-01-26,Mouse,Mumbai,107,800,85600,90,50,1,0,3,0,0.0,1.15
2025-01-26,Mouse,Delhi,109,800,87200,30,50,1,1,4,0,0.0,1.15
2025-01-26,Mouse,Bangalore,102,800,81600,46,50,1,1,6,0,0.0,1.15
2025-01-26,Mouse,Chennai,112,800,89600,14,50,1,1,7,0,0.0,1.15
2025-01-26,Mouse,Pune,111,800,88800,8,50,1,1,5,0,0.0,1.15
2025-01-26,Mouse,Kolkata,117,800,93600,0,50,1,1,2,0,0.0,1.15
2025-01-26,Mouse,Ahmedabad,103,800,82400,86,50,1,0,3,0,0.0,1.15
2025-01-26,Printer,Hyderabad,47,12000,564000,158,10,1,0,4,0,0.0,1.15
2025-01-26,Printer,Mumbai,34,12000,408000,127,10,1,0,3,0,0.0,1.15
2025-01-26,Printer,Delhi,30,12000,360000,116,10,1,0,4,0,0.0,1.15
2025-01-26,Printer,Bangalore,30,12000,360000,41,10,1,0,2,0,0.0,1.15
2025-01-26,Printer,Chennai,19,12000,228000,78,10,1,0,7,0,0.0,1.15
2025-01-26,Printer,Pune,41,12000,492000,43,10,0,0,3,0,0.0,1.15
2025-01-26,Printer,Kolkata,29,12000,348000,61,10,0,0,6,0,0.0,1.15
2025-01-26,Printer,Ahmedabad,41,12000,492000,21,10,0,0,6,0,0.0,1.15
2025-01-26,Speaker,Hyderabad,82,4000,328000,67,25,1,0,2,0,0.0,1.15
2025-01-26,Speaker,Mumbai,65,4000,260000,55,25,1,0,7,0,0.0,1.15
2025-01-26,Speaker,Delhi,64,4000,256000,156,25,1,0,5,0,0.0,1.15
2025-01-26,Speaker,Bangalore,65,4000,260000,132,25,1,0,2,0,0.0,1.15
2025-01-26,Speaker,Chennai,63,4000,252000,121,25,1,0,3,0,0.0,1.15
2025-01-26,Speaker,Pune,64,4000,256000,90,25,1,0,6,0,0.0,1.15
2025-01-26,Speaker,Kolkata,74,4000,296000,84,25,1,0,3,0,0.0,1.15
2025-01-26,Speaker,Ahmedabad,68,4000,272000,69,25,1,0,6,0,0.0,1.15
2025-01-27,Laptop,Hyderabad,75,55000,4125000,114,20,1,0,6,0,0.0,1.15
2025-01-27,Laptop,Mumbai,55,55000,3025000,28,20,0,0,6,0,0.0,1.15
2025-01-27,Laptop,Delhi,62,55000,3410000,68,20,0,0,5,0,0.0,1.15
2025-01-27,Laptop,Bangalore,74,55000,4070000,19,20,1,1,3,0,0.0,1.15
2025-01-27,Laptop,Chennai,63,55000,3465000,111,20,1,0,4,0,0.0,1.15
2025-01-27,Laptop,Pune,63,55000,3465000,40,20,0,0,3,0,0.0,1.15
2025-01-27,Laptop,Kolkata,62,55000,3410000,23,20,0,0,2,0,0.0,1.15
2025-01-27,Laptop,Ahmedabad,77,55000,4235000,61,20,1,0,4,0,0.0,1.15
2025-01-27,Mobile,Hyderabad,102,20000,2040000,0,30,1,1,3,0,0.0,1.15
2025-01-27,Mobile,Mumbai,111,20000,2220000,126,30,1,0,2,0,0.0,1.15
2025-01-27,Mobile,Delhi,84,20000,1680000,78,30,1,0,4,0,0.0,1.15
2025-01-27,Mobile,Bangalore,82,20000,1640000,84,30,0,0,5,0,0.0,1.15
2025-01-27,Mobile,Chennai,107,20000,2140000,41,30,1,0,6,0,0.0,1.15
2025-01-27,Mobile,Pune,87,20000,1740000,37,30,1,0,7,0,0.0,1.15
2025-01-27,Mobile,Kolkata,90,20000,1800000,123,30,1,0,3,0,0.0,1.15
2025-01-27,Mobile,Ahmedabad,76,20000,1520000,92,30,1,0,3,0,0.0,1.15
2025-01-27,Tablet,Hyderabad,43,30000,1290000,47,25,0,0,7,0,0.0,1.15
2025-01-27,Tablet,Mumbai,55,30000,1650000,68,25,1,0,3,0,0.0,1.15
2025-01-27,Tablet,Delhi,62,30000,1860000,80,25,0,0,5,0,0.0,1.15
2025-01-27,Tablet,Bangalore,50,30000,1500000,38,25,0,0,4,0,0.0,1.15
2025-01-27,Tablet,Chennai,63,30000,1890000,75,25,1,0,5,0,0.0,1.15
2025-01-27,Tablet,Pune,58,30000,1740000,99,25,0,0,3,0,0.0,1.15
2025-01-27,Tablet,Kolkata,60,30000,1800000,96,25,0,0,6,0,0.0,1.15
2025-01-27,Tablet,Ahmedabad,56,30000,1680000,73,25,0,0,2,0,0.0,1.15
2025-01-27,Headphones,Hyderabad,71,3000,213000,136,40,1,0,2,0,0.0,1.15
2025-01-27,Headphones,Mumbai,64,3000,192000,52,40,0,0,4,0,0.0,1.15
2025-01-27,Headphones,Delhi,87,3000,261000,33,40,1,1,2,0,0.0,1.15
2025-01-27,Headphones,Bangalore,89,3000,267000,104,40,1,0,4,0,0.0,1.15
2025-01-27,Headphones,Chennai,73,3000,219000,76,40,0,0,3,0,0.0,1.15
2025-01-27,Headphones,Pune,70,3000,210000,131,40,1,0,2,0,0.0,1.15
2025-01-27,Headphones,Kolkata,64,3000,192000,32,40,1,1,6,0,0.0,1.15
2025-01-27,Headphones,Ahmedabad,79,3000,237000,181,40,1,0,6,0,0.0,1.15
2025-01-27,Smartwatch,Hyderabad,47,8000,376000,109,20,1,0,5,0,0.0,1.15
2025-01-27,Smartwatch,Mumbai,37,8000,296000,95,20,1,0,3,0,0.0,1.15
2025-01-27,Smartwatch,Delhi,44,8000,352000,92,20,0,0,5,0,0.0,1.15
2025-01-27,Smartwatch,Bangalore,44,8000,352000,35,20,0,0,5,0,0.0,1.15
2025-01-27,Smartwatch,Chennai,44,8000,352000,135,20,1,0,5,0,0.0,1.15
2025-01-27,Smartwatch,Pune,46,8000,368000,100,20,0,0,2,0,0.0,1.15
2025-01-27,Smartwatch,Kolkata,43,8000,344000,25,20,0,0,7,0,0.0,1.15
2025-01-27,Smartwatch,Ahmedabad,46,8000,368000,76,20,1,0,6,0,0.0,1.15
2025-01-27,Keyboard,Hyderabad,75,1500,112500,116,35,1,0,7,0,0.0,1.15
2025-01-27,Keyboard,Mumbai,82,1500,123000,140,35,1,0,6,0,0.0,1.15
2025-01-27,Keyboard,Delhi,95,1500,142500,48,35,0,0,6,0,0.0,1.15
2025-01-27,Keyboard,Bangalore,73,1500,109500,94,35,1,0,4,0,0.0,1.15
2025-01-27,Keyboard,Chennai,77,1500,115500,58,35,0,0,3,0,0.0,1.15
2025-01-27,Keyboard,Pune,76,1500,114000,89,35,1,0,6,0,0.0,1.15
2025-01-27,Keyboard,Kolkata,81,1500,121500,37,35,0,0,7,0,0.0,1.15
2025-01-27,Keyboard,Ahmedabad,77,1500,115500,69,35,1,0,6,0,0.0,1.15
2025-01-27,Monitor,Hyderabad,53,18000,954000,75,15,0,0,6,0,0.0,1.15
2025-01-27,Monitor,Mumbai,62,18000,1116000,31,15,1,0,7,0,0.0,1.15
2025-01-27,Monitor,Delhi,47,18000,846000,36,15,1,0,5,0,0.0,1.15
2025-01-27,Monitor,Bangalore,50,18000,900000,32,15,1,0,4,0,0.0,1.15
2025-01-27,Monitor,Chennai,52,18000,936000,26,15,0,0,2,0,0.0,1.15
2025-01-27,Monitor,Pune,50,18000,900000,55,15,0,0,7,0,0.0,1.15
2025-01-27,Monitor,Kolkata,41,18000,738000,85,15,1,0,4,0,0.0,1.15
2025-01-27,Monitor,Ahmedabad,58,18000,1044000,97,15,0,0,6,0,0.0,1.15
2025-01-27,Mouse,Hyderabad,110,800,88000,22,50,1,1,5,0,0.0,1.15
2025-01-27,Mouse,Mumbai,101,800,80800,44,50,1,1,7,0,0.0,1.15
2025-01-27,Mouse,Delhi,118,800,94400,11,50,1,1,6,0,0.0,1.15
2025-01-27,Mouse,Bangalore,94,800,75200,46,50,1,1,3,0,0.0,1.15
2025-01-27,Mouse,Chennai,97,800,77600,32,50,1,1,7,0,0.0,1.15
2025-01-27,Mouse,Pune,82,800,65600,5,50,1,1,3,0,0.0,1.15
2025-01-27,Mouse,Kolkata,105,800,84000,0,50,1,1,7,0,0.0,1.15
2025-01-27,Mouse,Ahmedabad,95,800,76000,139,50,1,0,4,0,0.0,1.15
2025-01-27,Printer,Hyderabad,32,12000,384000,126,10,0,0,2,0,0.0,1.15
2025-01-27,Printer,Mumbai,39,12000,468000,88,10,0,0,5,0,0.0,1.15
2025-01-27,Printer,Delhi,35,12000,420000,81,10,0,0,3,0,0.0,1.15
2025-01-27,Printer,Bangalore,43,12000,516000,115,10,1,0,2,0,0.0,1.15
2025-01-27,Printer,Chennai,32,12000,384000,46,10,0,0,2,0,0.0,1.15
2025-01-27,Printer,Pune,34,12000,408000,89,10,1,0,2,0,0.0,1.15
2025-01-27,Printer,Kolkata,41,12000,492000,20,10,0,0,6,0,0.0,1.15
2025-01-27,Printer,Ahmedabad,40,12000,480000,103,10,1,0,5,0,0.0,1.15
2025-01-27,Speaker,Hyderabad,65,4000,260000,114,25,1,0,6,0,0.0,1.15
2025-01-27,Speaker,Mumbai,63,4000,252000,70,25,1,0,7,0,0.0,1.15
2025-01-27,Speaker,Delhi,67,4000,268000,89,25,0,0,7,0,0.0,1.15
2025-01-27,Speaker,Bangalore,69,4000,276000,63,25,0,0,5,0,0.0,1.15
2025-01-27,Speaker,Chennai,66,4000,264000,55,25,0,0,6,0,0.0,1.15
2025-01-27,Speaker,Pune,68,4000,272000,82,25,1,0,2,0,0.0,1.15
2025-01-27,Speaker,Kolkata,73,4000,292000,66,25,1,0,6,0,0.0,1.15
2025-01-27,Speaker,Ahmedabad,69,4000,276000,97,25,1,0,2,0,0.0,1.15
2025-01-28,Laptop,Hyderabad,66,55000,3630000,48,20,0,0,3,0,0.0,1.15
2025-01-28,Laptop,Mumbai,58,55000,3190000,93,20,1,0,4,0,0.0,1.15
2025-01-28,Laptop,Delhi,55,55000,3025000,131,20,1,0,4,0,0.0,1.15
2025-01-28,Laptop,Bangalore,72,55000,3960000,56,20,1,0,7,0,0.0,1.15
2025-01-28,Laptop,Chennai,57,55000,3135000,54,20,0,0,7,0,0.0,1.15
2025-01-28,Laptop,Pune,47,55000,2585000,90,20,1,0,7,0,0.0,1.15
2025-01-28,Laptop,Kolkata,68,55000,3740000,35,20,1,0,3,0,0.0,1.15
2025-01-28,Laptop,Ahmedabad,56,55000,3080000,131,20,1,0,5,0,0.0,1.15
2025-01-28,Mobile,Hyderabad,86,20000,1720000,10,30,1,1,4,0,0.0,1.15
2025-01-28,Mobile,Mumbai,85,20000,1700000,41,30,0,0,3,0,0.0,1.15
2025-01-28,Mobile,Delhi,92,20000,1840000,43,30,1,0,3,0,0.0,1.15
2025-01-28,Mobile,Bangalore,96,20000,1920000,88,30,1,0,5,0,0.0,1.15
2025-01-28,Mobile,Chennai,79,20000,1580000,59,30,1,0,2,0,0.0,1.15
2025-01-28,Mobile,Pune,107,20000,2140000,48,30,1,0,5,0,0.0,1.15
2025-01-28,Mobile,Kolkata,94,20000,1880000,139,30,1,0,3,0,0.0,1.15
2025-01-28,Mobile,Ahmedabad,94,20000,1880000,93,30,1,0,6,0,0.0,1.15
2025-01-28,Tablet,Hyderabad,77,30000,2310000,112,25,1,0,6,0,0.0,1.15
2025-01-28,Tablet,Mumbai,37,30000,1110000,31,25,0,0,6,0,0.0,1.15
2025-01-28,Tablet,Delhi,63,30000,1890000,94,25,1,0,3,0,0.0,1.15
2025-01-28,Tablet,Bangalore,59,30000,1770000,46,25,1,0,6,0,0.0,1.15
2025-01-28,Tablet,Chennai,37,30000,1110000,38,25,0,0,2,0,0.0,1.15
2025-01-28,Tablet,Pune,43,30000,1290000,56,25,0,0,5,0,0.0,1.15
2025-01-28,Tablet,Kolkata,61,30000,1830000,35,25,0,0,4,0,0.0,1.15
2025-01-28,Tablet,Ahmedabad,66,30000,1980000,61,25,1,0,5,0,0.0,1.15
2025-01-28,Headphones,Hyderabad,79,3000,237000,57,40,0,0,5,0,0.0,1.15
2025-01-28,Headphones,Mumbai,85,3000,255000,48,40,1,0,3,0,0.0,1.15
2025-01-28,Headphones,Delhi,72,3000,216000,63,40,1,0,4,0,0.0,1.15
2025-01-28,Headphones,Bangalore,80,3000,240000,96,40,1,0,4,0,0.0,1.15
2025-01-28,Headphones,Chennai,65,3000,195000,71,40,1,0,7,0,0.0,1.15
2025-01-28,Headphones,Pune,79,3000,237000,52,40,0,0,3,0,0.0,1.15
2025-01-28,Headphones,Kolkata,88,3000,264000,85,40,1,0,6,0,0.0,1.15
2025-01-28,Headphones,Ahmedabad,61,3000,183000,120,40,0,0,3,0,0.0,1.15
2025-01-28,Smartwatch,Hyderabad,52,8000,416000,57,20,0,0,7,0,0.0,1.15
2025-01-28,Smartwatch,Mumbai,48,8000,384000,47,20,0,0,7,0,0.0,1.15
2025-01-28,Smartwatch,Delhi,49,8000,392000,43,20,0,0,2,0,0.0,1.15
2025-01-28,Smartwatch,Bangalore,46,8000,368000,78,20,1,0,3,0,0.0,1.15
2025-01-28,Smartwatch,Chennai,53,8000,424000,82,20,0,0,6,0,0.0,1.15
2025-01-28,Smartwatch,Pune,40,8000,320000,60,20,0,0,5,0,0.0,1.15
2025-01-28,Smartwatch,Kolkata,44,8000,352000,82,20,1,0,5,0,0.0,1.15
2025-01-28,Smartwatch,Ahmedabad,26,8000,208000,50,20,0,0,7,0,0.0,1.15
2025-01-28,Keyboard,Hyderabad,91,1500,136500,109,35,1,0,5,0,0.0,1.15
2025-01-28,Keyboard,Mumbai,87,1500,130500,53,35,0,0,6,0,0.0,1.15
2025-01-28,Keyboard,Delhi,69,1500,103500,95,35,1,0,6,0,0.0,1.15
2025-01-28,Keyboard,Bangalore,66,1500,99000,154,35,1,0,7,0,0.0,1.15
2025-01-28,Keyboard,Chennai,72,1500,108000,108,35,1,0,6,0,0.0,1.15
2025-01-28,Keyboard,Pune,85,1500,127500,82,35,1,0,4,0,0.0,1.15
2025-01-28,Keyboard,Kolkata,81,1500,121500,7,35,1,1,2,0,0.0,1.15
2025-01-28,Keyboard,Ahmedabad,75,1500,112500,90,35,1,0,4,0,0.0,1.15
2025-01-28,Monitor,Hyderabad,53,18000,954000,22,15,0,0,4,0,0.0,1.15
2025-01-28,Monitor,Mumbai,62,18000,1116000,27,15,1,0,3,0,0.0,1.15
2025-01-28,Monitor,Delhi,52,18000,936000,62,15,1,0,7,0,0.0,1.15
2025-01-28,Monitor,Bangalore,56,18000,1008000,93,15,1,0,5,0,0.0,1.15
2025-01-28,Monitor,Chennai,56,18000,1008000,89,15,1,0,3,0,0.0,1.15
2025-01-28,Monitor,Pune,56,18000,1008000,83,15,1,0,5,0,0.0,1.15
2025-01-28,Monitor,Kolkata,57,18000,1026000,28,15,0,0,5,0,0.0,1.15
2025-01-28,Monitor,Ahmedabad,57,18000,1026000,40,15,0,0,2,0,0.0,1.15
2025-01-28,Mouse,Hyderabad,102,800,81600,60,50,1,0,4,0,0.0,1.15
2025-01-28,Mouse,Mumbai,101,800,80800,20,50,1,1,2,0,0.0,1.15
2025-01-28,Mouse,Delhi,101,800,80800,0,50,1,1,7,0,0.0,1.15
2025-01-28,Mouse,Bangalore,94,800,75200,67,50,1,0,4,0,0.0,1.15
2025-01-28,Mouse,Chennai,93,800,74400,30,50,1,1,3,0,0.0,1.15
2025-01-28,Mouse,Pune,105,800,84000,0,50,1,1,6,0,0.0,1.15
2025-01-28,Mouse,Kolkata,88,800,70400,44,50,1,1,3,0,0.0,1.15
2025-01-28,Mouse,Ahmedabad,115,800,92000,80,50,1,0,6,0,0.0,1.15
2025-01-28,Printer,Hyderabad,30,12000,360000,96,10,0,0,3,0,0.0,1.15
2025-01-28,Printer,Mumbai,34,12000,408000,54,10,0,0,4,0,0.0,1.15
2025-01-28,Printer,Delhi,20,12000,240000,61,10,0,0,3,0,0.0,1.15
2025-01-28,Printer,Bangalore,35,12000,420000,80,10,0,0,3,0,0.0,1.15
2025-01-28,Printer,Chennai,42,12000,504000,151,10,1,0,6,0,0.0,1.15
2025-01-28,Printer,Pune,46,12000,552000,43,10,0,0,3,0,0.0,1.15
2025-01-28,Printer,Kolkata,44,12000,528000,79,10,1,0,6,0,0.0,1.15
2025-01-28,Printer,Ahmedabad,45,12000,540000,58,10,0,0,4,0,0.0,1.15
2025-01-28,Speaker,Hyderabad,79,4000,316000,35,25,0,0,2,0,0.0,1.15
2025-01-28,Speaker,Mumbai,62,4000,248000,89,25,1,0,3,0,0.0,1.15
2025-01-28,Speaker,Delhi,67,4000,268000,73,25,1,0,7,0,0.0,1.15
2025-01-28,Speaker,Bangalore,69,4000,276000,91,25,1,0,6,0,0.0,1.15
2025-01-28,Speaker,Chennai,65,4000,260000,115,25,1,0,3,0,0.0,1.15
2025-01-28,Speaker,Pune,68,4000,272000,74,25,1,0,6,0,0.0,1.15
2025-01-28,Speaker,Kolkata,56,4000,224000,113,25,1,0,3,0,0.0,1.15
2025-01-28,Speaker,Ahmedabad,88,4000,352000,60,25,1,0,5,0,0.0,1.15
2025-01-29,Laptop,Hyderabad,45,55000,2475000,75,20,1,0,5,0,0.0,1.15
2025-01-29,Laptop,Mumbai,58,55000,3190000,35,20,0,0,5,0,0.0,1.15
2025-01-29,Laptop,Delhi,73,55000,4015000,58,20,0,0,2,0,0.0,1.15
2025-01-29,Laptop,Bangalore,64,55000,3520000,142,20,1,0,4,0,0.0,1.15
2025-01-29,Laptop,Chennai,63,55000,3465000,91,20,1,0,2,0,0.0,1.15
2025-01-29,Laptop,Pune,57,55000,3135000,33,20,0,0,7,0,0.0,1.15
2025-01-29,Laptop,Kolkata,68,55000,3740000,57,20,1,0,2,0,0.0,1.15
2025-01-29,Laptop,Ahmedabad,61,55000,3355000,70,20,0,0,3,0,0.0,1.15
2025-01-29,Mobile,Hyderabad,81,20000,1620000,0,30,1,1,4,0,0.0,1.15
2025-01-29,Mobile,Mumbai,83,20000,1660000,41,30,1,0,7,0,0.0,1.15
2025-01-29,Mobile,Delhi,95,20000,1900000,49,30,1,0,7,0,0.0,1.15
2025-01-29,Mobile,Bangalore,87,20000,1740000,54,30,1,0,3,0,0.0,1.15
2025-01-29,Mobile,Chennai,90,20000,1800000,20,30,1,1,4,0,0.0,1.15
2025-01-29,Mobile,Pune,90,20000,1800000,25,30,1,1,4,0,0.0,1.15
2025-01-29,Mobile,Kolkata,101,20000,2020000,38,30,0,0,6,0,0.0,1.15
2025-01-29,Mobile,Ahmedabad,96,20000,1920000,107,30,1,0,7,0,0.0,1.15
2025-01-29,Tablet,Hyderabad,49,30000,1470000,63,25,0,0,5,0,0.0,1.15
2025-01-29,Tablet,Mumbai,55,30000,1650000,45,25,1,0,4,0,0.0,1.15
2025-01-29,Tablet,Delhi,58,30000,1740000,36,25,0,0,2,0,0.0,1.15
2025-01-29,Tablet,Bangalore,53,30000,1590000,90,25,1,0,2,0,0.0,1.15
2025-01-29,Tablet,Chennai,59,30000,1770000,114,25,1,0,3,0,0.0,1.15
2025-01-29,Tablet,Pune,57,30000,1710000,119,25,1,0,5,0,0.0,1.15
2025-01-29,Tablet,Kolkata,61,30000,1830000,108,25,1,0,5,0,0.0,1.15
2025-01-29,Tablet,Ahmedabad,59,30000,1770000,139,25,1,0,2,0,0.0,1.15
2025-01-29,Headphones,Hyderabad,72,3000,216000,131,40,1,0,4,0,0.0,1.15
2025-01-29,Headphones,Mumbai,74,3000,222000,65,40,1,0,2,0,0.0,1.15
2025-01-29,Headphones,Delhi,80,3000,240000,80,40,1,0,3,0,0.0,1.15
2025-01-29,Headphones,Bangalore,80,3000,240000,119,40,1,0,4,0,0.0,1.15
2025-01-29,Headphones,Chennai,64,3000,192000,128,40,1,0,5,0,0.0,1.15
2025-01-29,Headphones,Pune,69,3000,207000,81,40,1,0,7,0,0.0,1.15
2025-01-29,Headphones,Kolkata,74,3000,222000,77,40,1,0,3,0,0.0,1.15
2025-01-29,Headphones,Ahmedabad,73,3000,219000,47,40,0,0,4,0,0.0,1.15
2025-01-29,Smartwatch,Hyderabad,45,8000,360000,125,20,1,0,7,0,0.0,1.15
2025-01-29,Smartwatch,Mumbai,48,8000,384000,124,20,1,0,3,0,0.0,1.15
2025-01-29,Smartwatch,Delhi,28,8000,224000,102,20,1,0,4,0,0.0,1.15
2025-01-29,Smartwatch,Bangalore,41,8000,328000,37,20,0,0,6,0,0.0,1.15
2025-01-29,Smartwatch,Chennai,46,8000,368000,36,20,0,0,2,0,0.0,1.15
2025-01-29,Smartwatch,Pune,39,8000,312000,21,20,0,0,2,0,0.0,1.15
2025-01-29,Smartwatch,Kolkata,45,8000,360000,37,20,0,0,3,0,0.0,1.15
2025-01-29,Smartwatch,Ahmedabad,47,8000,376000,98,20,1,0,6,0,0.0,1.15
2025-01-29,Keyboard,Hyderabad,77,1500,115500,139,35,1,0,6,0,0.0,1.15
2025-01-29,Keyboard,Mumbai,92,1500,138000,46,35,1,0,2,0,0.0,1.15
2025-01-29,Keyboard,Delhi,79,1500,118500,136,35,1,0,6,0,0.0,1.15
2025-01-29,Keyboard,Bangalore,81,1500,121500,73,35,0,0,2,0,0.0,1.15
2025-01-29,Keyboard,Chennai,70,1500,105000,38,35,0,0,5,0,0.0,1.15
2025-01-29,Keyboard,Pune,99,1500,148500,39,35,1,0,4,0,0.0,1.15
2025-01-29,Keyboard,Kolkata,87,1500,130500,0,35,1,1,2,0,0.0,1.15
2025-01-29,Keyboard,Ahmedabad,76,1500,114000,143,35,1,0,7,0,0.0,1.15
2025-01-29,Monitor,Hyderabad,48,18000,864000,84,15,1,0,2,0,0.0,1.15
2025-01-29,Monitor,Mumbai,66,18000,1188000,24,15,1,0,3,0,0.0,1.15
2025-01-29,Monitor,Delhi,42,18000,756000,20,15,0,0,4,0,0.0,1.15
2025-01-29,Monitor,Bangalore,56,18000,1008000,37,15,0,0,7,0,0.0,1.15
2025-01-29,Monitor,Chennai,57,18000,1026000,32,15,0,0,5,0,0.0,1.15
2025-01-29,Monitor,Pune,58,18000,1044000,25,15,0,0,3,0,0.0,1.15
2025-01-29,Monitor,Kolkata,38,18000,684000,43,15,1,0,3,0,0.0,1.15
2025-01-29,Monitor,Ahmedabad,44,18000,792000,84,15,1,0,6,0,0.0,1.15
2025-01-29,Mouse,Hyderabad,106,800,84800,90,50,1,0,3,0,0.0,1.15
2025-01-29,Mouse,Mumbai,111,800,88800,7,50,1,1,6,0,0.0,1.15
2025-01-29,Mouse,Delhi,106,800,84800,0,50,1,1,6,0,0.0,1.15
2025-01-29,Mouse,Bangalore,116,800,92800,79,50,1,0,2,0,0.0,1.15
2025-01-29,Mouse,Chennai,94,800,75200,0,50,1,1,5,0,0.0,1.15
2025-01-29,Mouse,Pune,101,800,80800,25,50,1,1,7,0,0.0,1.15
2025-01-29,Mouse,Kolkata,114,800,91200,50,50,1,0,5,0,0.0,1.15
2025-01-29,Mouse,Ahmedabad,89,800,71200,64,50,1,0,6,0,0.0,1.15
2025-01-29,Printer,Hyderabad,31,12000,372000,65,10,0,0,2,0,0.0,1.15
2025-01-29,Printer,Mumbai,36,12000,432000,18,10,0,0,3,0,0.0,1.15
2025-01-29,Printer,Delhi,27,12000,324000,34,10,0,0,4,0,0.0,1.15
2025-01-29,Printer,Bangalore,33,12000,396000,47,10,0,0,2,0,0.0,1.15
2025-01-29,Printer,Chennai,40,12000,480000,111,10,0,0,3,0,0.0,1.15
2025-01-29,Printer,Pune,32,12000,384000,11,10,0,0,4,0,0.0,1.15
2025-01-29,Printer,Kolkata,35,12000,420000,44,10,0,0,6,0,0.0,1.15
2025-01-29,Printer,Ahmedabad,30,12000,360000,28,10,0,0,3,0,0.0,1.15
2025-01-29,Speaker,Hyderabad,72,4000,288000,79,25,1,0,6,0,0.0,1.15
2025-01-29,Speaker,Mumbai,56,4000,224000,33,25,0,0,2,0,0.0,1.15
2025-01-29,Speaker,Delhi,85,4000,340000,112,25,1,0,5,0,0.0,1.15
2025-01-29,Speaker,Bangalore,68,4000,272000,74,25,1,0,5,0,0.0,1.15
2025-01-29,Speaker,Chennai,70,4000,280000,45,25,0,0,3,0,0.0,1.15
2025-01-29,Speaker,Pune,82,4000,328000,142,25,1,0,4,0,0.0,1.15
2025-01-29,Speaker,Kolkata,66,4000,264000,47,25,0,0,4,0,0.0,1.15
2025-01-29,Speaker,Ahmedabad,74,4000,296000,61,25,1,0,4,0,0.0,1.15
2025-01-30,Laptop,Hyderabad,62,55000,3410000,136,20,1,0,2,0,0.0,1.15
2025-01-30,Laptop,Mumbai,54,55000,2970000,79,20,1,0,6,0,0.0,1.15
2025-01-30,Laptop,Delhi,67,55000,3685000,83,20,1,0,5,0,0.0,1.15
2025-01-30,Laptop,Bangalore,60,55000,3300000,82,20,0,0,7,0,0.0,1.15
2025-01-30,Laptop,Chennai,67,55000,3685000,24,20,0,0,5,0,0.0,1.15
2025-01-30,Laptop,Pune,61,55000,3355000,118,20,1,0,2,0,0.0,1.15
2025-01-30,Laptop,Kolkata,60,55000,3300000,120,20,1,0,5,0,0.0,1.15
2025-01-30,Laptop,Ahmedabad,63,55000,3465000,127,20,1,0,5,0,0.0,1.15
2025-01-30,Mobile,Hyderabad,89,20000,1780000,43,30,1,0,3,0,0.0,1.15
2025-01-30,Mobile,Mumbai,89,20000,1780000,17,30,1,1,3,0,0.0,1.15
2025-01-30,Mobile,Delhi,90,20000,1800000,100,30,1,0,2,0,0.0,1.15
2025-01-30,Mobile,Bangalore,89,20000,1780000,87,30,1,0,2,0,0.0,1.15
2025-01-30,Mobile,Chennai,105,20000,2100000,0,30,1,1,2,0,0.0,1.15
2025-01-30,Mobile,Pune,83,20000,1660000,54,30,1,0,7,0,0.0,1.15
2025-01-30,Mobile,Kolkata,86,20000,1720000,14,30,1,1,3,0,0.0,1.15
2025-01-30,Mobile,Ahmedabad,102,20000,2040000,129,30,1,0,7,0,0.0,1.15
2025-01-30,Tablet,Hyderabad,58,30000,1740000,67,25,1,0,3,0,0.0,1.15
2025-01-30,Tablet,Mumbai,35,30000,1050000,92,25,1,0,5,0,0.0,1.15
2025-01-30,Tablet,Delhi,61,30000,1830000,84,25,1,0,6,0,0.0,1.15
2025-01-30,Tablet,Bangalore,46,30000,1380000,44,25,0,0,3,0,0.0,1.15
2025-01-30,Tablet,Chennai,51,30000,1530000,63,25,0,0,4,0,0.0,1.15
2025-01-30,Tablet,Pune,49,30000,1470000,70,25,0,0,7,0,0.0,1.15
2025-01-30,Tablet,Kolkata,41,30000,1230000,67,25,0,0,5,0,0.0,1.15
2025-01-30,Tablet,Ahmedabad,44,30000,1320000,95,25,0,0,3,0,0.0,1.15
2025-01-30,Headphones,Hyderabad,86,3000,258000,45,40,0,0,7,0,0.0,1.15
2025-01-30,Headphones,Mumbai,83,3000,249000,44,40,1,0,2,0,0.0,1.15
2025-01-30,Headphones,Delhi,73,3000,219000,67,40,1,0,6,0,0.0,1.15
2025-01-30,Headphones,Bangalore,72,3000,216000,47,40,0,0,2,0,0.0,1.15
2025-01-30,Headphones,Chennai,75,3000,225000,53,40,0,0,4,0,0.0,1.15
2025-01-30,Headphones,Pune,73,3000,219000,89,40,1,0,2,0,0.0,1.15
2025-01-30,Headphones,Kolkata,86,3000,258000,77,40,1,0,7,0,0.0,1.15
2025-01-30,Headphones,Ahmedabad,85,3000,255000,76,40,1,0,5,0,0.0,1.15
2025-01-30,Smartwatch,Hyderabad,50,8000,400000,75,20,0,0,5,0,0.0,1.15
2025-01-30,Smartwatch,Mumbai,43,8000,344000,81,20,0,0,7,0,0.0,1.15
2025-01-30,Smartwatch,Delhi,32,8000,256000,70,20,0,0,6,0,0.0,1.15
2025-01-30,Smartwatch,Bangalore,46,8000,368000,137,20,1,0,2,0,0.0,1.15
2025-01-30,Smartwatch,Chennai,58,8000,464000,128,20,1,0,5,0,0.0,1.15
2025-01-30,Smartwatch,Pune,55,8000,440000,25,20,1,0,3,0,0.0,1.15
2025-01-30,Smartwatch,Kolkata,51,8000,408000,44,20,1,0,5,0,0.0,1.15
2025-01-30,Smartwatch,Ahmedabad,58,8000,464000,40,20,0,0,3,0,0.0,1.15
2025-01-30,Keyboard,Hyderabad,77,1500,115500,62,35,0,0,3,0,0.0,1.15
2025-01-30,Keyboard,Mumbai,87,1500,130500,93,35,1,0,5,0,0.0,1.15
2025-01-30,Keyboard,Delhi,85,1500,127500,51,35,0,0,2,0,0.0,1.15
2025-01-30,Keyboard,Bangalore,82,1500,123000,83,35,1,0,3,0,0.0,1.15
2025-01-30,Keyboard,Chennai,100,1500,150000,78,35,1,0,3,0,0.0,1.15
2025-01-30,Keyboard,Pune,73,1500,109500,97,35,1,0,3,0,0.0,1.15
2025-01-30,Keyboard,Kolkata,76,1500,114000,0,35,1,1,7,0,0.0,1.15
2025-01-30,Keyboard,Ahmedabad,77,1500,115500,66,35,0,0,3,0,0.0,1.15
2025-01-30,Monitor,Hyderabad,57,18000,1026000,27,15,0,0,2,0,0.0,1.15
2025-01-30,Monitor,Mumbai,48,18000,864000,105,15,1,0,5,0,0.0,1.15
2025-01-30,Monitor,Delhi,47,18000,846000,67,15,1,0,4,0,0.0,1.15
2025-01-30,Monitor,Bangalore,45,18000,810000,106,15,1,0,5,0,0.0,1.15
2025-01-30,Monitor,Chennai,49,18000,882000,83,15,1,0,5,0,0.0,1.15
2025-01-30,Monitor,Pune,44,18000,792000,77,15,1,0,7,0,0.0,1.15
2025-01-30,Monitor,Kolkata,50,18000,900000,80,15,1,0,3,0,0.0,1.15
2025-01-30,Monitor,Ahmedabad,45,18000,810000,39,15,0,0,6,0,0.0,1.15
2025-01-30,Mouse,Hyderabad,83,800,66400,153,50,1,0,4,0,0.0,1.15
2025-01-30,Mouse,Mumbai,104,800,83200,30,50,1,1,4,0,0.0,1.15
2025-01-30,Mouse,Delhi,82,800,65600,0,50,1,1,4,0,0.0,1.15
2025-01-30,Mouse,Bangalore,91,800,72800,77,50,1,0,6,0,0.0,1.15
2025-01-30,Mouse,Chennai,115,800,92000,22,50,1,1,4,0,0.0,1.15
2025-01-30,Mouse,Pune,85,800,68000,43,50,1,1,3,0,0.0,1.15
2025-01-30,Mouse,Kolkata,93,800,74400,57,50,1,0,3,0,0.0,1.15
2025-01-30,Mouse,Ahmedabad,101,800,80800,24,50,1,1,4,0,0.0,1.15
2025-01-30,Printer,Hyderabad,45,12000,540000,20,10,0,0,6,0,0.0,1.15
2025-01-30,Printer,Mumbai,29,12000,348000,74,10,1,0,6,0,0.0,1.15
2025-01-30,Printer,Delhi,49,12000,588000,135,10,1,0,4,0,0.0,1.15
2025-01-30,Printer,Bangalore,25,12000,300000,22,10,0,0,6,0,0.0,1.15
2025-01-30,Printer,Chennai,38,12000,456000,73,10,0,0,3,0,0.0,1.15
2025-01-30,Printer,Pune,39,12000,468000,117,10,1,0,2,0,0.0,1.15
2025-01-30,Printer,Kolkata,38,12000,456000,100,10,1,0,5,0,0.0,1.15
2025-01-30,Printer,Ahmedabad,39,12000,468000,79,10,1,0,3,0,0.0,1.15
2025-01-30,Speaker,Hyderabad,68,4000,272000,71,25,1,0,3,0,0.0,1.15
2025-01-30,Speaker,Mumbai,68,4000,272000,15,25,1,1,6,0,0.0,1.15
2025-01-30,Speaker,Delhi,69,4000,276000,43,25,0,0,3,0,0.0,1.15
2025-01-30,Speaker,Bangalore,85,4000,340000,104,25,1,0,6,0,0.0,1.15
2025-01-30,Speaker,Chennai,76,4000,304000,66,25,1,0,5,0,0.0,1.15
2025-01-30,Speaker,Pune,63,4000,252000,79,25,0,0,4,0,0.0,1.15
2025-01-30,Speaker,Kolkata,64,4000,256000,84,25,1,0,2,0,0.0,1.15
2025-01-30,Speaker,Ahmedabad,64,4000,256000,66,25,1,0,3,0,0.0,1.15
2025-01-31,Laptop,Hyderabad,62,55000,3410000,74,20,0,0,6,0,0.0,1.15
2025-01-31,Laptop,Mumbai,51,55000,2805000,28,20,0,0,5,0,0.0,1.15
2025-01-31,Laptop,Delhi,72,55000,3960000,115,20,1,0,3,0,0.0,1.15
2025-01-31,Laptop,Bangalore,59,55000,3245000,23,20,0,0,7,0,0.0,1.15
2025-01-31,Laptop,Chennai,69,55000,3795000,79,20,1,0,4,0,0.0,1.15
2025-01-31,Laptop,Pune,72,55000,3960000,46,20,0,0,3,0,0.0,1.15
2025-01-31,Laptop,Kolkata,63,55000,3465000,57,20,0,0,5,0,0.0,1.15
2025-01-31,Laptop,Ahmedabad,65,55000,3575000,62,20,0,0,6,0,0.0,1.15
2025-01-31,Mobile,Hyderabad,90,20000,1800000,39,30,1,0,7,0,0.0,1.15
2025-01-31,Mobile,Mumbai,89,20000,1780000,13,30,1,1,3,0,0.0,1.15
2025-01-31,Mobile,Delhi,89,20000,1780000,129,30,1,0,7,0,0.0,1.15
2025-01-31,Mobile,Bangalore,102,20000,2040000,72,30,1,0,2,0,0.0,1.15
2025-01-31,Mobile,Chennai,86,20000,1720000,0,30,1,1,6,0,0.0,1.15
2025-01-31,Mobile,Pune,99,20000,1980000,35,30,1,0,2,0,0.0,1.15
2025-01-31,Mobile,Kolkata,87,20000,1740000,73,30,1,0,3,0,0.0,1.15
2025-01-31,Mobile,Ahmedabad,96,20000,1920000,33,30,0,0,5,0,0.0,1.15
2025-01-31,Tablet,Hyderabad,60,30000,1800000,141,25,1,0,3,0,0.0,1.15
2025-01-31,Tablet,Mumbai,62,30000,1860000,30,25,0,0,6,0,0.0,1.15
2025-01-31,Tablet,Delhi,60,30000,1800000,112,25,1,0,4,0,0.0,1.15
2025-01-31,Tablet,Bangalore,56,30000,1680000,98,25,1,0,6,0,0.0,1.15
2025-01-31,Tablet,Chennai,62,30000,1860000,107,25,1,0,6,0,0.0,1.15
2025-01-31,Tablet,Pune,53,30000,1590000,124,25,1,0,3,0,0.0,1.15
2025-01-31,Tablet,Kolkata,47,30000,1410000,94,25,1,0,2,0,0.0,1.15
2025-01-31,Tablet,Ahmedabad,55,30000,1650000,40,25,0,0,2,0,0.0,1.15
2025-01-31,Headphones,Hyderabad,71,3000,213000,77,40,1,0,7,0,0.0,1.15
2025-01-31,Headphones,Mumbai,60,3000,180000,57,40,1,0,6,0,0.0,1.15
2025-01-31,Headphones,Delhi,67,3000,201000,86,40,1,0,6,0,0.0,1.15
2025-01-31,Headphones,Bangalore,75,3000,225000,64,40,1,0,7,0,0.0,1.15
2025-01-31,Headphones,Chennai,81,3000,243000,84,40,1,0,7,0,0.0,1.15
2025-01-31,Headphones,Pune,72,3000,216000,95,40,1,0,5,0,0.0,1.15
2025-01-31,Headphones,Kolkata,64,3000,192000,145,40,1,0,4,0,0.0,1.15
2025-01-31,Headphones,Ahmedabad,79,3000,237000,126,40,1,0,6,0,0.0,1.15
2025-01-31,Smartwatch,Hyderabad,29,8000,232000,46,20,0,0,7,0,0.0,1.15
2025-01-31,Smartwatch,Mumbai,31,8000,248000,50,20,0,0,4,0,0.0,1.15
2025-01-31,Smartwatch,Delhi,25,8000,200000,45,20,0,0,5,0,0.0,1.15
2025-01-31,Smartwatch,Bangalore,34,8000,272000,103,20,0,0,3,0,0.0,1.15
2025-01-31,Smartwatch,Chennai,45,8000,360000,83,20,0,0,7,0,0.0,1.15
2025-01-31,Smartwatch,Pune,53,8000,424000,48,20,1,0,5,0,0.0,1.15
2025-01-31,Smartwatch,Kolkata,44,8000,352000,53,20,1,0,7,0,0.0,1.15
2025-01-31,Smartwatch,Ahmedabad,38,8000,304000,95,20,1,0,5,0,0.0,1.15
2025-01-31,Keyboard,Hyderabad,69,1500,103500,81,35,1,0,2,0,0.0,1.15
2025-01-31,Keyboard,Mumbai,73,1500,109500,118,35,1,0,7,0,0.0,1.15
2025-01-31,Keyboard,Delhi,82,1500,123000,114,35,1,0,7,0,0.0,1.15
2025-01-31,Keyboard,Bangalore,77,1500,115500,125,35,1,0,4,0,0.0,1.15
2025-01-31,Keyboard,Chennai,81,1500,121500,69,35,1,0,2,0,0.0,1.15
2025-01-31,Keyboard,Pune,85,1500,127500,80,35,1,0,3,0,0.0,1.15
2025-01-31,Keyboard,Kolkata,86,1500,129000,4,35,1,1,2,0,0.0,1.15
2025-01-31,Keyboard,Ahmedabad,72,1500,108000,130,35,1,0,3,0,0.0,1.15
2025-01-31,Monitor,Hyderabad,48,18000,864000,110,15,1,0,2,0,0.0,1.15
2025-01-31,Monitor,Mumbai,53,18000,954000,52,15,0,0,6,0,0.0,1.15
2025-01-31,Monitor,Delhi,56,18000,1008000,85,15,1,0,5,0,0.0,1.15
2025-01-31,Monitor,Bangalore,52,18000,936000,54,15,0,0,7,0,0.0,1.15
2025-01-31,Monitor,Chennai,40,18000,720000,43,15,0,0,4,0,0.0,1.15
2025-01-31,Monitor,Pune,50,18000,900000,27,15,0,0,4,0,0.0,1.15
2025-01-31,Monitor,Kolkata,61,18000,1098000,19,15,0,0,7,0,0.0,1.15
2025-01-31,Monitor,Ahmedabad,33,18000,594000,65,15,1,0,6,0,0.0,1.15
2025-01-31,Mouse,Hyderabad,104,800,83200,165,50,1,0,7,0,0.0,1.15
2025-01-31,Mouse,Mumbai,107,800,85600,55,50,1,0,7,0,0.0,1.15
2025-01-31,Mouse,Delhi,88,800,70400,0,50,1,1,5,0,0.0,1.15
2025-01-31,Mouse,Bangalore,112,800,89600,101,50,1,0,5,0,0.0,1.15
2025-01-31,Mouse,Chennai,88,800,70400,31,50,1,1,2,0,0.0,1.15
2025-01-31,Mouse,Pune,94,800,75200,12,50,1,1,7,0,0.0,1.15
2025-01-31,Mouse,Kolkata,97,800,77600,47,50,1,1,6,0,0.0,1.15
2025-01-31,Mouse,Ahmedabad,97,800,77600,0,50,1,1,6,0,0.0,1.15
2025-01-31,Printer,Hyderabad,31,12000,372000,119,10,1,0,3,0,0.0,1.15
2025-01-31,Printer,Mumbai,33,12000,396000,41,10,0,0,6,0,0.0,1.15
2025-01-31,Printer,Delhi,37,12000,444000,98,10,0,0,7,0,0.0,1.15
2025-01-31,Printer,Bangalore,31,12000,372000,59,10,1,0,6,0,0.0,1.15
2025-01-31,Printer,Chennai,48,12000,576000,25,10,0,0,6,0,0.0,1.15
2025-01-31,Printer,Pune,45,12000,540000,72,10,0,0,7,0,0.0,1.15
2025-01-31,Printer,Kolkata,32,12000,384000,68,10,0,0,5,0,0.0,1.15
2025-01-31,Printer,Ahmedabad,30,12000,360000,49,10,0,0,5,0,0.0,1.15
2025-01-31,Speaker,Hyderabad,64,4000,256000,74,25,1,0,3,0,0.0,1.15
2025-01-31,Speaker,Mumbai,75,4000,300000,68,25,1,0,2,0,0.0,1.15
2025-01-31,Speaker,Delhi,61,4000,244000,41,25,1,0,5,0,0.0,1.15
2025-01-31,Speaker,Bangalore,61,4000,244000,43,25,0,0,3,0,0.0,1.15
2025-01-31,Speaker,Chennai,63,4000,252000,91,25,1,0,5,0,0.0,1.15
2025-01-31,Speaker,Pune,57,4000,228000,95,25,1,0,3,0,0.0,1.15
2025-01-31,Speaker,Kolkata,55,4000,220000,29,25,0,0,6,0,0.0,1.15
2025-01-31,Speaker,Ahmedabad,62,4000,248000,89,25,1,0,3,0,0.0,1.15
2025-02-01,Laptop,Hyderabad,44,55000,2420000,30,20,0,0,6,1,18.3,0.9
2025-02-01,Laptop,Mumbai,49,55000,2695000,126,20,1,0,2,1,18.3,0.9
2025-02-01,Laptop,Delhi,64,55000,3520000,51,20,0,0,7,1,18.3,0.9
2025-02-01,Laptop,Bangalore,66,55000,3630000,84,20,1,0,6,1,18.3,0.9
2025-02-01,Laptop,Chennai,71,55000,3905000,129,20,1,0,7,1,18.3,0.9
2025-02-01,Laptop,Pune,62,55000,3410000,105,20,1,0,5,1,18.3,0.9
2025-02-01,Laptop,Kolkata,71,55000,3905000,36,20,1,0,7,1,18.3,0.9
2025-02-01,Laptop,Ahmedabad,58,55000,3190000,118,20,1,0,2,1,18.3,0.9
2025-02-01,Mobile,Hyderabad,78,20000,1560000,80,30,1,0,4,1,18.3,0.9
2025-02-01,Mobile,Mumbai,84,20000,1680000,34,30,1,0,2,1,18.3,0.9
2025-02-01,Mobile,Delhi,93,20000,1860000,36,30,0,0,7,1,18.3,0.9
2025-02-01,Mobile,Bangalore,74,20000,1480000,141,30,1,0,5,1,18.3,0.9
2025-02-01,Mobile,Chennai,100,20000,2000000,0,30,1,1,2,1,18.3,0.9
2025-02-01,Mobile,Pune,82,20000,1640000,20,30,1,1,7,1,18.3,0.9
2025-02-01,Mobile,Kolkata,106,20000,2120000,74,30,1,0,3,1,18.3,0.9
2025-02-01,Mobile,Ahmedabad,78,20000,1560000,92,30,1,0,7,1,18.3,0.9
2025-02-01,Tablet,Hyderabad,51,30000,1530000,90,25,0,0,6,1,18.3,0.9
2025-02-01,Tablet,Mumbai,47,30000,1410000,67,25,1,0,2,1,18.3,0.9
2025-02-01,Tablet,Delhi,56,30000,1680000,56,25,0,0,7,1,18.3,0.9
2025-02-01,Tablet,Bangalore,36,30000,1080000,62,25,0,0,2,1,18.3,0.9
2025-02-01,Tablet,Chennai,58,30000,1740000,49,25,0,0,3,1,18.3,0.9
2025-02-01,Tablet,Pune,49,30000,1470000,75,25,0,0,7,1,18.3,0.9
2025-02-01,Tablet,Kolkata,54,30000,1620000,40,25,0,0,4,1,18.3,0.9
2025-02-01,Tablet,Ahmedabad,48,30000,1440000,129,25,1,0,2,1,18.3,0.9
2025-02-01,Headphones,Hyderabad,68,3000,204000,67,40,1,0,5,1,18.3,0.9
2025-02-01,Headphones,Mumbai,62,3000,186000,137,40,1,0,5,1,18.3,0.9
2025-02-01,Headphones,Delhi,66,3000,198000,87,40,1,0,7,1,18.3,0.9
2025-02-01,Headphones,Bangalore,78,3000,234000,66,40,1,0,2,1,18.3,0.9
2025-02-01,Headphones,Chennai,77,3000,231000,106,40,1,0,3,1,18.3,0.9
2025-02-01,Headphones,Pune,69,3000,207000,173,40,1,0,5,1,18.3,0.9
2025-02-01,Headphones,Kolkata,61,3000,183000,84,40,0,0,7,1,18.3,0.9
2025-02-01,Headphones,Ahmedabad,78,3000,234000,48,40,0,0,6,1,18.3,0.9
2025-02-01,Smartwatch,Hyderabad,22,8000,176000,24,20,0,0,4,1,18.3,0.9
2025-02-01,Smartwatch,Mumbai,36,8000,288000,91,20,1,0,4,1,18.3,0.9
2025-02-01,Smartwatch,Delhi,53,8000,424000,141,20,1,0,6,1,18.3,0.9
2025-02-01,Smartwatch,Bangalore,40,8000,320000,63,20,0,0,4,1,18.3,0.9
2025-02-01,Smartwatch,Chennai,43,8000,344000,40,20,0,0,7,1,18.3,0.9
2025-02-01,Smartwatch,Pune,46,8000,368000,82,20,1,0,5,1,18.3,0.9
2025-02-01,Smartwatch,Kolkata,55,8000,440000,141,20,1,0,3,1,18.3,0.9
2025-02-01,Smartwatch,Ahmedabad,36,8000,288000,59,20,0,0,2,1,18.3,0.9
2025-02-01,Keyboard,Hyderabad,66,1500,99000,92,35,1,0,4,1,18.3,0.9
2025-02-01,Keyboard,Mumbai,81,1500,121500,37,35,0,0,5,1,18.3,0.9
2025-02-01,Keyboard,Delhi,71,1500,106500,43,35,0,0,6,1,18.3,0.9
2025-02-01,Keyboard,Bangalore,72,1500,108000,53,35,0,0,4,1,18.3,0.9
2025-02-01,Keyboard,Chennai,77,1500,115500,79,35,1,0,2,1,18.3,0.9
2025-02-01,Keyboard,Pune,65,1500,97500,133,35,1,0,3,1,18.3,0.9
2025-02-01,Keyboard,Kolkata,77,1500,115500,1,35,1,1,6,1,18.3,0.9
2025-02-01,Keyboard,Ahmedabad,79,1500,118500,51,35,0,0,4,1,18.3,0.9
2025-02-01,Monitor,Hyderabad,47,18000,846000,63,15,0,0,7,1,18.3,0.9
2025-02-01,Monitor,Mumbai,58,18000,1044000,52,15,1,0,3,1,18.3,0.9
2025-02-01,Monitor,Delhi,56,18000,1008000,29,15,0,0,3,1,18.3,0.9
2025-02-01,Monitor,Bangalore,51,18000,918000,106,15,1,0,6,1,18.3,0.9
2025-02-01,Monitor,Chennai,49,18000,882000,82,15,1,0,2,1,18.3,0.9
2025-02-01,Monitor,Pune,41,18000,738000,65,15,1,0,2,1,18.3,0.9
2025-02-01,Monitor,Kolkata,46,18000,828000,74,15,1,0,5,1,18.3,0.9
2025-02-01,Monitor,Ahmedabad,45,18000,810000,20,15,0,0,3,1,18.3,0.9
2025-02-01,Mouse,Hyderabad,88,800,70400,77,50,0,0,2,1,18.3,0.9
2025-02-01,Mouse,Mumbai,86,800,68800,73,50,1,0,6,1,18.3,0.9
2025-02-01,Mouse,Delhi,95,800,76000,0,50,1,1,4,1,18.3,0.9
2025-02-01,Mouse,Bangalore,98,800,78400,110,50,1,0,5,1,18.3,0.9
2025-02-01,Mouse,Chennai,97,800,77600,37,50,1,1,3,1,18.3,0.9
2025-02-01,Mouse,Pune,98,800,78400,40,50,1,1,4,1,18.3,0.9
2025-02-01,Mouse,Kolkata,88,800,70400,63,50,1,0,6,1,18.3,0.9
2025-02-01,Mouse,Ahmedabad,105,800,84000,18,50,1,1,7,1,18.3,0.9
2025-02-01,Printer,Hyderabad,9,12000,108000,110,10,0,0,3,1,18.3,0.9
2025-02-01,Printer,Mumbai,34,12000,408000,115,10,1,0,7,1,18.3,0.9
2025-02-01,Printer,Delhi,38,12000,456000,60,10,0,0,4,1,18.3,0.9
2025-02-01,Printer,Bangalore,29,12000,348000,30,10,0,0,3,1,18.3,0.9
2025-02-01,Printer,Chennai,33,12000,396000,139,10,1,0,7,1,18.3,0.9
2025-02-01,Printer,Pune,31,12000,372000,41,10,0,0,4,1,18.3,0.9
2025-02-01,Printer,Kolkata,27,12000,324000,41,10,0,0,3,1,18.3,0.9
2025-02-01,Printer,Ahmedabad,40,12000,480000,96,10,1,0,7,1,18.3,0.9
2025-02-01,Speaker,Hyderabad,60,4000,240000,138,25,1,0,7,1,18.3,0.9
2025-02-01,Speaker,Mumbai,67,4000,268000,67,25,1,0,5,1,18.3,0.9
2025-02-01,Speaker,Delhi,73,4000,292000,72,25,1,0,3,1,18.3,0.9
2025-02-01,Speaker,Bangalore,69,4000,276000,81,25,1,0,7,1,18.3,0.9
2025-02-01,Speaker,Chennai,60,4000,240000,31,25,0,0,7,1,18.3,0.9
2025-02-01,Speaker,Pune,65,4000,260000,30,25,0,0,3,1,18.3,0.9
2025-02-01,Speaker,Kolkata,63,4000,252000,67,25,1,0,7,1,18.3,0.9
2025-02-01,Speaker,Ahmedabad,64,4000,256000,25,25,0,0,3,1,18.3,0.9
2025-02-02,Laptop,Hyderabad,35,55000,1925000,85,20,1,0,7,0,0.0,0.9
2025-02-02,Laptop,Mumbai,40,55000,2200000,86,20,0,0,3,0,0.0,0.9
2025-02-02,Laptop,Delhi,57,55000,3135000,83,20,1,0,6,0,0.0,0.9
2025-02-02,Laptop,Bangalore,42,55000,2310000,42,20,0,0,4,0,0.0,0.9
2025-02-02,Laptop,Chennai,38,55000,2090000,91,20,0,0,7,0,0.0,0.9
2025-02-02,Laptop,Pune,38,55000,2090000,67,20,0,0,7,0,0.0,0.9
2025-02-02,Laptop,Kolkata,42,55000,2310000,84,20,1,0,7,0,0.0,0.9
2025-02-02,Laptop,Ahmedabad,44,55000,2420000,74,20,0,0,3,0,0.0,0.9
2025-02-02,Mobile,Hyderabad,71,20000,1420000,78,30,1,0,6,0,0.0,0.9
2025-02-02,Mobile,Mumbai,72,20000,1440000,31,30,1,0,7,0,0.0,0.9
2025-02-02,Mobile,Delhi,77,20000,1540000,64,30,1,0,6,0,0.0,0.9
2025-02-02,Mobile,Bangalore,62,20000,1240000,79,30,0,0,6,0,0.0,0.9
2025-02-02,Mobile,Chennai,75,20000,1500000,60,30,1,0,5,0,0.0,0.9
2025-02-02,Mobile,Pune,54,20000,1080000,108,30,1,0,7,0,0.0,0.9
2025-02-02,Mobile,Kolkata,80,20000,1600000,65,30,1,0,6,0,0.0,0.9
2025-02-02,Mobile,Ahmedabad,67,20000,1340000,138,30,1,0,2,0,0.0,0.9
2025-02-02,Tablet,Hyderabad,49,30000,1470000,41,25,0,0,5,0,0.0,0.9
2025-02-02,Tablet,Mumbai,47,30000,1410000,142,25,1,0,2,0,0.0,0.9
2025-02-02,Tablet,Delhi,38,30000,1140000,82,25,1,0,5,0,0.0,0.9
2025-02-02,Tablet,Bangalore,34,30000,1020000,28,25,0,0,3,0,0.0,0.9
2025-02-02,Tablet,Chennai,49,30000,1470000,126,25,1,0,7,0,0.0,0.9
2025-02-02,Tablet,Pune,49,30000,1470000,26,25,0,0,2,0,0.0,0.9
2025-02-02,Tablet,Kolkata,46,30000,1380000,87,25,1,0,7,0,0.0,0.9
2025-02-02,Tablet,Ahmedabad,21,30000,630000,108,25,0,0,2,0,0.0,0.9
2025-02-02,Headphones,Hyderabad,62,3000,186000,130,40,1,0,2,0,0.0,0.9
2025-02-02,Headphones,Mumbai,52,3000,156000,85,40,0,0,2,0,0.0,0.9
2025-02-02,Headphones,Delhi,59,3000,177000,156,40,1,0,7,0,0.0,0.9
2025-02-02,Headphones,Bangalore,50,3000,150000,135,40,1,0,4,0,0.0,0.9
2025-02-02,Headphones,Chennai,50,3000,150000,56,40,0,0,4,0,0.0,0.9
2025-02-02,Headphones,Pune,58,3000,174000,115,40,0,0,3,0,0.0,0.9
2025-02-02,Headphones,Kolkata,64,3000,192000,87,40,1,0,2,0,0.0,0.9
2025-02-02,Headphones,Ahmedabad,52,3000,156000,144,40,1,0,5,0,0.0,0.9
2025-02-02,Smartwatch,Hyderabad,36,8000,288000,102,20,1,0,3,0,0.0,0.9
2025-02-02,Smartwatch,Mumbai,33,8000,264000,58,20,0,0,3,0,0.0,0.9
2025-02-02,Smartwatch,Delhi,36,8000,288000,105,20,0,0,7,0,0.0,0.9
2025-02-02,Smartwatch,Bangalore,23,8000,184000,40,20,0,0,5,0,0.0,0.9
2025-02-02,Smartwatch,Chennai,40,8000,320000,84,20,1,0,6,0,0.0,0.9
2025-02-02,Smartwatch,Pune,31,8000,248000,51,20,0,0,5,0,0.0,0.9
2025-02-02,Smartwatch,Kolkata,30,8000,240000,111,20,0,0,4,0,0.0,0.9
2025-02-02,Smartwatch,Ahmedabad,47,8000,376000,132,20,1,0,5,0,0.0,0.9
2025-02-02,Keyboard,Hyderabad,62,1500,93000,95,35,1,0,2,0,0.0,0.9
2025-02-02,Keyboard,Mumbai,59,1500,88500,125,35,1,0,2,0,0.0,0.9
2025-02-02,Keyboard,Delhi,41,1500,61500,76,35,1,0,4,0,0.0,0.9
2025-02-02,Keyboard,Bangalore,74,1500,111000,29,35,1,1,7,0,0.0,0.9
2025-02-02,Keyboard,Chennai,67,1500,100500,109,35,1,0,3,0,0.0,0.9
2025-02-02,Keyboard,Pune,64,1500,96000,69,35,0,0,4,0,0.0,0.9
2025-02-02,Keyboard,Kolkata,66,1500,99000,51,35,1,0,3,0,0.0,0.9
2025-02-02,Keyboard,Ahmedabad,75,1500,112500,123,35,1,0,7,0,0.0,0.9
2025-02-02,Monitor,Hyderabad,43,18000,774000,20,15,0,0,6,0,0.0,0.9
2025-02-02,Monitor,Mumbai,33,18000,594000,19,15,0,0,5,0,0.0,0.9
2025-02-02,Monitor,Delhi,33,18000,594000,111,15,1,0,6,0,0.0,0.9
2025-02-02,Monitor,Bangalore,39,18000,702000,67,15,0,0,6,0,0.0,0.9
2025-02-02,Monitor,Chennai,45,18000,810000,37,15,0,0,5,0,0.0,0.9
2025-02-02,Monitor,Pune,37,18000,666000,28,15,0,0,7,0,0.0,0.9
2025-02-02,Monitor,Kolkata,45,18000,810000,29,15,0,0,3,0,0.0,0.9
2025-02-02,Monitor,Ahmedabad,37,18000,666000,96,15,1,0,3,0,0.0,0.9
2025-02-02,Mouse,Hyderabad,85,800,68000,79,50,1,0,6,0,0.0,0.9
2025-02-02,Mouse,Mumbai,87,800,69600,122,50,1,0,6,0,0.0,0.9
2025-02-02,Mouse,Delhi,67,800,53600,15,50,1,1,3,0,0.0,0.9
2025-02-02,Mouse,Bangalore,73,800,58400,157,50,1,0,4,0,0.0,0.9
2025-02-02,Mouse,Chennai,84,800,67200,15,50,1,1,4,0,0.0,0.9
2025-02-02,Mouse,Pune,71,800,56800,65,50,1,0,5,0,0.0,0.9
2025-02-02,Mouse,Kolkata,68,800,54400,144,50,1,0,6,0,0.0,0.9
2025-02-02,Mouse,Ahmedabad,76,800,60800,56,50,1,0,4,0,0.0,0.9
2025-02-02,Printer,Hyderabad,37,12000,444000,73,10,0,0,2,0,0.0,0.9
2025-02-02,Printer,Mumbai,24,12000,288000,91,10,0,0,5,0,0.0,0.9
2025-02-02,Printer,Delhi,16,12000,192000,44,10,0,0,7,0,0.0,0.9
2025-02-02,Printer,Bangalore,16,12000,192000,14,10,0,0,2,0,0.0,0.9
2025-02-02,Printer,Chennai,16,12000,192000,123,10,0,0,5,0,0.0,0.9
2025-02-02,Printer,Pune,22,12000,264000,19,10,0,0,4,0,0.0,0.9
2025-02-02,Printer,Kolkata,13,12000,156000,28,10,0,0,3,0,0.0,0.9
2025-02-02,Printer,Ahmedabad,30,12000,360000,66,10,0,0,6,0,0.0,0.9
2025-02-02,Speaker,Hyderabad,54,4000,216000,84,25,0,0,7,0,0.0,0.9
2025-02-02,Speaker,Mumbai,62,4000,248000,81,25,1,0,2,0,0.0,0.9
2025-02-02,Speaker,Delhi,58,4000,232000,160,25,1,0,2,0,0.0,0.9
2025-02-02,Speaker,Bangalore,65,4000,260000,126,25,1,0,4,0,0.0,0.9
2025-02-02,Speaker,Chennai,48,4000,192000,133,25,1,0,6,0,0.0,0.9
2025-02-02,Speaker,Pune,41,4000,164000,121,25,1,0,3,0,0.0,0.9
2025-02-02,Speaker,Kolkata,42,4000,168000,25,25,0,0,5,0,0.0,0.9
2025-02-02,Speaker,Ahmedabad,48,4000,192000,70,25,1,0,5,0,0.0,0.9
2025-02-03,Laptop,Hyderabad,44,55000,2420000,41,20,0,0,3,0,0.0,0.9
2025-02-03,Laptop,Mumbai,44,55000,2420000,42,20,0,0,7,0,0.0,0.9
2025-02-03,Laptop,Delhi,33,55000,1815000,50,20,0,0,3,0,0.0,0.9
2025-02-03,Laptop,Bangalore,56,55000,3080000,99,20,1,0,5,0,0.0,0.9
2025-02-03,Laptop,Chennai,67,55000,3685000,24,20,0,0,2,0,0.0,0.9
2025-02-03,Laptop,Pune,65,55000,3575000,95,20,1,0,6,0,0.0,0.9
2025-02-03,Laptop,Kolkata,48,55000,2640000,36,20,0,0,7,0,0.0,0.9
2025-02-03,Laptop,Ahmedabad,52,55000,2860000,22,20,0,0,4,0,0.0,0.9
2025-02-03,Mobile,Hyderabad,71,20000,1420000,140,30,1,0,7,0,0.0,0.9
2025-02-03,Mobile,Mumbai,82,20000,1640000,70,30,1,0,3,0,0.0,0.9
2025-02-03,Mobile,Delhi,71,20000,1420000,82,30,1,0,6,0,0.0,0.9
2025-02-03,Mobile,Bangalore,74,20000,1480000,133,30,1,0,7,0,0.0,0.9
2025-02-03,Mobile,Chennai,75,20000,1500000,124,30,1,0,2,0,0.0,0.9
2025-02-03,Mobile,Pune,76,20000,1520000,32,30,0,0,6,0,0.0,0.9
2025-02-03,Mobile,Kolkata,55,20000,1100000,150,30,1,0,4,0,0.0,0.9
2025-02-03,Mobile,Ahmedabad,65,20000,1300000,73,30,0,0,3,0,0.0,0.9
2025-02-03,Tablet,Hyderabad,44,30000,1320000,133,25,1,0,2,0,0.0,0.9
2025-02-03,Tablet,Mumbai,51,30000,1530000,91,25,0,0,6,0,0.0,0.9
2025-02-03,Tablet,Delhi,35,30000,1050000,47,25,0,0,7,0,0.0,0.9
2025-02-03,Tablet,Bangalore,50,30000,1500000,64,25,1,0,5,0,0.0,0.9
2025-02-03,Tablet,Chennai,32,30000,960000,94,25,0,0,5,0,0.0,0.9
2025-02-03,Tablet,Pune,44,30000,1320000,39,25,1,0,6,0,0.0,0.9
2025-02-03,Tablet,Kolkata,48,30000,1440000,39,25,0,0,5,0,0.0,0.9
2025-02-03,Tablet,Ahmedabad,53,30000,1590000,55,25,0,0,4,0,0.0,0.9
2025-02-03,Headphones,Hyderabad,50,3000,150000,80,40,0,0,5,0,0.0,0.9
2025-02-03,Headphones,Mumbai,60,3000,180000,160,40,1,0,4,0,0.0,0.9
2025-02-03,Headphones,Delhi,65,3000,195000,91,40,0,0,4,0,0.0,0.9
2025-02-03,Headphones,Bangalore,71,3000,213000,64,40,0,0,4,0,0.0,0.9
2025-02-03,Headphones,Chennai,49,3000,147000,60,40,1,0,4,0,0.0,0.9
2025-02-03,Headphones,Pune,52,3000,156000,63,40,0,0,5,0,0.0,0.9
2025-02-03,Headphones,Kolkata,63,3000,189000,84,40,1,0,6,0,0.0,0.9
2025-02-03,Headphones,Ahmedabad,41,3000,123000,103,40,0,0,6,0,0.0,0.9
2025-02-03,Smartwatch,Hyderabad,39,8000,312000,63,20,0,0,4,0,0.0,0.9
2025-02-03,Smartwatch,Mumbai,35,8000,280000,23,20,0,0,3,0,0.0,0.9
2025-02-03,Smartwatch,Delhi,50,8000,400000,55,20,0,0,4,0,0.0,0.9
2025-02-03,Smartwatch,Bangalore,28,8000,224000,94,20,1,0,7,0,0.0,0.9
2025-02-03,Smartwatch,Chennai,47,8000,376000,37,20,0,0,2,0,0.0,0.9
2025-02-03,Smartwatch,Pune,37,8000,296000,104,20,1,0,2,0,0.0,0.9
2025-02-03,Smartwatch,Kolkata,48,8000,384000,63,20,0,0,5,0,0.0,0.9
2025-02-03,Smartwatch,Ahmedabad,42,8000,336000,90,20,0,0,2,0,0.0,0.9
2025-02-03,Keyboard,Hyderabad,58,1500,87000,37,35,0,0,2,0,0.0,0.9
2025-02-03,Keyboard,Mumbai,66,1500,99000,59,35,0,0,6,0,0.0,0.9
2025-02-03,Keyboard,Delhi,77,1500,115500,131,35,1,0,7,0,0.0,0.9
2025-02-03,Keyboard,Bangalore,60,1500,90000,75,35,1,0,3,0,0.0,0.9
2025-02-03,Keyboard,Chennai,70,1500,105000,39,35,0,0,2,0,0.0,0.9
2025-02-03,Keyboard,Pune,53,1500,79500,80,35,1,0,2,0,0.0,0.9
2025-02-03,Keyboard,Kolkata,69,1500,103500,86,35,1,0,4,0,0.0,0.9
2025-02-03,Keyboard,Ahmedabad,69,1500,103500,54,35,0,0,7,0,0.0,0.9
2025-02-03,Monitor,Hyderabad,56,18000,1008000,101,15,1,0,4,0,0.0,0.9
2025-02-03,Monitor,Mumbai,46,18000,828000,87,15,1,0,5,0,0.0,0.9
2025-02-03,Monitor,Delhi,41,18000,738000,70,15,0,0,5,0,0.0,0.9
2025-02-03,Monitor,Bangalore,33,18000,594000,34,15,0,0,6,0,0.0,0.9
2025-02-03,Monitor,Chennai,39,18000,702000,94,15,1,0,2,0,0.0,0.9
2025-02-03,Monitor,Pune,31,18000,558000,93,15,1,0,7,0,0.0,0.9
2025-02-03,Monitor,Kolkata,49,18000,882000,47,15,1,0,4,0,0.0,0.9
2025-02-03,Monitor,Ahmedabad,54,18000,972000,42,15,0,0,2,0,0.0,0.9
2025-02-03,Mouse,Hyderabad,83,800,66400,116,50,1,0,3,0,0.0,0.9
2025-02-03,Mouse,Mumbai,80,800,64000,171,50,1,0,5,0,0.0,0.9
2025-02-03,Mouse,Delhi,80,800,64000,2,50,1,1,4,0,0.0,0.9
2025-02-03,Mouse,Bangalore,89,800,71200,68,50,0,0,6,0,0.0,0.9
2025-02-03,Mouse,Chennai,80,800,64000,82,50,1,0,3,0,0.0,0.9
2025-02-03,Mouse,Pune,65,800,52000,133,50,1,0,3,0,0.0,0.9
2025-02-03,Mouse,Kolkata,91,800,72800,53,50,0,0,5,0,0.0,0.9
2025-02-03,Mouse,Ahmedabad,85,800,68000,27,50,1,1,5,0,0.0,0.9
2025-02-03,Printer,Hyderabad,24,12000,288000,49,10,0,0,6,0,0.0,0.9
2025-02-03,Printer,Mumbai,37,12000,444000,54,10,0,0,3,0,0.0,0.9
2025-02-03,Printer,Delhi,18,12000,216000,26,10,0,0,3,0,0.0,0.9
2025-02-03,Printer,Bangalore,24,12000,288000,83,10,1,0,2,0,0.0,0.9
2025-02-03,Printer,Chennai,26,12000,312000,97,10,0,0,6,0,0.0,0.9
2025-02-03,Printer,Pune,29,12000,348000,67,10,1,0,3,0,0.0,0.9
2025-02-03,Printer,Kolkata,11,12000,132000,17,10,0,0,2,0,0.0,0.9
2025-02-03,Printer,Ahmedabad,33,12000,396000,33,10,0,0,6,0,0.0,0.9
2025-02-03,Speaker,Hyderabad,46,4000,184000,38,25,0,0,5,0,0.0,0.9
2025-02-03,Speaker,Mumbai,57,4000,228000,96,25,1,0,2,0,0.0,0.9
2025-02-03,Speaker,Delhi,48,4000,192000,112,25,0,0,2,0,0.0,0.9
2025-02-03,Speaker,Bangalore,43,4000,172000,83,25,0,0,2,0,0.0,0.9
2025-02-03,Speaker,Chennai,60,4000,240000,73,25,0,0,5,0,0.0,0.9
2025-02-03,Speaker,Pune,44,4000,176000,77,25,0,0,5,0,0.0,0.9
2025-02-03,Speaker,Kolkata,54,4000,216000,72,25,1,0,6,0,0.0,0.9
2025-02-03,Speaker,Ahmedabad,57,4000,228000,83,25,1,0,2,0,0.0,0.9
2025-02-04,Laptop,Hyderabad,48,55000,2640000,87,20,1,0,5,0,0.0,0.9
2025-02-04,Laptop,Mumbai,47,55000,2585000,118,20,1,0,5,0,0.0,0.9
2025-02-04,Laptop,Delhi,51,55000,2805000,106,20,1,0,5,0,0.0,0.9
2025-02-04,Laptop,Bangalore,38,55000,2090000,61,20,0,0,4,0,0.0,0.9
2025-02-04,Laptop,Chennai,43,55000,2365000,75,20,1,0,3,0,0.0,0.9
2025-02-04,Laptop,Pune,55,55000,3025000,40,20,0,0,4,0,0.0,0.9
2025-02-04,Laptop,Kolkata,43,55000,2365000,74,20,1,0,4,0,0.0,0.9
2025-02-04,Laptop,Ahmedabad,49,55000,2695000,64,20,1,0,5,0,0.0,0.9
2025-02-04,Mobile,Hyderabad,79,20000,1580000,61,30,0,0,3,0,0.0,0.9
2025-02-04,Mobile,Mumbai,76,20000,1520000,62,30,1,0,6,0,0.0,0.9
2025-02-04,Mobile,Delhi,70,20000,1400000,79,30,1,0,4,0,0.0,0.9
2025-02-04,Mobile,Bangalore,83,20000,1660000,50,30,0,0,6,0,0.0,0.9
2025-02-04,Mobile,Chennai,71,20000,1420000,53,30,0,0,6,0,0.0,0.9
2025-02-04,Mobile,Pune,84,20000,1680000,45,30,1,0,6,0,0.0,0.9
2025-02-04,Mobile,Kolkata,85,20000,1700000,65,30,0,0,2,0,0.0,0.9
2025-02-04,Mobile,Ahmedabad,73,20000,1460000,58,30,1,0,6,0,0.0,0.9
2025-02-04,Tablet,Hyderabad,46,30000,1380000,87,25,0,0,6,0,0.0,0.9
2025-02-04,Tablet,Mumbai,51,30000,1530000,40,25,0,0,4,0,0.0,0.9
2025-02-04,Tablet,Delhi,39,30000,1170000,87,25,1,0,6,0,0.0,0.9
2025-02-04,Tablet,Bangalore,44,30000,1320000,154,25,1,0,4,0,0.0,0.9
2025-02-04,Tablet,Chennai,36,30000,1080000,58,25,0,0,5,0,0.0,0.9
2025-02-04,Tablet,Pune,35,30000,1050000,93,25,1,0,7,0,0.0,0.9
2025-02-04,Tablet,Kolkata,51,30000,1530000,133,25,1,0,3,0,0.0,0.9
2025-02-04,Tablet,Ahmedabad,34,30000,1020000,104,25,1,0,7,0,0.0,0.9
2025-02-04,Headphones,Hyderabad,53,3000,159000,105,40,1,0,2,0,0.0,0.9
2025-02-04,Headphones,Mumbai,53,3000,159000,107,40,0,0,5,0,0.0,0.9
2025-02-04,Headphones,Delhi,53,3000,159000,140,40,1,0,3,0,0.0,0.9
2025-02-04,Headphones,Bangalore,56,3000,168000,71,40,1,0,7,0,0.0,0.9
2025-02-04,Headphones,Chennai,56,3000,168000,136,40,1,0,2,0,0.0,0.9
2025-02-04,Headphones,Pune,61,3000,183000,141,40,1,0,3,0,0.0,0.9
2025-02-04,Headphones,Kolkata,61,3000,183000,80,40,1,0,3,0,0.0,0.9
2025-02-04,Headphones,Ahmedabad,53,3000,159000,50,40,0,0,4,0,0.0,0.9
2025-02-04,Smartwatch,Hyderabad,49,8000,392000,107,20,1,0,6,0,0.0,0.9
2025-02-04,Smartwatch,Mumbai,39,8000,312000,129,20,1,0,3,0,0.0,0.9
2025-02-04,Smartwatch,Delhi,53,8000,424000,56,20,1,0,4,0,0.0,0.9
2025-02-04,Smartwatch,Bangalore,28,8000,224000,66,20,0,0,2,0,0.0,0.9
2025-02-04,Smartwatch,Chennai,43,8000,344000,139,20,1,0,2,0,0.0,0.9
2025-02-04,Smartwatch,Pune,36,8000,288000,68,20,0,0,5,0,0.0,0.9
2025-02-04,Smartwatch,Kolkata,14,8000,112000,49,20,0,0,4,0,0.0,0.9
2025-02-04,Smartwatch,Ahmedabad,32,8000,256000,58,20,0,0,3,0,0.0,0.9
2025-02-04,Keyboard,Hyderabad,69,1500,103500,85,35,1,0,2,0,0.0,0.9
2025-02-04,Keyboard,Mumbai,54,1500,81000,144,35,1,0,5,0,0.0,0.9
2025-02-04,Keyboard,Delhi,71,1500,106500,60,35,0,0,4,0,0.0,0.9
2025-02-04,Keyboard,Bangalore,61,1500,91500,112,35,1,0,7,0,0.0,0.9
2025-02-04,Keyboard,Chennai,65,1500,97500,27,35,1,1,2,0,0.0,0.9
2025-02-04,Keyboard,Pune,71,1500,106500,129,35,1,0,4,0,0.0,0.9
2025-02-04,Keyboard,Kolkata,58,1500,87000,121,35,1,0,6,0,0.0,0.9
2025-02-04,Keyboard,Ahmedabad,60,1500,90000,63,35,1,0,6,0,0.0,0.9
2025-02-04,Monitor,Hyderabad,51,18000,918000,50,15,0,0,6,0,0.0,0.9
2025-02-04,Monitor,Mumbai,33,18000,594000,54,15,0,0,3,0,0.0,0.9
2025-02-04,Monitor,Delhi,25,18000,450000,45,15,0,0,3,0,0.0,0.9
2025-02-04,Monitor,Bangalore,37,18000,666000,55,15,1,0,6,0,0.0,0.9
2025-02-04,Monitor,Chennai,35,18000,630000,59,15,0,0,6,0,0.0,0.9
2025-02-04,Monitor,Pune,40,18000,720000,53,15,0,0,3,0,0.0,0.9
2025-02-04,Monitor,Kolkata,40,18000,720000,78,15,1,0,7,0,0.0,0.9
2025-02-04,Monitor,Ahmedabad,30,18000,540000,158,15,1,0,7,0,0.0,0.9
2025-02-04,Mouse,Hyderabad,74,800,59200,123,50,1,0,6,0,0.0,0.9
2025-02-04,Mouse,Mumbai,80,800,64000,91,50,0,0,2,0,0.0,0.9
2025-02-04,Mouse,Delhi,82,800,65600,0,50,1,1,7,0,0.0,0.9
2025-02-04,Mouse,Bangalore,68,800,54400,93,50,1,0,5,0,0.0,0.9
2025-02-04,Mouse,Chennai,86,800,68800,101,50,1,0,3,0,0.0,0.9
2025-02-04,Mouse,Pune,71,800,56800,62,50,0,0,7,0,0.0,0.9
2025-02-04,Mouse,Kolkata,92,800,73600,51,50,1,0,6,0,0.0,0.9
2025-02-04,Mouse,Ahmedabad,72,800,57600,41,50,1,1,7,0,0.0,0.9
2025-02-04,Printer,Hyderabad,28,12000,336000,21,10,0,0,6,0,0.0,0.9
2025-02-04,Printer,Mumbai,36,12000,432000,18,10,0,0,7,0,0.0,0.9
2025-02-04,Printer,Delhi,24,12000,288000,115,10,1,0,5,0,0.0,0.9
2025-02-04,Printer,Bangalore,25,12000,300000,58,10,0,0,6,0,0.0,0.9
2025-02-04,Printer,Chennai,31,12000,372000,66,10,0,0,6,0,0.0,0.9
2025-02-04,Printer,Pune,24,12000,288000,43,10,0,0,6,0,0.0,0.9
2025-02-04,Printer,Kolkata,26,12000,312000,87,10,1,0,6,0,0.0,0.9
2025-02-04,Printer,Ahmedabad,32,12000,384000,123,10,1,0,2,0,0.0,0.9
2025-02-04,Speaker,Hyderabad,59,4000,236000,92,25,1,0,2,0,0.0,0.9
2025-02-04,Speaker,Mumbai,53,4000,212000,43,25,0,0,3,0,0.0,0.9
2025-02-04,Speaker,Delhi,50,4000,200000,62,25,0,0,3,0,0.0,0.9
2025-02-04,Speaker,Bangalore,49,4000,196000,34,25,0,0,2,0,0.0,0.9
2025-02-04,Speaker,Chennai,66,4000,264000,102,25,1,0,7,0,0.0,0.9
2025-02-04,Speaker,Pune,45,4000,180000,32,25,0,0,2,0,0.0,0.9
2025-02-04,Speaker,Kolkata,51,4000,204000,153,25,1,0,3,0,0.0,0.9
2025-02-04,Speaker,Ahmedabad,54,4000,216000,29,25,0,0,4,0,0.0,0.9
2025-02-05,Laptop,Hyderabad,52,55000,2860000,35,20,0,0,7,0,0.0,0.9
2025-02-05,Laptop,Mumbai,60,55000,3300000,58,20,0,0,2,0,0.0,0.9
2025-02-05,Laptop,Delhi,40,55000,2200000,66,20,0,0,2,0,0.0,0.9
2025-02-05,Laptop,Bangalore,42,55000,2310000,121,20,1,0,5,0,0.0,0.9
2025-02-05,Laptop,Chennai,38,55000,2090000,37,20,0,0,3,0,0.0,0.9
2025-02-05,Laptop,Pune,56,55000,3080000,53,20,1,0,5,0,0.0,0.9
2025-02-05,Laptop,Kolkata,48,55000,2640000,26,20,0,0,5,0,0.0,0.9
2025-02-05,Laptop,Ahmedabad,55,55000,3025000,119,20,1,0,7,0,0.0,0.9
2025-02-05,Mobile,Hyderabad,90,20000,1800000,39,30,1,0,3,0,0.0,0.9
2025-02-05,Mobile,Mumbai,68,20000,1360000,59,30,1,0,7,0,0.0,0.9
2025-02-05,Mobile,Delhi,69,20000,1380000,122,30,1,0,6,0,0.0,0.9
2025-02-05,Mobile,Bangalore,72,20000,1440000,48,30,1,0,3,0,0.0,0.9
2025-02-05,Mobile,Chennai,73,20000,1460000,72,30,1,0,5,0,0.0,0.9
2025-02-05,Mobile,Pune,74,20000,1480000,115,30,1,0,5,0,0.0,0.9
2025-02-05,Mobile,Kolkata,69,20000,1380000,110,30,1,0,5,0,0.0,0.9
2025-02-05,Mobile,Ahmedabad,75,20000,1500000,86,30,1,0,4,0,0.0,0.9
2025-02-05,Tablet,Hyderabad,41,30000,1230000,46,25,0,0,4,0,0.0,0.9
2025-02-05,Tablet,Mumbai,42,30000,1260000,99,25,1,0,7,0,0.0,0.9
2025-02-05,Tablet,Delhi,51,30000,1530000,36,25,0,0,3,0,0.0,0.9
2025-02-05,Tablet,Bangalore,36,30000,1080000,118,25,0,0,5,0,0.0,0.9
2025-02-05,Tablet,Chennai,46,30000,1380000,95,25,1,0,3,0,0.0,0.9
2025-02-05,Tablet,Pune,36,30000,1080000,57,25,0,0,5,0,0.0,0.9
2025-02-05,Tablet,Kolkata,59,30000,1770000,74,25,0,0,5,0,0.0,0.9
2025-02-05,Tablet,Ahmedabad,38,30000,1140000,66,25,0,0,4,0,0.0,0.9
2025-02-05,Headphones,Hyderabad,49,3000,147000,56,40,0,0,2,0,0.0,0.9
2025-02-05,Headphones,Mumbai,75,3000,225000,181,40,1,0,2,0,0.0,0.9
2025-02-05,Headphones,Delhi,51,3000,153000,89,40,0,0,2,0,0.0,0.9
2025-02-05,Headphones,Bangalore,48,3000,144000,129,40,1,0,3,0,0.0,0.9
2025-02-05,Headphones,Chennai,58,3000,174000,78,40,0,0,3,0,0.0,0.9
2025-02-05,Headphones,Pune,66,3000,198000,75,40,0,0,3,0,0.0,0.9
2025-02-05,Headphones,Kolkata,65,3000,195000,109,40,1,0,5,0,0.0,0.9
2025-02-05,Headphones,Ahmedabad,59,3000,177000,120,40,1,0,7,0,0.0,0.9
2025-02-05,Smartwatch,Hyderabad,36,8000,288000,71,20,0,0,2,0,0.0,0.9
2025-02-05,Smartwatch,Mumbai,30,8000,240000,99,20,0,0,4,0,0.0,0.9
2025-02-05,Smartwatch,Delhi,28,8000,224000,28,20,0,0,5,0,0.0,0.9
2025-02-05,Smartwatch,Bangalore,28,8000,224000,38,20,0,0,6,0,0.0,0.9
2025-02-05,Smartwatch,Chennai,31,8000,248000,108,20,0,0,5,0,0.0,0.9
2025-02-05,Smartwatch,Pune,39,8000,312000,29,20,0,0,7,0,0.0,0.9
2025-02-05,Smartwatch,Kolkata,32,8000,256000,123,20,1,0,6,0,0.0,0.9
2025-02-05,Smartwatch,Ahmedabad,55,8000,440000,129,20,1,0,7,0,0.0,0.9
2025-02-05,Keyboard,Hyderabad,63,1500,94500,114,35,1,0,6,0,0.0,0.9
2025-02-05,Keyboard,Mumbai,74,1500,111000,70,35,0,0,3,0,0.0,0.9
2025-02-05,Keyboard,Delhi,58,1500,87000,134,35,1,0,5,0,0.0,0.9
2025-02-05,Keyboard,Bangalore,56,1500,84000,56,35,0,0,2,0,0.0,0.9
2025-02-05,Keyboard,Chennai,57,1500,85500,106,35,1,0,6,0,0.0,0.9
2025-02-05,Keyboard,Pune,72,1500,108000,57,35,0,0,3,0,0.0,0.9
2025-02-05,Keyboard,Kolkata,71,1500,106500,50,35,0,0,2,0,0.0,0.9
2025-02-05,Keyboard,Ahmedabad,63,1500,94500,146,35,1,0,5,0,0.0,0.9
2025-02-05,Monitor,Hyderabad,54,18000,972000,57,15,1,0,3,0,0.0,0.9
2025-02-05,Monitor,Mumbai,35,18000,630000,19,15,0,0,4,0,0.0,0.9
2025-02-05,Monitor,Delhi,43,18000,774000,122,15,1,0,7,0,0.0,0.9
2025-02-05,Monitor,Bangalore,28,18000,504000,27,15,0,0,3,0,0.0,0.9
2025-02-05,Monitor,Chennai,37,18000,666000,22,15,0,0,7,0,0.0,0.9
2025-02-05,Monitor,Pune,51,18000,918000,87,15,1,0,7,0,0.0,0.9
2025-02-05,Monitor,Kolkata,34,18000,612000,44,15,0,0,6,0,0.0,0.9
2025-02-05,Monitor,Ahmedabad,51,18000,918000,107,15,0,0,7,0,0.0,0.9
2025-02-05,Mouse,Hyderabad,77,800,61600,169,50,1,0,7,0,0.0,0.9
2025-02-05,Mouse,Mumbai,88,800,70400,85,50,1,0,4,0,0.0,0.9
2025-02-05,Mouse,Delhi,69,800,55200,68,50,1,0,5,0,0.0,0.9
2025-02-05,Mouse,Bangalore,71,800,56800,172,50,1,0,2,0,0.0,0.9
2025-02-05,Mouse,Chennai,79,800,63200,115,50,1,0,3,0,0.0,0.9
2025-02-05,Mouse,Pune,84,800,67200,74,50,1,0,7,0,0.0,0.9
2025-02-05,Mouse,Kolkata,87,800,69600,27,50,1,1,5,0,0.0,0.9
2025-02-05,Mouse,Ahmedabad,86,800,68800,72,50,1,0,3,0,0.0,0.9
2025-02-05,Printer,Hyderabad,26,12000,312000,137,10,1,0,4,0,0.0,0.9
2025-02-05,Printer,Mumbai,25,12000,300000,95,10,1,0,6,0,0.0,0.9
2025-02-05,Printer,Delhi,15,12000,180000,100,10,0,0,5,0,0.0,0.9
2025-02-05,Printer,Bangalore,23,12000,276000,35,10,0,0,6,0,0.0,0.9
2025-02-05,Printer,Chennai,28,12000,336000,38,10,0,0,2,0,0.0,0.9
2025-02-05,Printer,Pune,13,12000,156000,30,10,0,0,4,0,0.0,0.9
2025-02-05,Printer,Kolkata,21,12000,252000,66,10,0,0,4,0,0.0,0.9
2025-02-05,Printer,Ahmedabad,34,12000,408000,89,10,0,0,4,0,0.0,0.9
2025-02-05,Speaker,Hyderabad,60,4000,240000,32,25,0,0,3,0,0.0,0.9
2025-02-05,Speaker,Mumbai,46,4000,184000,101,25,1,0,7,0,0.0,0.9
2025-02-05,Speaker,Delhi,47,4000,188000,154,25,1,0,7,0,0.0,0.9
2025-02-05,Speaker,Bangalore,57,4000,228000,61,25,1,0,2,0,0.0,0.9
2025-02-05,Speaker,Chennai,46,4000,184000,56,25,0,0,4,0,0.0,0.9
2025-02-05,Speaker,Pune,54,4000,216000,51,25,1,0,5,0,0.0,0.9
2025-02-05,Speaker,Kolkata,54,4000,216000,99,25,0,0,3,0,0.0,0.9
2025-02-05,Speaker,Ahmedabad,59,4000,236000,97,25,1,0,5,0,0.0,0.9
2025-02-06,Laptop,Hyderabad,48,55000,2640000,112,20,1,0,3,0,0.0,0.9
2025-02-06,Laptop,Mumbai,57,55000,3135000,118,20,1,0,7,0,0.0,0.9
2025-02-06,Laptop,Delhi,40,55000,2200000,26,20,0,0,4,0,0.0,0.9
2025-02-06,Laptop,Bangalore,42,55000,2310000,79,20,0,0,5,0,0.0,0.9
2025-02-06,Laptop,Chennai,48,55000,2640000,53,20,1,0,4,0,0.0,0.9
2025-02-06,Laptop,Pune,62,55000,3410000,122,20,1,0,2,0,0.0,0.9
2025-02-06,Laptop,Kolkata,50,55000,2750000,120,20,1,0,5,0,0.0,0.9
2025-02-06,Laptop,Ahmedabad,54,55000,2970000,65,20,0,0,2,0,0.0,0.9
2025-02-06,Mobile,Hyderabad,64,20000,1280000,62,30,1,0,3,0,0.0,0.9
2025-02-06,Mobile,Mumbai,86,20000,1720000,119,30,1,0,7,0,0.0,0.9
2025-02-06,Mobile,Delhi,78,20000,1560000,44,30,0,0,2,0,0.0,0.9
2025-02-06,Mobile,Bangalore,68,20000,1360000,57,30,1,0,6,0,0.0,0.9
2025-02-06,Mobile,Chennai,72,20000,1440000,58,30,1,0,4,0,0.0,0.9
2025-02-06,Mobile,Pune,72,20000,1440000,43,30,0,0,4,0,0.0,0.9
2025-02-06,Mobile,Kolkata,86,20000,1720000,123,30,1,0,7,0,0.0,0.9
2025-02-06,Mobile,Ahmedabad,76,20000,1520000,72,30,1,0,2,0,0.0,0.9
2025-02-06,Tablet,Hyderabad,45,30000,1350000,100,25,1,0,6,0,0.0,0.9
2025-02-06,Tablet,Mumbai,36,30000,1080000,63,25,0,0,6,0,0.0,0.9
2025-02-06,Tablet,Delhi,35,30000,1050000,65,25,1,0,2,0,0.0,0.9
2025-02-06,Tablet,Bangalore,42,30000,1260000,76,25,0,0,2,0,0.0,0.9
2025-02-06,Tablet,Chennai,36,30000,1080000,59,25,0,0,3,0,0.0,0.9
2025-02-06,Tablet,Pune,45,30000,1350000,86,25,1,0,5,0,0.0,0.9
2025-02-06,Tablet,Kolkata,51,30000,1530000,151,25,1,0,4,0,0.0,0.9
2025-02-06,Tablet,Ahmedabad,33,30000,990000,33,25,0,0,3,0,0.0,0.9
2025-02-06,Headphones,Hyderabad,64,3000,192000,141,40,1,0,4,0,0.0,0.9
2025-02-06,Headphones,Mumbai,51,3000,153000,130,40,0,0,2,0,0.0,0.9
2025-02-06,Headphones,Delhi,63,3000,189000,140,40,1,0,7,0,0.0,0.9
2025-02-06,Headphones,Bangalore,57,3000,171000,72,40,0,0,7,0,0.0,0.9
2025-02-06,Headphones,Chennai,59,3000,177000,167,40,1,0,7,0,0.0,0.9
2025-02-06,Headphones,Pune,50,3000,150000,160,40,1,0,5,0,0.0,0.9
2025-02-06,Headphones,Kolkata,51,3000,153000,58,40,0,0,3,0,0.0,0.9
2025-02-06,Headphones,Ahmedabad,64,3000,192000,56,40,0,0,6,0,0.0,0.9
2025-02-06,Smartwatch,Hyderabad,40,8000,320000,31,20,0,0,6,0,0.0,0.9
2025-02-06,Smartwatch,Mumbai,37,8000,296000,62,20,0,0,5,0,0.0,0.9
2025-02-06,Smartwatch,Delhi,30,8000,240000,142,20,1,0,6,0,0.0,0.9
2025-02-06,Smartwatch,Bangalore,38,8000,304000,103,20,1,0,6,0,0.0,0.9
2025-02-06,Smartwatch,Chennai,22,8000,176000,86,20,0,0,5,0,0.0,0.9
2025-02-06,Smartwatch,Pune,37,8000,296000,61,20,1,0,3,0,0.0,0.9
2025-02-06,Smartwatch,Kolkata,38,8000,304000,85,20,0,0,5,0,0.0,0.9
2025-02-06,Smartwatch,Ahmedabad,29,8000,232000,100,20,0,0,3,0,0.0,0.9
2025-02-06,Keyboard,Hyderabad,76,1500,114000,38,35,0,0,2,0,0.0,0.9
2025-02-06,Keyboard,Mumbai,68,1500,102000,128,35,1,0,2,0,0.0,0.9
2025-02-06,Keyboard,Delhi,71,1500,106500,63,35,0,0,6,0,0.0,0.9
2025-02-06,Keyboard,Bangalore,66,1500,99000,129,35,1,0,5,0,0.0,0.9
2025-02-06,Keyboard,Chennai,55,1500,82500,51,35,0,0,4,0,0.0,0.9
2025-02-06,Keyboard,Pune,68,1500,102000,63,35,1,0,6,0,0.0,0.9
2025-02-06,Keyboard,Kolkata,67,1500,100500,112,35,1,0,7,0,0.0,0.9
2025-02-06,Keyboard,Ahmedabad,66,1500,99000,80,35,0,0,6,0,0.0,0.9
2025-02-06,Monitor,Hyderabad,49,18000,882000,106,15,1,0,3,0,0.0,0.9
2025-02-06,Monitor,Mumbai,48,18000,864000,109,15,1,0,4,0,0.0,0.9
2025-02-06,Monitor,Delhi,37,18000,666000,85,15,0,0,4,0,0.0,0.9
2025-02-06,Monitor,Bangalore,32,18000,576000,70,15,1,0,3,0,0.0,0.9
2025-02-06,Monitor,Chennai,43,18000,774000,98,15,1,0,7,0,0.0,0.9
2025-02-06,Monitor,Pune,40,18000,720000,47,15,0,0,3,0,0.0,0.9
2025-02-06,Monitor,Kolkata,34,18000,612000,103,15,1,0,2,0,0.0,0.9
2025-02-06,Monitor,Ahmedabad,46,18000,828000,61,15,0,0,3,0,0.0,0.9
2025-02-06,Mouse,Hyderabad,80,800,64000,89,50,0,0,5,0,0.0,0.9
2025-02-06,Mouse,Mumbai,87,800,69600,107,50,1,0,5,0,0.0,0.9
2025-02-06,Mouse,Delhi,78,800,62400,76,50,1,0,3,0,0.0,0.9
2025-02-06,Mouse,Bangalore,84,800,67200,88,50,0,0,6,0,0.0,0.9
2025-02-06,Mouse,Chennai,79,800,63200,154,50,1,0,3,0,0.0,0.9
2025-02-06,Mouse,Pune,85,800,68000,110,50,1,0,5,0,0.0,0.9
2025-02-06,Mouse,Kolkata,89,800,71200,82,50,1,0,6,0,0.0,0.9
2025-02-06,Mouse,Ahmedabad,105,800,84000,107,50,1,0,2,0,0.0,0.9
2025-02-06,Printer,Hyderabad,24,12000,288000,113,10,0,0,6,0,0.0,0.9
2025-02-06,Printer,Mumbai,24,12000,288000,71,10,0,0,5,0,0.0,0.9
2025-02-06,Printer,Delhi,33,12000,396000,67,10,0,0,4,0,0.0,0.9
2025-02-06,Printer,Bangalore,23,12000,276000,12,10,0,0,3,0,0.0,0.9
2025-02-06,Printer,Chennai,17,12000,204000,21,10,0,0,4,0,0.0,0.9
2025-02-06,Printer,Pune,17,12000,204000,13,10,0,0,7,0,0.0,0.9
2025-02-06,Printer,Kolkata,14,12000,168000,52,10,0,0,7,0,0.0,0.9
2025-02-06,Printer,Ahmedabad,16,12000,192000,73,10,0,0,2,0,0.0,0.9
2025-02-06,Speaker,Hyderabad,50,4000,200000,71,25,1,0,6,0,0.0,0.9
2025-02-06,Speaker,Mumbai,33,4000,132000,68,25,0,0,5,0,0.0,0.9
2025-02-06,Speaker,Delhi,50,4000,200000,104,25,0,0,4,0,0.0,0.9
2025-02-06,Speaker,Bangalore,61,4000,244000,148,25,1,0,3,0,0.0,0.9
2025-02-06,Speaker,Chennai,55,4000,220000,101,25,1,0,4,0,0.0,0.9
2025-02-06,Speaker,Pune,50,4000,200000,150,25,1,0,3,0,0.0,0.9
2025-02-06,Speaker,Kolkata,55,4000,220000,44,25,0,0,3,0,0.0,0.9
2025-02-06,Speaker,Ahmedabad,54,4000,216000,43,25,0,0,7,0,0.0,0.9
2025-02-07,Laptop,Hyderabad,46,55000,2530000,66,20,0,0,2,0,0.0,0.9
2025-02-07,Laptop,Mumbai,49,55000,2695000,69,20,0,0,3,0,0.0,0.9
2025-02-07,Laptop,Delhi,42,55000,2310000,104,20,1,0,5,0,0.0,0.9
2025-02-07,Laptop,Bangalore,56,55000,3080000,23,20,0,0,4,0,0.0,0.9
2025-02-07,Laptop,Chennai,53,55000,2915000,57,20,1,0,2,0,0.0,0.9
2025-02-07,Laptop,Pune,65,55000,3575000,57,20,0,0,4,0,0.0,0.9
2025-02-07,Laptop,Kolkata,44,55000,2420000,76,20,0,0,4,0,0.0,0.9
2025-02-07,Laptop,Ahmedabad,54,55000,2970000,143,20,1,0,4,0,0.0,0.9
2025-02-07,Mobile,Hyderabad,72,20000,1440000,133,30,1,0,2,0,0.0,0.9
2025-02-07,Mobile,Mumbai,69,20000,1380000,50,30,0,0,7,0,0.0,0.9
2025-02-07,Mobile,Delhi,84,20000,1680000,80,30,1,0,7,0,0.0,0.9
2025-02-07,Mobile,Bangalore,80,20000,1600000,34,30,1,0,2,0,0.0,0.9
2025-02-07,Mobile,Chennai,73,20000,1460000,49,30,1,0,5,0,0.0,0.9
2025-02-07,Mobile,Pune,81,20000,1620000,38,30,1,0,2,0,0.0,0.9
2025-02-07,Mobile,Kolkata,70,20000,1400000,53,30,0,0,7,0,0.0,0.9
2025-02-07,Mobile,Ahmedabad,73,20000,1460000,109,30,1,0,7,0,0.0,0.9
2025-02-07,Tablet,Hyderabad,46,30000,1380000,54,25,0,0,7,0,0.0,0.9
2025-02-07,Tablet,Mumbai,53,30000,1590000,116,25,1,0,4,0,0.0,0.9
2025-02-07,Tablet,Delhi,38,30000,1140000,27,25,0,0,4,0,0.0,0.9
2025-02-07,Tablet,Bangalore,37,30000,1110000,39,25,0,0,2,0,0.0,0.9
2025-02-07,Tablet,Chennai,45,30000,1350000,159,25,1,0,7,0,0.0,0.9
2025-02-07,Tablet,Pune,46,30000,1380000,40,25,0,0,3,0,0.0,0.9
2025-02-07,Tablet,Kolkata,40,30000,1200000,111,25,0,0,3,0,0.0,0.9
2025-02-07,Tablet,Ahmedabad,34,30000,1020000,82,25,1,0,2,0,0.0,0.9
2025-02-07,Headphones,Hyderabad,63,3000,189000,78,40,0,0,3,0,0.0,0.9
2025-02-07,Headphones,Mumbai,56,3000,168000,74,40,0,0,5,0,0.0,0.9
2025-02-07,Headphones,Delhi,56,3000,168000,84,40,0,0,6,0,0.0,0.9
2025-02-07,Headphones,Bangalore,53,3000,159000,146,40,1,0,5,0,0.0,0.9
2025-02-07,Headphones,Chennai,58,3000,174000,109,40,0,0,7,0,0.0,0.9
2025-02-07,Headphones,Pune,60,3000,180000,100,40,0,0,2,0,0.0,0.9
2025-02-07,Headphones,Kolkata,47,3000,141000,107,40,1,0,2,0,0.0,0.9
2025-02-07,Headphones,Ahmedabad,62,3000,186000,125,40,1,0,7,0,0.0,0.9
2025-02-07,Smartwatch,Hyderabad,44,8000,352000,97,20,1,0,2,0,0.0,0.9
2025-02-07,Smartwatch,Mumbai,44,8000,352000,80,20,1,0,6,0,0.0,0.9
2025-02-07,Smartwatch,Delhi,46,8000,368000,96,20,0,0,5,0,0.0,0.9
2025-02-07,Smartwatch,Bangalore,41,8000,328000,62,20,0,0,7,0,0.0,0.9
2025-02-07,Smartwatch,Chennai,25,8000,200000,61,20,0,0,4,0,0.0,0.9
2025-02-07,Smartwatch,Pune,29,8000,232000,32,20,0,0,6,0,0.0,0.9
2025-02-07,Smartwatch,Kolkata,34,8000,272000,51,20,0,0,7,0,0.0,0.9
2025-02-07,Smartwatch,Ahmedabad,47,8000,376000,53,20,0,0,4,0,0.0,0.9
2025-02-07,Keyboard,Hyderabad,73,1500,109500,87,35,1,0,6,0,0.0,0.9
2025-02-07,Keyboard,Mumbai,72,1500,108000,56,35,0,0,6,0,0.0,0.9
2025-02-07,Keyboard,Delhi,67,1500,100500,143,35,1,0,3,0,0.0,0.9
2025-02-07,Keyboard,Bangalore,69,1500,103500,60,35,0,0,7,0,0.0,0.9
2025-02-07,Keyboard,Chennai,62,1500,93000,101,35,1,0,5,0,0.0,0.9
2025-02-07,Keyboard,Pune,73,1500,109500,70,35,1,0,6,0,0.0,0.9
2025-02-07,Keyboard,Kolkata,64,1500,96000,48,35,0,0,5,0,0.0,0.9
2025-02-07,Keyboard,Ahmedabad,63,1500,94500,129,35,1,0,6,0,0.0,0.9
2025-02-07,Monitor,Hyderabad,29,18000,522000,77,15,0,0,2,0,0.0,0.9
2025-02-07,Monitor,Mumbai,27,18000,486000,82,15,0,0,3,0,0.0,0.9
2025-02-07,Monitor,Delhi,43,18000,774000,42,15,0,0,5,0,0.0,0.9
2025-02-07,Monitor,Bangalore,36,18000,648000,34,15,0,0,3,0,0.0,0.9
2025-02-07,Monitor,Chennai,50,18000,900000,48,15,0,0,7,0,0.0,0.9
2025-02-07,Monitor,Pune,29,18000,522000,18,15,0,0,6,0,0.0,0.9
2025-02-07,Monitor,Kolkata,36,18000,648000,67,15,0,0,4,0,0.0,0.9
2025-02-07,Monitor,Ahmedabad,48,18000,864000,72,15,1,0,7,0,0.0,0.9
2025-02-07,Mouse,Hyderabad,75,800,60000,145,50,1,0,3,0,0.0,0.9
2025-02-07,Mouse,Mumbai,83,800,66400,150,50,1,0,5,0,0.0,0.9
2025-02-07,Mouse,Delhi,71,800,56800,137,50,1,0,7,0,0.0,0.9
2025-02-07,Mouse,Bangalore,71,800,56800,164,50,1,0,2,0,0.0,0.9
2025-02-07,Mouse,Chennai,85,800,68000,69,50,0,0,2,0,0.0,0.9
2025-02-07,Mouse,Pune,70,800,56000,106,50,1,0,7,0,0.0,0.9
2025-02-07,Mouse,Kolkata,79,800,63200,67,50,1,0,5,0,0.0,0.9
2025-02-07,Mouse,Ahmedabad,72,800,57600,178,50,1,0,2,0,0.0,0.9
2025-02-07,Printer,Hyderabad,25,12000,300000,88,10,0,0,4,0,0.0,0.9
2025-02-07,Printer,Mumbai,25,12000,300000,46,10,0,0,6,0,0.0,0.9
2025-02-07,Printer,Delhi,38,12000,456000,29,10,0,0,3,0,0.0,0.9
2025-02-07,Printer,Bangalore,27,12000,324000,109,10,1,0,3,0,0.0,0.9
2025-02-07,Printer,Chennai,32,12000,384000,94,10,1,0,4,0,0.0,0.9
2025-02-07,Printer,Pune,21,12000,252000,141,10,1,0,5,0,0.0,0.9
2025-02-07,Printer,Kolkata,24,12000,288000,28,10,0,0,3,0,0.0,0.9
2025-02-07,Printer,Ahmedabad,32,12000,384000,41,10,0,0,6,0,0.0,0.9
2025-02-07,Speaker,Hyderabad,61,4000,244000,61,25,1,0,4,0,0.0,0.9
2025-02-07,Speaker,Mumbai,60,4000,240000,114,25,1,0,5,0,0.0,0.9
2025-02-07,Speaker,Delhi,59,4000,236000,45,25,0,0,2,0,0.0,0.9
2025-02-07,Speaker,Bangalore,42,4000,168000,106,25,0,0,5,0,0.0,0.9
2025-02-07,Speaker,Chennai,57,4000,228000,44,25,0,0,3,0,0.0,0.9
2025-02-07,Speaker,Pune,44,4000,176000,106,25,0,0,6,0,0.0,0.9
2025-02-07,Speaker,Kolkata,45,4000,180000,66,25,1,0,2,0,0.0,0.9
2025-02-07,Speaker,Ahmedabad,46,4000,184000,99,25,1,0,6,0,0.0,0.9
2025-02-08,Laptop,Hyderabad,48,55000,2640000,72,20,1,0,3,0,0.0,0.9
2025-02-08,Laptop,Mumbai,42,55000,2310000,27,20,0,0,3,0,0.0,0.9
2025-02-08,Laptop,Delhi,47,55000,2585000,57,20,0,0,6,0,0.0,0.9
2025-02-08,Laptop,Bangalore,43,55000,2365000,54,20,1,0,6,0,0.0,0.9
2025-02-08,Laptop,Chennai,42,55000,2310000,82,20,1,0,2,0,0.0,0.9
2025-02-08,Laptop,Pune,46,55000,2530000,85,20,1,0,3,0,0.0,0.9
2025-02-08,Laptop,Kolkata,47,55000,2585000,29,20,0,0,5,0,0.0,0.9
2025-02-08,Laptop,Ahmedabad,52,55000,2860000,91,20,0,0,5,0,0.0,0.9
2025-02-08,Mobile,Hyderabad,79,20000,1580000,54,30,0,0,5,0,0.0,0.9
2025-02-08,Mobile,Mumbai,66,20000,1320000,104,30,1,0,5,0,0.0,0.9
2025-02-08,Mobile,Delhi,61,20000,1220000,166,30,1,0,7,0,0.0,0.9
2025-02-08,Mobile,Bangalore,71,20000,1420000,113,30,1,0,5,0,0.0,0.9
2025-02-08,Mobile,Chennai,62,20000,1240000,62,30,1,0,7,0,0.0,0.9
2025-02-08,Mobile,Pune,73,20000,1460000,72,30,1,0,6,0,0.0,0.9
2025-02-08,Mobile,Kolkata,79,20000,1580000,70,30,1,0,6,0,0.0,0.9
2025-02-08,Mobile,Ahmedabad,80,20000,1600000,148,30,1,0,4,0,0.0,0.9
2025-02-08,Tablet,Hyderabad,33,30000,990000,89,25,1,0,3,0,0.0,0.9
2025-02-08,Tablet,Mumbai,50,30000,1500000,66,25,0,0,5,0,0.0,0.9
2025-02-08,Tablet,Delhi,52,30000,1560000,65,25,1,0,5,0,0.0,0.9
2025-02-08,Tablet,Bangalore,48,30000,1440000,105,25,1,0,2,0,0.0,0.9
2025-02-08,Tablet,Chennai,42,30000,1260000,117,25,0,0,4,0,0.0,0.9
2025-02-08,Tablet,Pune,26,30000,780000,157,25,1,0,4,0,0.0,0.9
2025-02-08,Tablet,Kolkata,24,30000,720000,87,25,0,0,3,0,0.0,0.9
2025-02-08,Tablet,Ahmedabad,55,30000,1650000,27,25,0,0,2,0,0.0,0.9
2025-02-08,Headphones,Hyderabad,67,3000,201000,85,40,1,0,6,0,0.0,0.9
2025-02-08,Headphones,Mumbai,69,3000,207000,117,40,1,0,4,0,0.0,0.9
2025-02-08,Headphones,Delhi,67,3000,201000,136,40,1,0,6,0,0.0,0.9
2025-02-08,Headphones,Bangalore,54,3000,162000,92,40,0,0,6,0,0.0,0.9
2025-02-08,Headphones,Chennai,69,3000,207000,40,40,0,0,6,0,0.0,0.9
2025-02-08,Headphones,Pune,69,3000,207000,84,40,1,0,2,0,0.0,0.9
2025-02-08,Headphones,Kolkata,56,3000,168000,51,40,0,0,4,0,0.0,0.9
2025-02-08,Headphones,Ahmedabad,65,3000,195000,60,40,0,0,5,0,0.0,0.9
2025-02-08,Smartwatch,Hyderabad,35,8000,280000,62,20,0,0,7,0,0.0,0.9
2025-02-08,Smartwatch,Mumbai,30,8000,240000,50,20,0,0,3,0,0.0,0.9
2025-02-08,Smartwatch,Delhi,30,8000,240000,66,20,0,0,3,0,0.0,0.9
2025-02-08,Smartwatch,Bangalore,41,8000,328000,21,20,0,0,6,0,0.0,0.9
2025-02-08,Smartwatch,Chennai,25,8000,200000,36,20,0,0,7,0,0.0,0.9
2025-02-08,Smartwatch,Pune,30,8000,240000,54,20,1,0,5,0,0.0,0.9
2025-02-08,Smartwatch,Kolkata,31,8000,248000,20,20,0,0,4,0,0.0,0.9
2025-02-08,Smartwatch,Ahmedabad,44,8000,352000,81,20,1,0,7,0,0.0,0.9
2025-02-08,Keyboard,Hyderabad,60,1500,90000,112,35,1,0,5,0,0.0,0.9
2025-02-08,Keyboard,Mumbai,74,1500,111000,90,35,1,0,2,0,0.0,0.9
2025-02-08,Keyboard,Delhi,81,1500,121500,62,35,0,0,2,0,0.0,0.9
2025-02-08,Keyboard,Bangalore,69,1500,103500,82,35,1,0,3,0,0.0,0.9
2025-02-08,Keyboard,Chennai,63,1500,94500,38,35,0,0,4,0,0.0,0.9
2025-02-08,Keyboard,Pune,69,1500,103500,133,35,1,0,6,0,0.0,0.9
2025-02-08,Keyboard,Kolkata,67,1500,100500,119,35,1,0,4,0,0.0,0.9
2025-02-08,Keyboard,Ahmedabad,46,1500,69000,83,35,0,0,6,0,0.0,0.9
2025-02-08,Monitor,Hyderabad,50,18000,900000,27,15,0,0,2,0,0.0,0.9
2025-02-08,Monitor,Mumbai,30,18000,540000,52,15,0,0,4,0,0.0,0.9
2025-02-08,Monitor,Delhi,33,18000,594000,106,15,1,0,2,0,0.0,0.9
2025-02-08,Monitor,Bangalore,40,18000,720000,60,15,1,0,5,0,0.0,0.9
2025-02-08,Monitor,Chennai,43,18000,774000,89,15,1,0,2,0,0.0,0.9
2025-02-08,Monitor,Pune,45,18000,810000,69,15,1,0,6,0,0.0,0.9
2025-02-08,Monitor,Kolkata,48,18000,864000,19,15,0,0,4,0,0.0,0.9
2025-02-08,Monitor,Ahmedabad,33,18000,594000,39,15,0,0,4,0,0.0,0.9
2025-02-08,Mouse,Hyderabad,75,800,60000,70,50,0,0,5,0,0.0,0.9
2025-02-08,Mouse,Mumbai,76,800,60800,74,50,0,0,5,0,0.0,0.9
2025-02-08,Mouse,Delhi,67,800,53600,70,50,0,0,4,0,0.0,0.9
2025-02-08,Mouse,Bangalore,78,800,62400,86,50,0,0,5,0,0.0,0.9
2025-02-08,Mouse,Chennai,85,800,68000,43,50,1,1,5,0,0.0,0.9
2025-02-08,Mouse,Pune,90,800,72000,145,50,1,0,5,0,0.0,0.9
2025-02-08,Mouse,Kolkata,75,800,60000,125,50,1,0,6,0,0.0,0.9
2025-02-08,Mouse,Ahmedabad,77,800,61600,101,50,0,0,3,0,0.0,0.9
2025-02-08,Printer,Hyderabad,28,12000,336000,60,10,0,0,6,0,0.0,0.9
2025-02-08,Printer,Mumbai,35,12000,420000,11,10,0,0,2,0,0.0,0.9
2025-02-08,Printer,Delhi,44,12000,528000,129,10,1,0,3,0,0.0,0.9
2025-02-08,Printer,Bangalore,13,12000,156000,96,10,0,0,2,0,0.0,0.9
2025-02-08,Printer,Chennai,42,12000,504000,52,10,0,0,3,0,0.0,0.9
2025-02-08,Printer,Pune,20,12000,240000,121,10,0,0,3,0,0.0,0.9
2025-02-08,Printer,Kolkata,28,12000,336000,102,10,1,0,6,0,0.0,0.9
2025-02-08,Printer,Ahmedabad,13,12000,156000,28,10,0,0,4,0,0.0,0.9
2025-02-08,Speaker,Hyderabad,48,4000,192000,97,25,1,0,2,0,0.0,0.9
2025-02-08,Speaker,Mumbai,44,4000,176000,70,25,0,0,6,0,0.0,0.9
2025-02-08,Speaker,Delhi,51,4000,204000,71,25,1,0,7,0,0.0,0.9
2025-02-08,Speaker,Bangalore,58,4000,232000,48,25,0,0,2,0,0.0,0.9
2025-02-08,Speaker,Chennai,50,4000,200000,99,25,1,0,3,0,0.0,0.9
2025-02-08,Speaker,Pune,54,4000,216000,52,25,0,0,2,0,0.0,0.9
2025-02-08,Speaker,Kolkata,52,4000,208000,127,25,1,0,3,0,0.0,0.9
2025-02-08,Speaker,Ahmedabad,75,4000,300000,153,25,1,0,3,0,0.0,0.9
2025-02-09,Laptop,Hyderabad,49,55000,2695000,23,20,0,0,2,0,0.0,0.9
2025-02-09,Laptop,Mumbai,54,55000,2970000,104,20,1,0,2,0,0.0,0.9
2025-02-09,Laptop,Delhi,33,55000,1815000,24,20,0,0,7,0,0.0,0.9
2025-02-09,Laptop,Bangalore,46,55000,2530000,90,20,1,0,7,0,0.0,0.9
2025-02-09,Laptop,Chennai,62,55000,3410000,20,20,0,0,5,0,0.0,0.9
2025-02-09,Laptop,Pune,52,55000,2860000,33,20,0,0,7,0,0.0,0.9
2025-02-09,Laptop,Kolkata,71,55000,3905000,80,20,1,0,3,0,0.0,0.9
2025-02-09,Laptop,Ahmedabad,60,55000,3300000,31,20,0,0,2,0,0.0,0.9
2025-02-09,Mobile,Hyderabad,69,20000,1380000,77,30,1,0,4,0,0.0,0.9
2025-02-09,Mobile,Mumbai,56,20000,1120000,48,30,0,0,5,0,0.0,0.9
2025-02-09,Mobile,Delhi,75,20000,1500000,91,30,0,0,7,0,0.0,0.9
2025-02-09,Mobile,Bangalore,72,20000,1440000,41,30,0,0,2,0,0.0,0.9
2025-02-09,Mobile,Chennai,65,20000,1300000,84,30,1,0,7,0,0.0,0.9
2025-02-09,Mobile,Pune,62,20000,1240000,147,30,1,0,4,0,0.0,0.9
2025-02-09,Mobile,Kolkata,70,20000,1400000,126,30,1,0,2,0,0.0,0.9
2025-02-09,Mobile,Ahmedabad,73,20000,1460000,75,30,0,0,6,0,0.0,0.9
2025-02-09,Tablet,Hyderabad,46,30000,1380000,43,25,0,0,2,0,0.0,0.9
2025-02-09,Tablet,Mumbai,44,30000,1320000,120,25,1,0,5,0,0.0,0.9
2025-02-09,Tablet,Delhi,45,30000,1350000,167,25,1,0,3,0,0.0,0.9
2025-02-09,Tablet,Bangalore,41,30000,1230000,64,25,0,0,2,0,0.0,0.9
2025-02-09,Tablet,Chennai,46,30000,1380000,71,25,0,0,3,0,0.0,0.9
2025-02-09,Tablet,Pune,47,30000,1410000,110,25,0,0,6,0,0.0,0.9
2025-02-09,Tablet,Kolkata,33,30000,990000,54,25,0,0,3,0,0.0,0.9
2025-02-09,Tablet,Ahmedabad,35,30000,1050000,49,25,1,0,7,0,0.0,0.9
2025-02-09,Headphones,Hyderabad,66,3000,198000,83,40,1,0,4,0,0.0,0.9
2025-02-09,Headphones,Mumbai,79,3000,237000,89,40,1,0,4,0,0.0,0.9
2025-02-09,Headphones,Delhi,51,3000,153000,85,40,0,0,4,0,0.0,0.9
2025-02-09,Headphones,Bangalore,62,3000,186000,95,40,1,0,4,0,0.0,0.9
2025-02-09,Headphones,Chennai,57,3000,171000,125,40,1,0,7,0,0.0,0.9
2025-02-09,Headphones,Pune,58,3000,174000,102,40,1,0,3,0,0.0,0.9
2025-02-09,Headphones,Kolkata,65,3000,195000,102,40,1,0,2,0,0.0,0.9
2025-02-09,Headphones,Ahmedabad,53,3000,159000,139,40,1,0,4,0,0.0,0.9
2025-02-09,Smartwatch,Hyderabad,30,8000,240000,32,20,0,0,4,0,0.0,0.9
2025-02-09,Smartwatch,Mumbai,33,8000,264000,128,20,1,0,2,0,0.0,0.9
2025-02-09,Smartwatch,Delhi,46,8000,368000,20,20,0,0,4,0,0.0,0.9
2025-02-09,Smartwatch,Bangalore,35,8000,280000,38,20,1,0,2,0,0.0,0.9
2025-02-09,Smartwatch,Chennai,31,8000,248000,81,20,1,0,3,0,0.0,0.9
2025-02-09,Smartwatch,Pune,33,8000,264000,21,20,0,0,3,0,0.0,0.9
2025-02-09,Smartwatch,Kolkata,18,8000,144000,122,20,1,0,6,0,0.0,0.9
2025-02-09,Smartwatch,Ahmedabad,38,8000,304000,43,20,0,0,2,0,0.0,0.9
2025-02-09,Keyboard,Hyderabad,49,1500,73500,63,35,0,0,3,0,0.0,0.9
2025-02-09,Keyboard,Mumbai,57,1500,85500,85,35,1,0,6,0,0.0,0.9
2025-02-09,Keyboard,Delhi,47,1500,70500,105,35,1,0,2,0,0.0,0.9
2025-02-09,Keyboard,Bangalore,59,1500,88500,87,35,1,0,7,0,0.0,0.9
2025-02-09,Keyboard,Chennai,69,1500,103500,109,35,1,0,6,0,0.0,0.9
2025-02-09,Keyboard,Pune,76,1500,114000,57,35,0,0,5,0,0.0,0.9
2025-02-09,Keyboard,Kolkata,70,1500,105000,49,35,0,0,7,0,0.0,0.9
2025-02-09,Keyboard,Ahmedabad,58,1500,87000,105,35,1,0,3,0,0.0,0.9
2025-02-09,Monitor,Hyderabad,38,18000,684000,129,15,1,0,4,0,0.0,0.9
2025-02-09,Monitor,Mumbai,47,18000,846000,136,15,1,0,6,0,0.0,0.9
2025-02-09,Monitor,Delhi,40,18000,720000,66,15,0,0,5,0,0.0,0.9
2025-02-09,Monitor,Bangalore,37,18000,666000,23,15,0,0,7,0,0.0,0.9
2025-02-09,Monitor,Chennai,36,18000,648000,53,15,0,0,4,0,0.0,0.9
2025-02-09,Monitor,Pune,47,18000,846000,22,15,0,0,3,0,0.0,0.9
2025-02-09,Monitor,Kolkata,49,18000,882000,35,15,1,0,6,0,0.0,0.9
2025-02-09,Monitor,Ahmedabad,53,18000,954000,132,15,1,0,5,0,0.0,0.9
2025-02-09,Mouse,Hyderabad,95,800,76000,44,50,1,1,4,0,0.0,0.9
2025-02-09,Mouse,Mumbai,80,800,64000,68,50,1,0,4,0,0.0,0.9
2025-02-09,Mouse,Delhi,75,800,60000,117,50,1,0,4,0,0.0,0.9
2025-02-09,Mouse,Bangalore,78,800,62400,80,50,1,0,2,0,0.0,0.9
2025-02-09,Mouse,Chennai,89,800,71200,18,50,1,1,4,0,0.0,0.9
2025-02-09,Mouse,Pune,88,800,70400,57,50,0,0,6,0,0.0,0.9
2025-02-09,Mouse,Kolkata,77,800,61600,131,50,1,0,3,0,0.0,0.9
2025-02-09,Mouse,Ahmedabad,92,800,73600,103,50,1,0,3,0,0.0,0.9
2025-02-09,Printer,Hyderabad,38,12000,456000,22,10,0,0,7,0,0.0,0.9
2025-02-09,Printer,Mumbai,18,12000,216000,86,10,1,0,4,0,0.0,0.9
2025-02-09,Printer,Delhi,27,12000,324000,102,10,0,0,6,0,0.0,0.9
2025-02-09,Printer,Bangalore,11,12000,132000,85,10,0,0,3,0,0.0,0.9
2025-02-09,Printer,Chennai,26,12000,312000,26,10,0,0,4,0,0.0,0.9
2025-02-09,Printer,Pune,20,12000,240000,101,10,0,0,2,0,0.0,0.9
2025-02-09,Printer,Kolkata,17,12000,204000,85,10,0,0,3,0,0.0,0.9
2025-02-09,Printer,Ahmedabad,37,12000,444000,134,10,1,0,7,0,0.0,0.9
2025-02-09,Speaker,Hyderabad,50,4000,200000,47,25,0,0,3,0,0.0,0.9
2025-02-09,Speaker,Mumbai,61,4000,244000,142,25,1,0,4,0,0.0,0.9
2025-02-09,Speaker,Delhi,63,4000,252000,134,25,1,0,6,0,0.0,0.9
2025-02-09,Speaker,Bangalore,50,4000,200000,54,25,1,0,3,0,0.0,0.9
2025-02-09,Speaker,Chennai,54,4000,216000,45,25,0,0,3,0,0.0,0.9
2025-02-09,Speaker,Pune,44,4000,176000,107,25,1,0,7,0,0.0,0.9
2025-02-09,Speaker,Kolkata,59,4000,236000,68,25,0,0,7,0,0.0,0.9
2025-02-09,Speaker,Ahmedabad,55,4000,220000,98,25,0,0,4,0,0.0,0.9
2025-02-10,Laptop,Hyderabad,35,55000,1925000,103,20,1,0,6,0,0.0,0.9
2025-02-10,Laptop,Mumbai,45,55000,2475000,59,20,0,0,6,0,0.0,0.9
2025-02-10,Laptop,Delhi,58,55000,3190000,35,20,1,0,7,0,0.0,0.9
2025-02-10,Laptop,Bangalore,39,55000,2145000,51,20,0,0,6,0,0.0,0.9
2025-02-10,Laptop,Chennai,68,55000,3740000,71,20,1,0,5,0,0.0,0.9
2025-02-10,Laptop,Pune,53,55000,2915000,40,20,1,0,5,0,0.0,0.9
2025-02-10,Laptop,Kolkata,53,55000,2915000,27,20,0,0,2,0,0.0,0.9
2025-02-10,Laptop,Ahmedabad,55,55000,3025000,103,20,1,0,5,0,0.0,0.9
2025-02-10,Mobile,Hyderabad,72,20000,1440000,142,30,1,0,6,0,0.0,0.9
2025-02-10,Mobile,Mumbai,57,20000,1140000,91,30,1,0,4,0,0.0,0.9
2025-02-10,Mobile,Delhi,73,20000,1460000,167,30,1,0,6,0,0.0,0.9
2025-02-10,Mobile,Bangalore,71,20000,1420000,64,30,1,0,3,0,0.0,0.9
2025-02-10,Mobile,Chennai,89,20000,1780000,126,30,1,0,5,0,0.0,0.9
2025-02-10,Mobile,Pune,63,20000,1260000,84,30,0,0,4,0,0.0,0.9
2025-02-10,Mobile,Kolkata,77,20000,1540000,49,30,0,0,4,0,0.0,0.9
2025-02-10,Mobile,Ahmedabad,68,20000,1360000,157,30,1,0,4,0,0.0,0.9
2025-02-10,Tablet,Hyderabad,49,30000,1470000,83,25,1,0,2,0,0.0,0.9
2025-02-10,Tablet,Mumbai,44,30000,1320000,76,25,0,0,7,0,0.0,0.9
2025-02-10,Tablet,Delhi,45,30000,1350000,122,25,0,0,5,0,0.0,0.9
2025-02-10,Tablet,Bangalore,28,30000,840000,36,25,0,0,5,0,0.0,0.9
2025-02-10,Tablet,Chennai,38,30000,1140000,33,25,0,0,4,0,0.0,0.9
2025-02-10,Tablet,Pune,46,30000,1380000,64,25,0,0,2,0,0.0,0.9
2025-02-10,Tablet,Kolkata,46,30000,1380000,146,25,1,0,4,0,0.0,0.9
2025-02-10,Tablet,Ahmedabad,36,30000,1080000,130,25,1,0,3,0,0.0,0.9
2025-02-10,Headphones,Hyderabad,56,3000,168000,127,40,1,0,3,0,0.0,0.9
2025-02-10,Headphones,Mumbai,54,3000,162000,165,40,1,0,4,0,0.0,0.9
2025-02-10,Headphones,Delhi,59,3000,177000,94,40,1,0,7,0,0.0,0.9
2025-02-10,Headphones,Bangalore,53,3000,159000,42,40,0,0,3,0,0.0,0.9
2025-02-10,Headphones,Chennai,55,3000,165000,70,40,0,0,4,0,0.0,0.9
2025-02-10,Headphones,Pune,57,3000,171000,45,40,0,0,2,0,0.0,0.9
2025-02-10,Headphones,Kolkata,48,3000,144000,54,40,0,0,5,0,0.0,0.9
2025-02-10,Headphones,Ahmedabad,61,3000,183000,78,40,0,0,6,0,0.0,0.9
2025-02-10,Smartwatch,Hyderabad,21,8000,168000,133,20,1,0,6,0,0.0,0.9
2025-02-10,Smartwatch,Mumbai,42,8000,336000,86,20,0,0,5,0,0.0,0.9
2025-02-10,Smartwatch,Delhi,37,8000,296000,88,20,1,0,5,0,0.0,0.9
2025-02-10,Smartwatch,Bangalore,37,8000,296000,105,20,1,0,6,0,0.0,0.9
2025-02-10,Smartwatch,Chennai,42,8000,336000,39,20,0,0,4,0,0.0,0.9
2025-02-10,Smartwatch,Pune,36,8000,288000,81,20,1,0,2,0,0.0,0.9
2025-02-10,Smartwatch,Kolkata,33,8000,264000,89,20,0,0,4,0,0.0,0.9
2025-02-10,Smartwatch,Ahmedabad,26,8000,208000,114,20,1,0,5,0,0.0,0.9
2025-02-10,Keyboard,Hyderabad,57,1500,85500,87,35,1,0,6,0,0.0,0.9
2025-02-10,Keyboard,Mumbai,63,1500,94500,115,35,1,0,4,0,0.0,0.9
2025-02-10,Keyboard,Delhi,75,1500,112500,95,35,1,0,3,0,0.0,0.9
2025-02-10,Keyboard,Bangalore,62,1500,93000,157,35,1,0,5,0,0.0,0.9
2025-02-10,Keyboard,Chennai,53,1500,79500,56,35,0,0,6,0,0.0,0.9
2025-02-10,Keyboard,Pune,66,1500,99000,98,35,1,0,7,0,0.0,0.9
2025-02-10,Keyboard,Kolkata,69,1500,103500,101,35,1,0,7,0,0.0,0.9
2025-02-10,Keyboard,Ahmedabad,62,1500,93000,43,35,0,0,3,0,0.0,0.9
2025-02-10,Monitor,Hyderabad,40,18000,720000,89,15,0,0,6,0,0.0,0.9
2025-02-10,Monitor,Mumbai,31,18000,558000,105,15,0,0,7,0,0.0,0.9
2025-02-10,Monitor,Delhi,39,18000,702000,27,15,0,0,7,0,0.0,0.9
2025-02-10,Monitor,Bangalore,48,18000,864000,104,15,1,0,6,0,0.0,0.9
2025-02-10,Monitor,Chennai,47,18000,846000,98,15,1,0,2,0,0.0,0.9
2025-02-10,Monitor,Pune,36,18000,648000,124,15,1,0,6,0,0.0,0.9
2025-02-10,Monitor,Kolkata,21,18000,378000,89,15,1,0,2,0,0.0,0.9
2025-02-10,Monitor,Ahmedabad,37,18000,666000,95,15,0,0,2,0,0.0,0.9
2025-02-10,Mouse,Hyderabad,74,800,59200,69,50,1,0,6,0,0.0,0.9
2025-02-10,Mouse,Mumbai,77,800,61600,64,50,1,0,2,0,0.0,0.9
2025-02-10,Mouse,Delhi,75,800,60000,126,50,1,0,3,0,0.0,0.9
2025-02-10,Mouse,Bangalore,79,800,63200,138,50,1,0,6,0,0.0,0.9
2025-02-10,Mouse,Chennai,87,800,69600,5,50,1,1,4,0,0.0,0.9
2025-02-10,Mouse,Pune,69,800,55200,107,50,1,0,2,0,0.0,0.9
2025-02-10,Mouse,Kolkata,78,800,62400,53,50,0,0,5,0,0.0,0.9
2025-02-10,Mouse,Ahmedabad,94,800,75200,140,50,1,0,3,0,0.0,0.9
2025-02-10,Printer,Hyderabad,24,12000,288000,104,10,1,0,4,0,0.0,0.9
2025-02-10,Printer,Mumbai,18,12000,216000,68,10,0,0,7,0,0.0,0.9
2025-02-10,Printer,Delhi,27,12000,324000,75,10,0,0,6,0,0.0,0.9
2025-02-10,Printer,Bangalore,22,12000,264000,63,10,0,0,4,0,0.0,0.9
2025-02-10,Printer,Chennai,40,12000,480000,48,10,1,0,7,0,0.0,0.9
2025-02-10,Printer,Pune,15,12000,180000,86,10,0,0,7,0,0.0,0.9
2025-02-10,Printer,Kolkata,24,12000,288000,61,10,0,0,2,0,0.0,0.9
2025-02-10,Printer,Ahmedabad,17,12000,204000,117,10,0,0,4,0,0.0,0.9
2025-02-10,Speaker,Hyderabad,56,4000,224000,132,25,1,0,7,0,0.0,0.9
2025-02-10,Speaker,Mumbai,59,4000,236000,83,25,0,0,5,0,0.0,0.9
2025-02-10,Speaker,Delhi,52,4000,208000,82,25,0,0,6,0,0.0,0.9
2025-02-10,Speaker,Bangalore,48,4000,192000,115,25,1,0,7,0,0.0,0.9
2025-02-10,Speaker,Chennai,53,4000,212000,75,25,1,0,5,0,0.0,0.9
2025-02-10,Speaker,Pune,55,4000,220000,52,25,0,0,2,0,0.0,0.9
2025-02-10,Speaker,Kolkata,61,4000,244000,100,25,1,0,4,0,0.0,0.9
2025-02-10,Speaker,Ahmedabad,64,4000,256000,34,25,0,0,4,0,0.0,0.9
2025-02-11,Laptop,Hyderabad,45,55000,2475000,58,20,0,0,5,0,0.0,0.9
2025-02-11,Laptop,Mumbai,65,55000,3575000,98,20,1,0,7,0,0.0,0.9
2025-02-11,Laptop,Delhi,59,55000,3245000,101,20,1,0,4,0,0.0,0.9
2025-02-11,Laptop,Bangalore,54,55000,2970000,122,20,1,0,6,0,0.0,0.9
2025-02-11,Laptop,Chennai,52,55000,2860000,76,20,1,0,5,0,0.0,0.9
2025-02-11,Laptop,Pune,38,55000,2090000,75,20,1,0,2,0,0.0,0.9
2025-02-11,Laptop,Kolkata,41,55000,2255000,128,20,1,0,7,0,0.0,0.9
2025-02-11,Laptop,Ahmedabad,47,55000,2585000,56,20,0,0,7,0,0.0,0.9
2025-02-11,Mobile,Hyderabad,81,20000,1620000,61,30,0,0,4,0,0.0,0.9
2025-02-11,Mobile,Mumbai,61,20000,1220000,30,30,0,0,4,0,0.0,0.9
2025-02-11,Mobile,Delhi,80,20000,1600000,87,30,0,0,5,0,0.0,0.9
2025-02-11,Mobile,Bangalore,81,20000,1620000,123,30,1,0,4,0,0.0,0.9
2025-02-11,Mobile,Chennai,73,20000,1460000,53,30,0,0,7,0,0.0,0.9
2025-02-11,Mobile,Pune,63,20000,1260000,121,30,1,0,3,0,0.0,0.9
2025-02-11,Mobile,Kolkata,67,20000,1340000,73,30,1,0,7,0,0.0,0.9
2025-02-11,Mobile,Ahmedabad,87,20000,1740000,70,30,0,0,5,0,0.0,0.9
2025-02-11,Tablet,Hyderabad,44,30000,1320000,39,25,0,0,7,0,0.0,0.9
2025-02-11,Tablet,Mumbai,36,30000,1080000,40,25,0,0,6,0,0.0,0.9
2025-02-11,Tablet,Delhi,43,30000,1290000,79,25,0,0,2,0,0.0,0.9
2025-02-11,Tablet,Bangalore,43,30000,1290000,143,25,1,0,7,0,0.0,0.9
2025-02-11,Tablet,Chennai,42,30000,1260000,135,25,1,0,3,0,0.0,0.9
2025-02-11,Tablet,Pune,36,30000,1080000,28,25,0,0,5,0,0.0,0.9
2025-02-11,Tablet,Kolkata,60,30000,1800000,86,25,0,0,4,0,0.0,0.9
2025-02-11,Tablet,Ahmedabad,41,30000,1230000,89,25,0,0,3,0,0.0,0.9
2025-02-11,Headphones,Hyderabad,54,3000,162000,73,40,0,0,5,0,0.0,0.9
2025-02-11,Headphones,Mumbai,54,3000,162000,111,40,0,0,7,0,0.0,0.9
2025-02-11,Headphones,Delhi,48,3000,144000,46,40,0,0,5,0,0.0,0.9
2025-02-11,Headphones,Bangalore,66,3000,198000,55,40,1,0,6,0,0.0,0.9
2025-02-11,Headphones,Chennai,47,3000,141000,106,40,1,0,6,0,0.0,0.9
2025-02-11,Headphones,Pune,45,3000,135000,54,40,1,0,6,0,0.0,0.9
2025-02-11,Headphones,Kolkata,63,3000,189000,114,40,1,0,3,0,0.0,0.9
2025-02-11,Headphones,Ahmedabad,48,3000,144000,117,40,1,0,6,0,0.0,0.9
2025-02-11,Smartwatch,Hyderabad,33,8000,264000,100,20,0,0,7,0,0.0,0.9
2025-02-11,Smartwatch,Mumbai,29,8000,232000,57,20,0,0,5,0,0.0,0.9
2025-02-11,Smartwatch,Delhi,42,8000,336000,46,20,0,0,4,0,0.0,0.9
2025-02-11,Smartwatch,Bangalore,22,8000,176000,83,20,0,0,4,0,0.0,0.9
2025-02-11,Smartwatch,Chennai,41,8000,328000,69,20,1,0,2,0,0.0,0.9
2025-02-11,Smartwatch,Pune,45,8000,360000,36,20,0,0,2,0,0.0,0.9
2025-02-11,Smartwatch,Kolkata,45,8000,360000,44,20,0,0,5,0,0.0,0.9
2025-02-11,Smartwatch,Ahmedabad,38,8000,304000,76,20,0,0,5,0,0.0,0.9
2025-02-11,Keyboard,Hyderabad,73,1500,109500,82,35,1,0,2,0,0.0,0.9
2025-02-11,Keyboard,Mumbai,73,1500,109500,42,35,0,0,6,0,0.0,0.9
2025-02-11,Keyboard,Delhi,65,1500,97500,172,35,1,0,5,0,0.0,0.9
2025-02-11,Keyboard,Bangalore,60,1500,90000,97,35,0,0,6,0,0.0,0.9
2025-02-11,Keyboard,Chennai,76,1500,114000,54,35,1,0,4,0,0.0,0.9
2025-02-11,Keyboard,Pune,50,1500,75000,48,35,0,0,5,0,0.0,0.9
2025-02-11,Keyboard,Kolkata,68,1500,102000,97,35,1,0,3,0,0.0,0.9
2025-02-11,Keyboard,Ahmedabad,64,1500,96000,117,35,1,0,4,0,0.0,0.9
2025-02-11,Monitor,Hyderabad,46,18000,828000,43,15,0,0,3,0,0.0,0.9
2025-02-11,Monitor,Mumbai,36,18000,648000,69,15,0,0,3,0,0.0,0.9
2025-02-11,Monitor,Delhi,43,18000,774000,59,15,1,0,4,0,0.0,0.9
2025-02-11,Monitor,Bangalore,40,18000,720000,64,15,0,0,6,0,0.0,0.9
2025-02-11,Monitor,Chennai,48,18000,864000,50,15,0,0,4,0,0.0,0.9
2025-02-11,Monitor,Pune,39,18000,702000,85,15,0,0,6,0,0.0,0.9
2025-02-11,Monitor,Kolkata,32,18000,576000,57,15,0,0,6,0,0.0,0.9
2025-02-11,Monitor,Ahmedabad,31,18000,558000,64,15,0,0,4,0,0.0,0.9
2025-02-11,Mouse,Hyderabad,85,800,68000,110,50,1,0,4,0,0.0,0.9
2025-02-11,Mouse,Mumbai,76,800,60800,89,50,1,0,7,0,0.0,0.9
2025-02-11,Mouse,Delhi,79,800,63200,145,50,1,0,5,0,0.0,0.9
2025-02-11,Mouse,Bangalore,79,800,63200,59,50,0,0,5,0,0.0,0.9
2025-02-11,Mouse,Chennai,74,800,59200,0,50,1,1,5,0,0.0,0.9
2025-02-11,Mouse,Pune,77,800,61600,143,50,1,0,2,0,0.0,0.9
2025-02-11,Mouse,Kolkata,89,800,71200,102,50,1,0,7,0,0.0,0.9
2025-02-11,Mouse,Ahmedabad,92,800,73600,168,50,1,0,2,0,0.0,0.9
2025-02-11,Printer,Hyderabad,33,12000,396000,71,10,0,0,6,0,0.0,0.9
2025-02-11,Printer,Mumbai,22,12000,264000,46,10,0,0,5,0,0.0,0.9
2025-02-11,Printer,Delhi,28,12000,336000,47,10,0,0,2,0,0.0,0.9
2025-02-11,Printer,Bangalore,39,12000,468000,24,10,0,0,3,0,0.0,0.9
2025-02-11,Printer,Chennai,24,12000,288000,24,10,0,0,5,0,0.0,0.9
2025-02-11,Printer,Pune,30,12000,360000,56,10,0,0,3,0,0.0,0.9
2025-02-11,Printer,Kolkata,27,12000,324000,34,10,0,0,5,0,0.0,0.9
2025-02-11,Printer,Ahmedabad,29,12000,348000,88,10,0,0,2,0,0.0,0.9
2025-02-11,Speaker,Hyderabad,57,4000,228000,75,25,0,0,2,0,0.0,0.9
2025-02-11,Speaker,Mumbai,53,4000,212000,30,25,0,0,4,0,0.0,0.9
2025-02-11,Speaker,Delhi,56,4000,224000,26,25,0,0,6,0,0.0,0.9
2025-02-11,Speaker,Bangalore,52,4000,208000,63,25,0,0,3,0,0.0,0.9
2025-02-11,Speaker,Chennai,62,4000,248000,138,25,1,0,4,0,0.0,0.9
2025-02-11,Speaker,Pune,42,4000,168000,151,25,1,0,6,0,0.0,0.9
2025-02-11,Speaker,Kolkata,52,4000,208000,48,25,0,0,6,0,0.0,0.9
2025-02-11,Speaker,Ahmedabad,53,4000,212000,121,25,1,0,2,0,0.0,0.9
2025-02-12,Laptop,Hyderabad,41,55000,2255000,127,20,1,0,2,0,0.0,0.9
2025-02-12,Laptop,Mumbai,44,55000,2420000,54,20,0,0,6,0,0.0,0.9
2025-02-12,Laptop,Delhi,49,55000,2695000,52,20,0,0,5,0,0.0,0.9
2025-02-12,Laptop,Bangalore,50,55000,2750000,72,20,0,0,2,0,0.0,0.9
2025-02-12,Laptop,Chennai,59,55000,3245000,122,20,1,0,4,0,0.0,0.9
2025-02-12,Laptop,Pune,49,55000,2695000,26,20,0,0,6,0,0.0,0.9
2025-02-12,Laptop,Kolkata,38,55000,2090000,90,20,0,0,7,0,0.0,0.9
2025-02-12,Laptop,Ahmedabad,46,55000,2530000,147,20,1,0,5,0,0.0,0.9
2025-02-12,Mobile,Hyderabad,73,20000,1460000,78,30,1,0,6,0,0.0,0.9
2025-02-12,Mobile,Mumbai,72,20000,1440000,75,30,1,0,7,0,0.0,0.9
2025-02-12,Mobile,Delhi,58,20000,1160000,174,30,1,0,4,0,0.0,0.9
2025-02-12,Mobile,Bangalore,76,20000,1520000,47,30,0,0,3,0,0.0,0.9
2025-02-12,Mobile,Chennai,79,20000,1580000,53,30,1,0,6,0,0.0,0.9
2025-02-12,Mobile,Pune,79,20000,1580000,42,30,0,0,6,0,0.0,0.9
2025-02-12,Mobile,Kolkata,81,20000,1620000,100,30,1,0,7,0,0.0,0.9
2025-02-12,Mobile,Ahmedabad,66,20000,1320000,147,30,1,0,4,0,0.0,0.9
2025-02-12,Tablet,Hyderabad,45,30000,1350000,90,25,1,0,7,0,0.0,0.9
2025-02-12,Tablet,Mumbai,28,30000,840000,94,25,1,0,5,0,0.0,0.9
2025-02-12,Tablet,Delhi,35,30000,1050000,44,25,0,0,2,0,0.0,0.9
2025-02-12,Tablet,Bangalore,40,30000,1200000,103,25,0,0,2,0,0.0,0.9
2025-02-12,Tablet,Chennai,39,30000,1170000,96,25,0,0,3,0,0.0,0.9
2025-02-12,Tablet,Pune,39,30000,1170000,41,25,1,0,2,0,0.0,0.9
2025-02-12,Tablet,Kolkata,29,30000,870000,57,25,0,0,7,0,0.0,0.9
2025-02-12,Tablet,Ahmedabad,41,30000,1230000,48,25,0,0,6,0,0.0,0.9
2025-02-12,Headphones,Hyderabad,56,3000,168000,145,40,1,0,5,0,0.0,0.9
2025-02-12,Headphones,Mumbai,47,3000,141000,64,40,0,0,2,0,0.0,0.9
2025-02-12,Headphones,Delhi,72,3000,216000,100,40,1,0,2,0,0.0,0.9
2025-02-12,Headphones,Bangalore,67,3000,201000,82,40,1,0,4,0,0.0,0.9
2025-02-12,Headphones,Chennai,74,3000,222000,174,40,1,0,4,0,0.0,0.9
2025-02-12,Headphones,Pune,45,3000,135000,100,40,1,0,4,0,0.0,0.9
2025-02-12,Headphones,Kolkata,35,3000,105000,79,40,0,0,5,0,0.0,0.9
2025-02-12,Headphones,Ahmedabad,45,3000,135000,72,40,0,0,5,0,0.0,0.9
2025-02-12,Smartwatch,Hyderabad,38,8000,304000,62,20,0,0,2,0,0.0,0.9
2025-02-12,Smartwatch,Mumbai,31,8000,248000,26,20,0,0,4,0,0.0,0.9
2025-02-12,Smartwatch,Delhi,31,8000,248000,146,20,1,0,6,0,0.0,0.9
2025-02-12,Smartwatch,Bangalore,35,8000,280000,48,20,0,0,5,0,0.0,0.9
2025-02-12,Smartwatch,Chennai,38,8000,304000,31,20,0,0,7,0,0.0,0.9
2025-02-12,Smartwatch,Pune,37,8000,296000,121,20,1,0,6,0,0.0,0.9
2025-02-12,Smartwatch,Kolkata,25,8000,200000,84,20,1,0,6,0,0.0,0.9
2025-02-12,Smartwatch,Ahmedabad,24,8000,192000,52,20,0,0,7,0,0.0,0.9
2025-02-12,Keyboard,Hyderabad,60,1500,90000,125,35,1,0,4,0,0.0,0.9
2025-02-12,Keyboard,Mumbai,63,1500,94500,73,35,1,0,4,0,0.0,0.9
2025-02-12,Keyboard,Delhi,63,1500,94500,109,35,0,0,7,0,0.0,0.9
2025-02-12,Keyboard,Bangalore,85,1500,127500,64,35,1,0,4,0,0.0,0.9
2025-02-12,Keyboard,Chennai,63,1500,94500,95,35,1,0,3,0,0.0,0.9
2025-02-12,Keyboard,Pune,61,1500,91500,114,35,1,0,3,0,0.0,0.9
2025-02-12,Keyboard,Kolkata,67,1500,100500,149,35,1,0,5,0,0.0,0.9
2025-02-12,Keyboard,Ahmedabad,60,1500,90000,57,35,0,0,7,0,0.0,0.9
2025-02-12,Monitor,Hyderabad,52,18000,936000,75,15,1,0,7,0,0.0,0.9
2025-02-12,Monitor,Mumbai,39,18000,702000,30,15,0,0,2,0,0.0,0.9
2025-02-12,Monitor,Delhi,37,18000,666000,22,15,0,0,4,0,0.0,0.9
2025-02-12,Monitor,Bangalore,37,18000,666000,27,15,0,0,2,0,0.0,0.9
2025-02-12,Monitor,Chennai,49,18000,882000,65,15,1,0,2,0,0.0,0.9
2025-02-12,Monitor,Pune,37,18000,666000,48,15,0,0,5,0,0.0,0.9
2025-02-12,Monitor,Kolkata,55,18000,990000,93,15,1,0,3,0,0.0,0.9
2025-02-12,Monitor,Ahmedabad,44,18000,792000,20,15,0,0,2,0,0.0,0.9
2025-02-12,Mouse,Hyderabad,81,800,64800,82,50,1,0,4,0,0.0,0.9
2025-02-12,Mouse,Mumbai,81,800,64800,75,50,1,0,6,0,0.0,0.9
2025-02-12,Mouse,Delhi,71,800,56800,74,50,0,0,2,0,0.0,0.9
2025-02-12,Mouse,Bangalore,99,800,79200,58,50,1,0,5,0,0.0,0.9
2025-02-12,Mouse,Chennai,86,800,68800,0,50,1,1,6,0,0.0,0.9
2025-02-12,Mouse,Pune,81,800,64800,62,50,0,0,5,0,0.0,0.9
2025-02-12,Mouse,Kolkata,92,800,73600,117,50,1,0,7,0,0.0,0.9
2025-02-12,Mouse,Ahmedabad,84,800,67200,84,50,0,0,3,0,0.0,0.9
2025-02-12,Printer,Hyderabad,40,12000,480000,31,10,0,0,6,0,0.0,0.9
2025-02-12,Printer,Mumbai,12,12000,144000,34,10,0,0,3,0,0.0,0.9
2025-02-12,Printer,Delhi,26,12000,312000,21,10,0,0,4,0,0.0,0.9
2025-02-12,Printer,Bangalore,22,12000,264000,64,10,1,0,6,0,0.0,0.9
2025-02-12,Printer,Chennai,16,12000,192000,88,10,1,0,3,0,0.0,0.9
2025-02-12,Printer,Pune,32,12000,384000,24,10,0,0,6,0,0.0,0.9
2025-02-12,Printer,Kolkata,20,12000,240000,14,10,0,0,7,0,0.0,0.9
2025-02-12,Printer,Ahmedabad,15,12000,180000,73,10,0,0,7,0,0.0,0.9
2025-02-12,Speaker,Hyderabad,53,4000,212000,128,25,1,0,7,0,0.0,0.9
2025-02-12,Speaker,Mumbai,61,4000,244000,98,25,1,0,3,0,0.0,0.9
2025-02-12,Speaker,Delhi,69,4000,276000,55,25,1,0,5,0,0.0,0.9
2025-02-12,Speaker,Bangalore,40,4000,160000,163,25,1,0,6,0,0.0,0.9
2025-02-12,Speaker,Chennai,52,4000,208000,86,25,0,0,2,0,0.0,0.9
2025-02-12,Speaker,Pune,58,4000,232000,93,25,0,0,2,0,0.0,0.9
2025-02-12,Speaker,Kolkata,50,4000,200000,65,25,1,0,6,0,0.0,0.9
2025-02-12,Speaker,Ahmedabad,54,4000,216000,67,25,0,0,2,0,0.0,0.9
2025-02-13,Laptop,Hyderabad,61,55000,3355000,66,20,0,0,2,0,0.0,0.9
2025-02-13,Laptop,Mumbai,50,55000,2750000,108,20,1,0,3,0,0.0,0.9
2025-02-13,Laptop,Delhi,58,55000,3190000,75,20,1,0,5,0,0.0,0.9
2025-02-13,Laptop,Bangalore,42,55000,2310000,30,20,0,0,3,0,0.0,0.9
2025-02-13,Laptop,Chennai,62,55000,3410000,60,20,0,0,2,0,0.0,0.9
2025-02-13,Laptop,Pune,50,55000,2750000,29,20,1,0,5,0,0.0,0.9
2025-02-13,Laptop,Kolkata,50,55000,2750000,40,20,0,0,7,0,0.0,0.9
2025-02-13,Laptop,Ahmedabad,52,55000,2860000,95,20,0,0,7,0,0.0,0.9
2025-02-13,Mobile,Hyderabad,65,20000,1300000,126,30,1,0,2,0,0.0,0.9
2025-02-13,Mobile,Mumbai,72,20000,1440000,65,30,1,0,3,0,0.0,0.9
2025-02-13,Mobile,Delhi,62,20000,1240000,112,30,0,0,6,0,0.0,0.9
2025-02-13,Mobile,Bangalore,81,20000,1620000,17,30,1,1,2,0,0.0,0.9
2025-02-13,Mobile,Chennai,73,20000,1460000,39,30,1,0,6,0,0.0,0.9
2025-02-13,Mobile,Pune,80,20000,1600000,86,30,1,0,2,0,0.0,0.9
2025-02-13,Mobile,Kolkata,60,20000,1200000,40,30,0,0,2,0,0.0,0.9
2025-02-13,Mobile,Ahmedabad,67,20000,1340000,80,30,0,0,5,0,0.0,0.9
2025-02-13,Tablet,Hyderabad,44,30000,1320000,46,25,0,0,4,0,0.0,0.9
2025-02-13,Tablet,Mumbai,30,30000,900000,64,25,0,0,6,0,0.0,0.9
2025-02-13,Tablet,Delhi,32,30000,960000,116,25,1,0,3,0,0.0,0.9
2025-02-13,Tablet,Bangalore,28,30000,840000,75,25,0,0,3,0,0.0,0.9
2025-02-13,Tablet,Chennai,57,30000,1710000,39,25,0,0,4,0,0.0,0.9
2025-02-13,Tablet,Pune,46,30000,1380000,94,25,1,0,6,0,0.0,0.9
2025-02-13,Tablet,Kolkata,46,30000,1380000,91,25,1,0,3,0,0.0,0.9
2025-02-13,Tablet,Ahmedabad,41,30000,1230000,110,25,1,0,5,0,0.0,0.9
2025-02-13,Headphones,Hyderabad,55,3000,165000,90,40,0,0,7,0,0.0,0.9
2025-02-13,Headphones,Mumbai,59,3000,177000,126,40,1,0,4,0,0.0,0.9
2025-02-13,Headphones,Delhi,51,3000,153000,49,40,0,0,7,0,0.0,0.9
2025-02-13,Headphones,Bangalore,63,3000,189000,120,40,1,0,3,0,0.0,0.9
2025-02-13,Headphones,Chennai,68,3000,204000,106,40,0,0,3,0,0.0,0.9
2025-02-13,Headphones,Pune,53,3000,159000,47,40,0,0,4,0,0.0,0.9
2025-02-13,Headphones,Kolkata,52,3000,156000,152,40,1,0,5,0,0.0,0.9
2025-02-13,Headphones,Ahmedabad,61,3000,183000,84,40,1,0,7,0,0.0,0.9
2025-02-13,Smartwatch,Hyderabad,33,8000,264000,29,20,0,0,3,0,0.0,0.9
2025-02-13,Smartwatch,Mumbai,18,8000,144000,71,20,1,0,4,0,0.0,0.9
2025-02-13,Smartwatch,Delhi,48,8000,384000,98,20,0,0,7,0,0.0,0.9
2025-02-13,Smartwatch,Bangalore,31,8000,248000,112,20,1,0,3,0,0.0,0.9
2025-02-13,Smartwatch,Chennai,42,8000,336000,121,20,1,0,4,0,0.0,0.9
2025-02-13,Smartwatch,Pune,24,8000,192000,97,20,0,0,7,0,0.0,0.9
2025-02-13,Smartwatch,Kolkata,27,8000,216000,57,20,0,0,4,0,0.0,0.9
2025-02-13,Smartwatch,Ahmedabad,36,8000,288000,148,20,1,0,6,0,0.0,0.9
2025-02-13,Keyboard,Hyderabad,75,1500,112500,50,35,0,0,2,0,0.0,0.9
2025-02-13,Keyboard,Mumbai,56,1500,84000,79,35,1,0,2,0,0.0,0.9
2025-02-13,Keyboard,Delhi,64,1500,96000,45,35,0,0,6,0,0.0,0.9
2025-02-13,Keyboard,Bangalore,69,1500,103500,91,35,1,0,2,0,0.0,0.9
2025-02-13,Keyboard,Chennai,66,1500,99000,116,35,1,0,2,0,0.0,0.9
2025-02-13,Keyboard,Pune,74,1500,111000,40,35,0,0,2,0,0.0,0.9
2025-02-13,Keyboard,Kolkata,65,1500,97500,84,35,0,0,2,0,0.0,0.9
2025-02-13,Keyboard,Ahmedabad,60,1500,90000,104,35,1,0,2,0,0.0,0.9
2025-02-13,Monitor,Hyderabad,39,18000,702000,36,15,0,0,4,0,0.0,0.9
2025-02-13,Monitor,Mumbai,40,18000,720000,81,15,1,0,3,0,0.0,0.9
2025-02-13,Monitor,Delhi,38,18000,684000,87,15,1,0,2,0,0.0,0.9
2025-02-13,Monitor,Bangalore,45,18000,810000,40,15,1,0,7,0,0.0,0.9
2025-02-13,Monitor,Chennai,41,18000,738000,24,15,0,0,7,0,0.0,0.9
2025-02-13,Monitor,Pune,35,18000,630000,159,15,1,0,7,0,0.0,0.9
2025-02-13,Monitor,Kolkata,47,18000,846000,46,15,0,0,5,0,0.0,0.9
2025-02-13,Monitor,Ahmedabad,51,18000,918000,56,15,1,0,5,0,0.0,0.9
2025-02-13,Mouse,Hyderabad,88,800,70400,61,50,1,0,4,0,0.0,0.9
2025-02-13,Mouse,Mumbai,86,800,68800,115,50,1,0,5,0,0.0,0.9
2025-02-13,Mouse,Delhi,92,800,73600,127,50,1,0,3,0,0.0,0.9
2025-02-13,Mouse,Bangalore,93,800,74400,103,50,1,0,5,0,0.0,0.9
2025-02-13,Mouse,Chennai,65,800,52000,50,50,1,0,7,0,0.0,0.9
2025-02-13,Mouse,Pune,90,800,72000,72,50,1,0,2,0,0.0,0.9
2025-02-13,Mouse,Kolkata,83,800,66400,91,50,1,0,5,0,0.0,0.9
2025-02-13,Mouse,Ahmedabad,76,800,60800,92,50,1,0,4,0,0.0,0.9
2025-02-13,Printer,Hyderabad,34,12000,408000,143,10,1,0,6,0,0.0,0.9
2025-02-13,Printer,Mumbai,6,12000,72000,28,10,0,0,3,0,0.0,0.9
2025-02-13,Printer,Delhi,40,12000,480000,105,10,1,0,2,0,0.0,0.9
2025-02-13,Printer,Bangalore,12,12000,144000,52,10,0,0,7,0,0.0,0.9
2025-02-13,Printer,Chennai,31,12000,372000,57,10,0,0,7,0,0.0,0.9
2025-02-13,Printer,Pune,33,12000,396000,127,10,1,0,4,0,0.0,0.9
2025-02-13,Printer,Kolkata,24,12000,288000,120,10,1,0,5,0,0.0,0.9
2025-02-13,Printer,Ahmedabad,17,12000,204000,56,10,0,0,5,0,0.0,0.9
2025-02-13,Speaker,Hyderabad,67,4000,268000,61,25,0,0,2,0,0.0,0.9
2025-02-13,Speaker,Mumbai,49,4000,196000,49,25,0,0,4,0,0.0,0.9
2025-02-13,Speaker,Delhi,64,4000,256000,79,25,1,0,3,0,0.0,0.9
2025-02-13,Speaker,Bangalore,39,4000,156000,124,25,0,0,2,0,0.0,0.9
2025-02-13,Speaker,Chennai,41,4000,164000,45,25,0,0,6,0,0.0,0.9
2025-02-13,Speaker,Pune,49,4000,196000,44,25,0,0,4,0,0.0,0.9
2025-02-13,Speaker,Kolkata,55,4000,220000,132,25,1,0,6,0,0.0,0.9
2025-02-13,Speaker,Ahmedabad,60,4000,240000,102,25,1,0,7,0,0.0,0.9
2025-02-14,Laptop,Hyderabad,34,55000,1870000,32,20,0,0,5,0,0.0,0.9
2025-02-14,Laptop,Mumbai,60,55000,3300000,48,20,0,0,7,0,0.0,0.9
2025-02-14,Laptop,Delhi,47,55000,2585000,28,20,0,0,2,0,0.0,0.9
2025-02-14,Laptop,Bangalore,46,55000,2530000,57,20,1,0,4,0,0.0,0.9
2025-02-14,Laptop,Chennai,50,55000,2750000,158,20,1,0,2,0,0.0,0.9
2025-02-14,Laptop,Pune,54,55000,2970000,45,20,1,0,7,0,0.0,0.9
2025-02-14,Laptop,Kolkata,46,55000,2530000,85,20,1,0,3,0,0.0,0.9
2025-02-14,Laptop,Ahmedabad,51,55000,2805000,44,20,0,0,4,0,0.0,0.9
2025-02-14,Mobile,Hyderabad,78,20000,1560000,48,30,0,0,5,0,0.0,0.9
2025-02-14,Mobile,Mumbai,88,20000,1760000,50,30,1,0,6,0,0.0,0.9
2025-02-14,Mobile,Delhi,75,20000,1500000,37,30,0,0,2,0,0.0,0.9
2025-02-14,Mobile,Bangalore,92,20000,1840000,9,30,1,1,4,0,0.0,0.9
2025-02-14,Mobile,Chennai,68,20000,1360000,43,30,1,0,5,0,0.0,0.9
2025-02-14,Mobile,Pune,68,20000,1360000,72,30,1,0,6,0,0.0,0.9
2025-02-14,Mobile,Kolkata,75,20000,1500000,92,30,1,0,5,0,0.0,0.9
2025-02-14,Mobile,Ahmedabad,72,20000,1440000,121,30,1,0,7,0,0.0,0.9
2025-02-14,Tablet,Hyderabad,47,30000,1410000,122,25,1,0,2,0,0.0,0.9
2025-02-14,Tablet,Mumbai,40,30000,1200000,135,25,1,0,4,0,0.0,0.9
2025-02-14,Tablet,Delhi,30,30000,900000,86,25,0,0,4,0,0.0,0.9
2025-02-14,Tablet,Bangalore,57,30000,1710000,163,25,1,0,4,0,0.0,0.9
2025-02-14,Tablet,Chennai,44,30000,1320000,136,25,1,0,7,0,0.0,0.9
2025-02-14,Tablet,Pune,40,30000,1200000,54,25,0,0,4,0,0.0,0.9
2025-02-14,Tablet,Kolkata,45,30000,1350000,46,25,0,0,7,0,0.0,0.9
2025-02-14,Tablet,Ahmedabad,51,30000,1530000,59,25,0,0,3,0,0.0,0.9
2025-02-14,Headphones,Hyderabad,52,3000,156000,157,40,1,0,4,0,0.0,0.9
2025-02-14,Headphones,Mumbai,37,3000,111000,89,40,0,0,3,0,0.0,0.9
2025-02-14,Headphones,Delhi,45,3000,135000,94,40,1,0,3,0,0.0,0.9
2025-02-14,Headphones,Bangalore,64,3000,192000,56,40,0,0,5,0,0.0,0.9
2025-02-14,Headphones,Chennai,58,3000,174000,48,40,0,0,2,0,0.0,0.9
2025-02-14,Headphones,Pune,51,3000,153000,125,40,1,0,6,0,0.0,0.9
2025-02-14,Headphones,Kolkata,67,3000,201000,85,40,0,0,5,0,0.0,0.9
2025-02-14,Headphones,Ahmedabad,64,3000,192000,122,40,1,0,5,0,0.0,0.9
2025-02-14,Smartwatch,Hyderabad,38,8000,304000,109,20,1,0,2,0,0.0,0.9
2025-02-14,Smartwatch,Mumbai,26,8000,208000,45,20,0,0,4,0,0.0,0.9
2025-02-14,Smartwatch,Delhi,22,8000,176000,76,20,0,0,2,0,0.0,0.9
2025-02-14,Smartwatch,Bangalore,19,8000,152000,93,20,0,0,7,0,0.0,0.9
2025-02-14,Smartwatch,Chennai,31,8000,248000,90,20,0,0,4,0,0.0,0.9
2025-02-14,Smartwatch,Pune,30,8000,240000,67,20,0,0,2,0,0.0,0.9
2025-02-14,Smartwatch,Kolkata,37,8000,296000,20,20,0,0,4,0,0.0,0.9
2025-02-14,Smartwatch,Ahmedabad,35,8000,280000,113,20,0,0,4,0,0.0,0.9
2025-02-14,Keyboard,Hyderabad,67,1500,100500,89,35,1,0,4,0,0.0,0.9
2025-02-14,Keyboard,Mumbai,66,1500,99000,128,35,1,0,5,0,0.0,0.9
2025-02-14,Keyboard,Delhi,68,1500,102000,56,35,1,0,5,0,0.0,0.9
2025-02-14,Keyboard,Bangalore,61,1500,91500,100,35,1,0,7,0,0.0,0.9
2025-02-14,Keyboard,Chennai,58,1500,87000,58,35,0,0,7,0,0.0,0.9
2025-02-14,Keyboard,Pune,65,1500,97500,110,35,1,0,5,0,0.0,0.9
2025-02-14,Keyboard,Kolkata,61,1500,91500,73,35,1,0,5,0,0.0,0.9
2025-02-14,Keyboard,Ahmedabad,52,1500,78000,52,35,0,0,6,0,0.0,0.9
2025-02-14,Monitor,Hyderabad,36,18000,648000,120,15,1,0,4,0,0.0,0.9
2025-02-14,Monitor,Mumbai,38,18000,684000,43,15,0,0,7,0,0.0,0.9
2025-02-14,Monitor,Delhi,39,18000,702000,48,15,0,0,4,0,0.0,0.9
2025-02-14,Monitor,Bangalore,42,18000,756000,135,15,1,0,7,0,0.0,0.9
2025-02-14,Monitor,Chennai,44,18000,792000,130,15,1,0,2,0,0.0,0.9
2025-02-14,Monitor,Pune,38,18000,684000,121,15,0,0,6,0,0.0,0.9
2025-02-14,Monitor,Kolkata,43,18000,774000,86,15,1,0,3,0,0.0,0.9
2025-02-14,Monitor,Ahmedabad,35,18000,630000,21,15,0,0,3,0,0.0,0.9
2025-02-14,Mouse,Hyderabad,70,800,56000,62,50,1,0,5,0,0.0,0.9
2025-02-14,Mouse,Mumbai,80,800,64000,88,50,1,0,6,0,0.0,0.9
2025-02-14,Mouse,Delhi,71,800,56800,56,50,0,0,7,0,0.0,0.9
2025-02-14,Mouse,Bangalore,78,800,62400,161,50,1,0,4,0,0.0,0.9
2025-02-14,Mouse,Chennai,77,800,61600,29,50,1,1,5,0,0.0,0.9
2025-02-14,Mouse,Pune,70,800,56000,101,50,1,0,5,0,0.0,0.9
2025-02-14,Mouse,Kolkata,82,800,65600,113,50,1,0,5,0,0.0,0.9
2025-02-14,Mouse,Ahmedabad,88,800,70400,55,50,1,0,3,0,0.0,0.9
2025-02-14,Printer,Hyderabad,23,12000,276000,120,10,0,0,3,0,0.0,0.9
2025-02-14,Printer,Mumbai,25,12000,300000,77,10,1,0,4,0,0.0,0.9
2025-02-14,Printer,Delhi,19,12000,228000,86,10,0,0,2,0,0.0,0.9
2025-02-14,Printer,Bangalore,34,12000,408000,18,10,0,0,3,0,0.0,0.9
2025-02-14,Printer,Chennai,33,12000,396000,24,10,0,0,5,0,0.0,0.9
2025-02-14,Printer,Pune,29,12000,348000,98,10,0,0,2,0,0.0,0.9
2025-02-14,Printer,Kolkata,34,12000,408000,86,10,0,0,5,0,0.0,0.9
2025-02-14,Printer,Ahmedabad,27,12000,324000,29,10,0,0,7,0,0.0,0.9
2025-02-14,Speaker,Hyderabad,59,4000,236000,112,25,1,0,4,0,0.0,0.9
2025-02-14,Speaker,Mumbai,43,4000,172000,81,25,1,0,3,0,0.0,0.9
2025-02-14,Speaker,Delhi,46,4000,184000,33,25,0,0,7,0,0.0,0.9
2025-02-14,Speaker,Bangalore,59,4000,236000,65,25,0,0,4,0,0.0,0.9
2025-02-14,Speaker,Chennai,57,4000,228000,105,25,1,0,2,0,0.0,0.9
2025-02-14,Speaker,Pune,53,4000,212000,136,25,1,0,5,0,0.0,0.9
2025-02-14,Speaker,Kolkata,55,4000,220000,77,25,0,0,4,0,0.0,0.9
2025-02-14,Speaker,Ahmedabad,54,4000,216000,48,25,0,0,4,0,0.0,0.9
2025-02-15,Laptop,Hyderabad,63,55000,3465000,112,20,1,0,7,1,10.0,0.9
2025-02-15,Laptop,Mumbai,67,55000,3685000,100,20,1,0,6,1,10.0,0.9
2025-02-15,Laptop,Delhi,57,55000,3135000,91,20,1,0,3,1,10.0,0.9
2025-02-15,Laptop,Bangalore,59,55000,3245000,101,20,1,0,2,1,10.0,0.9
2025-02-15,Laptop,Chennai,53,55000,2915000,105,20,0,0,6,1,10.0,0.9
2025-02-15,Laptop,Pune,53,55000,2915000,77,20,1,0,7,1,10.0,0.9
2025-02-15,Laptop,Kolkata,53,55000,2915000,32,20,0,0,4,1,10.0,0.9
2025-02-15,Laptop,Ahmedabad,71,55000,3905000,68,20,1,0,2,1,10.0,0.9
2025-02-15,Mobile,Hyderabad,96,20000,1920000,36,30,1,0,2,1,10.0,0.9
2025-02-15,Mobile,Mumbai,72,20000,1440000,75,30,1,0,7,1,10.0,0.9
2025-02-15,Mobile,Delhi,95,20000,1900000,34,30,1,0,4,1,10.0,0.9
2025-02-15,Mobile,Bangalore,88,20000,1760000,0,30,1,1,2,1,10.0,0.9
2025-02-15,Mobile,Chennai,89,20000,1780000,42,30,1,0,5,1,10.0,0.9
2025-02-15,Mobile,Pune,88,20000,1760000,51,30,1,0,7,1,10.0,0.9
2025-02-15,Mobile,Kolkata,85,20000,1700000,102,30,1,0,4,1,10.0,0.9
2025-02-15,Mobile,Ahmedabad,92,20000,1840000,116,30,1,0,5,1,10.0,0.9
2025-02-15,Tablet,Hyderabad,56,30000,1680000,66,25,0,0,3,1,10.0,0.9
2025-02-15,Tablet,Mumbai,37,30000,1110000,98,25,0,0,3,1,10.0,0.9
2025-02-15,Tablet,Delhi,52,30000,1560000,34,25,0,0,6,1,10.0,0.9
2025-02-15,Tablet,Bangalore,39,30000,1170000,124,25,0,0,5,1,10.0,0.9
2025-02-15,Tablet,Chennai,46,30000,1380000,90,25,0,0,7,1,10.0,0.9
2025-02-15,Tablet,Pune,56,30000,1680000,127,25,1,0,3,1,10.0,0.9
2025-02-15,Tablet,Kolkata,60,30000,1800000,44,25,1,0,7,1,10.0,0.9
2025-02-15,Tablet,Ahmedabad,52,30000,1560000,127,25,1,0,4,1,10.0,0.9
2025-02-15,Headphones,Hyderabad,69,3000,207000,88,40,0,0,7,1,10.0,0.9
2025-02-15,Headphones,Mumbai,63,3000,189000,90,40,1,0,6,1,10.0,0.9
2025-02-15,Headphones,Delhi,65,3000,195000,148,40,1,0,3,1,10.0,0.9
2025-02-15,Headphones,Bangalore,66,3000,198000,110,40,1,0,2,1,10.0,0.9
2025-02-15,Headphones,Chennai,73,3000,219000,46,40,1,0,6,1,10.0,0.9
2025-02-15,Headphones,Pune,84,3000,252000,41,40,0,0,3,1,10.0,0.9
2025-02-15,Headphones,Kolkata,65,3000,195000,71,40,1,0,5,1,10.0,0.9
2025-02-15,Headphones,Ahmedabad,68,3000,204000,54,40,0,0,7,1,10.0,0.9
2025-02-15,Smartwatch,Hyderabad,45,8000,360000,64,20,0,0,2,1,10.0,0.9
2025-02-15,Smartwatch,Mumbai,52,8000,416000,74,20,1,0,6,1,10.0,0.9
2025-02-15,Smartwatch,Delhi,42,8000,336000,34,20,0,0,2,1,10.0,0.9
2025-02-15,Smartwatch,Bangalore,38,8000,304000,55,20,0,0,3,1,10.0,0.9
2025-02-15,Smartwatch,Chennai,47,8000,376000,43,20,0,0,6,1,10.0,0.9
2025-02-15,Smartwatch,Pune,52,8000,416000,84,20,1,0,5,1,10.0,0.9
2025-02-15,Smartwatch,Kolkata,47,8000,376000,111,20,1,0,6,1,10.0,0.9
2025-02-15,Smartwatch,Ahmedabad,42,8000,336000,71,20,0,0,7,1,10.0,0.9
2025-02-15,Keyboard,Hyderabad,78,1500,117000,118,35,1,0,6,1,10.0,0.9
2025-02-15,Keyboard,Mumbai,74,1500,111000,54,35,0,0,2,1,10.0,0.9
2025-02-15,Keyboard,Delhi,66,1500,99000,105,35,1,0,4,1,10.0,0.9
2025-02-15,Keyboard,Bangalore,74,1500,111000,109,35,1,0,6,1,10.0,0.9
2025-02-15,Keyboard,Chennai,74,1500,111000,41,35,1,0,5,1,10.0,0.9
2025-02-15,Keyboard,Pune,61,1500,91500,49,35,0,0,7,1,10.0,0.9
2025-02-15,Keyboard,Kolkata,76,1500,114000,78,35,1,0,6,1,10.0,0.9
2025-02-15,Keyboard,Ahmedabad,78,1500,117000,60,35,1,0,6,1,10.0,0.9
2025-02-15,Monitor,Hyderabad,48,18000,864000,72,15,0,0,7,1,10.0,0.9
2025-02-15,Monitor,Mumbai,50,18000,900000,134,15,1,0,4,1,10.0,0.9
2025-02-15,Monitor,Delhi,51,18000,918000,91,15,1,0,7,1,10.0,0.9
2025-02-15,Monitor,Bangalore,41,18000,738000,94,15,0,0,4,1,10.0,0.9
2025-02-15,Monitor,Chennai,59,18000,1062000,71,15,0,0,2,1,10.0,0.9
2025-02-15,Monitor,Pune,42,18000,756000,79,15,0,0,4,1,10.0,0.9
2025-02-15,Monitor,Kolkata,40,18000,720000,46,15,0,0,7,1,10.0,0.9
2025-02-15,Monitor,Ahmedabad,57,18000,1026000,17,15,1,0,5,1,10.0,0.9
2025-02-15,Mouse,Hyderabad,102,800,81600,34,50,1,1,3,1,10.0,0.9
2025-02-15,Mouse,Mumbai,93,800,74400,112,50,1,0,4,1,10.0,0.9
2025-02-15,Mouse,Delhi,100,800,80000,94,50,1,0,3,1,10.0,0.9
2025-02-15,Mouse,Bangalore,88,800,70400,73,50,0,0,4,1,10.0,0.9
2025-02-15,Mouse,Chennai,98,800,78400,73,50,1,0,6,1,10.0,0.9
2025-02-15,Mouse,Pune,97,800,77600,86,50,1,0,4,1,10.0,0.9
2025-02-15,Mouse,Kolkata,103,800,82400,61,50,1,0,3,1,10.0,0.9
2025-02-15,Mouse,Ahmedabad,82,800,65600,64,50,1,0,2,1,10.0,0.9
2025-02-15,Printer,Hyderabad,25,12000,300000,95,10,0,0,2,1,10.0,0.9
2025-02-15,Printer,Mumbai,39,12000,468000,38,10,0,0,2,1,10.0,0.9
2025-02-15,Printer,Delhi,37,12000,444000,49,10,0,0,5,1,10.0,0.9
2025-02-15,Printer,Bangalore,49,12000,588000,81,10,1,0,3,1,10.0,0.9
2025-02-15,Printer,Chennai,40,12000,480000,41,10,1,0,3,1,10.0,0.9
2025-02-15,Printer,Pune,30,12000,360000,68,10,0,0,2,1,10.0,0.9
2025-02-15,Printer,Kolkata,24,12000,288000,62,10,0,0,6,1,10.0,0.9
2025-02-15,Printer,Ahmedabad,47,12000,564000,38,10,1,0,3,1,10.0,0.9
2025-02-15,Speaker,Hyderabad,74,4000,296000,38,25,0,0,6,1,10.0,0.9
2025-02-15,Speaker,Mumbai,58,4000,232000,77,25,1,0,4,1,10.0,0.9
2025-02-15,Speaker,Delhi,70,4000,280000,71,25,1,0,4,1,10.0,0.9
2025-02-15,Speaker,Bangalore,68,4000,272000,70,25,1,0,6,1,10.0,0.9
2025-02-15,Speaker,Chennai,78,4000,312000,27,25,0,0,2,1,10.0,0.9
2025-02-15,Speaker,Pune,63,4000,252000,73,25,0,0,3,1,10.0,0.9
2025-02-15,Speaker,Kolkata,62,4000,248000,164,25,1,0,4,1,10.0,0.9
2025-02-15,Speaker,Ahmedabad,68,4000,272000,91,25,1,0,2,1,10.0,0.9
2025-02-16,Laptop,Hyderabad,55,55000,3025000,57,20,0,0,5,0,0.0,0.9
2025-02-16,Laptop,Mumbai,44,55000,2420000,56,20,0,0,5,0,0.0,0.9
2025-02-16,Laptop,Delhi,63,55000,3465000,28,20,0,0,2,0,0.0,0.9
2025-02-16,Laptop,Bangalore,44,55000,2420000,57,20,0,0,3,0,0.0,0.9
2025-02-16,Laptop,Chennai,52,55000,2860000,53,20,0,0,3,0,0.0,0.9
2025-02-16,Laptop,Pune,63,55000,3465000,152,20,1,0,2,0,0.0,0.9
2025-02-16,Laptop,Kolkata,55,55000,3025000,79,20,1,0,7,0,0.0,0.9
2025-02-16,Laptop,Ahmedabad,55,55000,3025000,120,20,1,0,2,0,0.0,0.9
2025-02-16,Mobile,Hyderabad,81,20000,1620000,89,30,1,0,7,0,0.0,0.9
2025-02-16,Mobile,Mumbai,79,20000,1580000,121,30,1,0,4,0,0.0,0.9
2025-02-16,Mobile,Delhi,69,20000,1380000,76,30,1,0,6,0,0.0,0.9
2025-02-16,Mobile,Bangalore,76,20000,1520000,48,30,1,0,5,0,0.0,0.9
2025-02-16,Mobile,Chennai,67,20000,1340000,33,30,1,0,6,0,0.0,0.9
2025-02-16,Mobile,Pune,69,20000,1380000,124,30,1,0,3,0,0.0,0.9
2025-02-16,Mobile,Kolkata,75,20000,1500000,113,30,1,0,3,0,0.0,0.9
2025-02-16,Mobile,Ahmedabad,66,20000,1320000,50,30,0,0,5,0,0.0,0.9
2025-02-16,Tablet,Hyderabad,42,30000,1260000,164,25,1,0,3,0,0.0,0.9
2025-02-16,Tablet,Mumbai,41,30000,1230000,57,25,0,0,5,0,0.0,0.9
2025-02-16,Tablet,Delhi,52,30000,1560000,129,25,1,0,3,0,0.0,0.9
2025-02-16,Tablet,Bangalore,35,30000,1050000,89,25,0,0,3,0,0.0,0.9
2025-02-16,Tablet,Chennai,36,30000,1080000,54,25,0,0,7,0,0.0,0.9
2025-02-16,Tablet,Pune,38,30000,1140000,89,25,0,0,3,0,0.0,0.9
2025-02-16,Tablet,Kolkata,32,30000,960000,129,25,1,0,5,0,0.0,0.9
2025-02-16,Tablet,Ahmedabad,46,30000,1380000,81,25,0,0,4,0,0.0,0.9
2025-02-16,Headphones,Hyderabad,77,3000,231000,82,40,1,0,2,0,0.0,0.9
2025-02-16,Headphones,Mumbai,64,3000,192000,173,40,1,0,7,0,0.0,0.9
2025-02-16,Headphones,Delhi,67,3000,201000,81,40,0,0,7,0,0.0,0.9
2025-02-16,Headphones,Bangalore,67,3000,201000,43,40,0,0,2,0,0.0,0.9
2025-02-16,Headphones,Chennai,69,3000,207000,40,40,1,0,4,0,0.0,0.9
2025-02-16,Headphones,Pune,67,3000,201000,100,40,1,0,6,0,0.0,0.9
2025-02-16,Headphones,Kolkata,68,3000,204000,150,40,1,0,6,0,0.0,0.9
2025-02-16,Headphones,Ahmedabad,62,3000,186000,70,40,1,0,5,0,0.0,0.9
2025-02-16,Smartwatch,Hyderabad,45,8000,360000,130,20,1,0,4,0,0.0,0.9
2025-02-16,Smartwatch,Mumbai,28,8000,224000,46,20,0,0,4,0,0.0,0.9
2025-02-16,Smartwatch,Delhi,26,8000,208000,93,20,1,0,4,0,0.0,0.9
2025-02-16,Smartwatch,Bangalore,41,8000,328000,164,20,1,0,5,0,0.0,0.9
2025-02-16,Smartwatch,Chennai,35,8000,280000,62,20,1,0,4,0,0.0,0.9
2025-02-16,Smartwatch,Pune,43,8000,344000,41,20,0,0,5,0,0.0,0.9
2025-02-16,Smartwatch,Kolkata,51,8000,408000,60,20,0,0,2,0,0.0,0.9
2025-02-16,Smartwatch,Ahmedabad,47,8000,376000,24,20,0,0,2,0,0.0,0.9
2025-02-16,Keyboard,Hyderabad,72,1500,108000,46,35,0,0,7,0,0.0,0.9
2025-02-16,Keyboard,Mumbai,61,1500,91500,104,35,1,0,7,0,0.0,0.9
2025-02-16,Keyboard,Delhi,66,1500,99000,39,35,0,0,3,0,0.0,0.9
2025-02-16,Keyboard,Bangalore,52,1500,78000,57,35,0,0,3,0,0.0,0.9
2025-02-16,Keyboard,Chennai,65,1500,97500,120,35,1,0,7,0,0.0,0.9
2025-02-16,Keyboard,Pune,75,1500,112500,47,35,1,0,6,0,0.0,0.9
2025-02-16,Keyboard,Kolkata,56,1500,84000,135,35,1,0,7,0,0.0,0.9
2025-02-16,Keyboard,Ahmedabad,86,1500,129000,74,35,1,0,6,0,0.0,0.9
2025-02-16,Monitor,Hyderabad,49,18000,882000,23,15,0,0,6,0,0.0,0.9
2025-02-16,Monitor,Mumbai,61,18000,1098000,73,15,0,0,7,0,0.0,0.9
2025-02-16,Monitor,Delhi,37,18000,666000,54,15,0,0,3,0,0.0,0.9
2025-02-16,Monitor,Bangalore,33,18000,594000,61,15,0,0,6,0,0.0,0.9
2025-02-16,Monitor,Chennai,43,18000,774000,28,15,0,0,6,0,0.0,0.9
2025-02-16,Monitor,Pune,36,18000,648000,43,15,0,0,5,0,0.0,0.9
2025-02-16,Monitor,Kolkata,34,18000,612000,73,15,1,0,7,0,0.0,0.9
2025-02-16,Monitor,Ahmedabad,30,18000,540000,55,15,1,0,5,0,0.0,0.9
2025-02-16,Mouse,Hyderabad,72,800,57600,44,50,1,1,3,0,0.0,0.9
2025-02-16,Mouse,Mumbai,72,800,57600,149,50,1,0,4,0,0.0,0.9
2025-02-16,Mouse,Delhi,83,800,66400,64,50,1,0,7,0,0.0,0.9
2025-02-16,Mouse,Bangalore,78,800,62400,132,50,1,0,2,0,0.0,0.9
2025-02-16,Mouse,Chennai,85,800,68000,104,50,1,0,6,0,0.0,0.9
2025-02-16,Mouse,Pune,84,800,67200,95,50,1,0,7,0,0.0,0.9
2025-02-16,Mouse,Kolkata,88,800,70400,28,50,1,1,7,0,0.0,0.9
2025-02-16,Mouse,Ahmedabad,89,800,71200,122,50,1,0,2,0,0.0,0.9
2025-02-16,Printer,Hyderabad,19,12000,228000,76,10,0,0,5,0,0.0,0.9
2025-02-16,Printer,Mumbai,17,12000,204000,21,10,0,0,3,0,0.0,0.9
2025-02-16,Printer,Delhi,30,12000,360000,19,10,0,0,2,0,0.0,0.9
2025-02-16,Printer,Bangalore,22,12000,264000,59,10,0,0,4,0,0.0,0.9
2025-02-16,Printer,Chennai,25,12000,300000,16,10,0,0,3,0,0.0,0.9
2025-02-16,Printer,Pune,17,12000,204000,51,10,0,0,4,0,0.0,0.9
2025-02-16,Printer,Kolkata,21,12000,252000,41,10,0,0,4,0,0.0,0.9
2025-02-16,Printer,Ahmedabad,25,12000,300000,13,10,0,0,2,0,0.0,0.9
2025-02-16,Speaker,Hyderabad,40,4000,160000,66,25,1,0,7,0,0.0,0.9
2025-02-16,Speaker,Mumbai,57,4000,228000,85,25,1,0,6,0,0.0,0.9
2025-02-16,Speaker,Delhi,41,4000,164000,30,25,0,0,6,0,0.0,0.9
2025-02-16,Speaker,Bangalore,54,4000,216000,94,25,1,0,2,0,0.0,0.9
2025-02-16,Speaker,Chennai,35,4000,140000,113,25,1,0,2,0,0.0,0.9
2025-02-16,Speaker,Pune,52,4000,208000,168,25,1,0,3,0,0.0,0.9
2025-02-16,Speaker,Kolkata,47,4000,188000,117,25,0,0,5,0,0.0,0.9
2025-02-16,Speaker,Ahmedabad,47,4000,188000,44,25,0,0,2,0,0.0,0.9
2025-02-17,Laptop,Hyderabad,39,55000,2145000,111,20,1,0,7,0,0.0,0.9
2025-02-17,Laptop,Mumbai,63,55000,3465000,64,20,1,0,5,0,0.0,0.9
2025-02-17,Laptop,Delhi,68,55000,3740000,106,20,1,0,3,0,0.0,0.9
2025-02-17,Laptop,Bangalore,45,55000,2475000,150,20,1,0,2,0,0.0,0.9
2025-02-17,Laptop,Chennai,44,55000,2420000,81,20,1,0,5,0,0.0,0.9
2025-02-17,Laptop,Pune,50,55000,2750000,102,20,0,0,2,0,0.0,0.9
2025-02-17,Laptop,Kolkata,37,55000,2035000,42,20,0,0,6,0,0.0,0.9
2025-02-17,Laptop,Ahmedabad,37,55000,2035000,83,20,0,0,2,0,0.0,0.9
2025-02-17,Mobile,Hyderabad,58,20000,1160000,31,30,0,0,5,0,0.0,0.9
2025-02-17,Mobile,Mumbai,64,20000,1280000,57,30,0,0,2,0,0.0,0.9
2025-02-17,Mobile,Delhi,87,20000,1740000,48,30,1,0,3,0,0.0,0.9
2025-02-17,Mobile,Bangalore,73,20000,1460000,125,30,1,0,2,0,0.0,0.9
2025-02-17,Mobile,Chennai,71,20000,1420000,53,30,1,0,4,0,0.0,0.9
2025-02-17,Mobile,Pune,59,20000,1180000,65,30,0,0,5,0,0.0,0.9
2025-02-17,Mobile,Kolkata,70,20000,1400000,43,30,0,0,6,0,0.0,0.9
2025-02-17,Mobile,Ahmedabad,78,20000,1560000,93,30,1,0,4,0,0.0,0.9
2025-02-17,Tablet,Hyderabad,46,30000,1380000,118,25,0,0,3,0,0.0,0.9
2025-02-17,Tablet,Mumbai,54,30000,1620000,78,25,1,0,3,0,0.0,0.9
2025-02-17,Tablet,Delhi,40,30000,1200000,89,25,0,0,4,0,0.0,0.9
2025-02-17,Tablet,Bangalore,37,30000,1110000,52,25,0,0,4,0,0.0,0.9
2025-02-17,Tablet,Chennai,28,30000,840000,26,25,0,0,3,0,0.0,0.9
2025-02-17,Tablet,Pune,36,30000,1080000,53,25,0,0,5,0,0.0,0.9
2025-02-17,Tablet,Kolkata,29,30000,870000,100,25,0,0,5,0,0.0,0.9
2025-02-17,Tablet,Ahmedabad,45,30000,1350000,36,25,0,0,4,0,0.0,0.9
2025-02-17,Headphones,Hyderabad,60,3000,180000,160,40,1,0,2,0,0.0,0.9
2025-02-17,Headphones,Mumbai,59,3000,177000,114,40,0,0,5,0,0.0,0.9
2025-02-17,Headphones,Delhi,55,3000,165000,131,40,1,0,6,0,0.0,0.9
2025-02-17,Headphones,Bangalore,56,3000,168000,43,40,1,0,6,0,0.0,0.9
2025-02-17,Headphones,Chennai,70,3000,210000,102,40,1,0,4,0,0.0,0.9
2025-02-17,Headphones,Pune,67,3000,201000,149,40,1,0,4,0,0.0,0.9
2025-02-17,Headphones,Kolkata,57,3000,171000,93,40,0,0,7,0,0.0,0.9
2025-02-17,Headphones,Ahmedabad,66,3000,198000,75,40,1,0,7,0,0.0,0.9
2025-02-17,Smartwatch,Hyderabad,17,8000,136000,113,20,0,0,5,0,0.0,0.9
2025-02-17,Smartwatch,Mumbai,16,8000,128000,30,20,0,0,6,0,0.0,0.9
2025-02-17,Smartwatch,Delhi,31,8000,248000,62,20,0,0,2,0,0.0,0.9
2025-02-17,Smartwatch,Bangalore,36,8000,288000,128,20,0,0,4,0,0.0,0.9
2025-02-17,Smartwatch,Chennai,25,8000,200000,37,20,0,0,7,0,0.0,0.9
2025-02-17,Smartwatch,Pune,26,8000,208000,123,20,1,0,4,0,0.0,0.9
2025-02-17,Smartwatch,Kolkata,32,8000,256000,28,20,0,0,6,0,0.0,0.9
2025-02-17,Smartwatch,Ahmedabad,27,8000,216000,106,20,1,0,4,0,0.0,0.9
2025-02-17,Keyboard,Hyderabad,59,1500,88500,77,35,1,0,5,0,0.0,0.9
2025-02-17,Keyboard,Mumbai,69,1500,103500,35,35,0,0,5,0,0.0,0.9
2025-02-17,Keyboard,Delhi,61,1500,91500,68,35,1,0,7,0,0.0,0.9
2025-02-17,Keyboard,Bangalore,64,1500,96000,61,35,1,0,6,0,0.0,0.9
2025-02-17,Keyboard,Chennai,68,1500,102000,52,35,0,0,4,0,0.0,0.9
2025-02-17,Keyboard,Pune,61,1500,91500,100,35,1,0,6,0,0.0,0.9
2025-02-17,Keyboard,Kolkata,58,1500,87000,77,35,0,0,5,0,0.0,0.9
2025-02-17,Keyboard,Ahmedabad,61,1500,91500,74,35,1,0,4,0,0.0,0.9
2025-02-17,Monitor,Hyderabad,35,18000,630000,42,15,1,0,5,0,0.0,0.9
2025-02-17,Monitor,Mumbai,44,18000,792000,29,15,0,0,7,0,0.0,0.9
2025-02-17,Monitor,Delhi,34,18000,612000,20,15,0,0,3,0,0.0,0.9
2025-02-17,Monitor,Bangalore,37,18000,666000,24,15,0,0,4,0,0.0,0.9
2025-02-17,Monitor,Chennai,39,18000,702000,89,15,1,0,2,0,0.0,0.9
2025-02-17,Monitor,Pune,35,18000,630000,132,15,1,0,5,0,0.0,0.9
2025-02-17,Monitor,Kolkata,32,18000,576000,41,15,0,0,5,0,0.0,0.9
2025-02-17,Monitor,Ahmedabad,32,18000,576000,23,15,0,0,3,0,0.0,0.9
2025-02-17,Mouse,Hyderabad,87,800,69600,65,50,1,0,3,0,0.0,0.9
2025-02-17,Mouse,Mumbai,64,800,51200,85,50,0,0,6,0,0.0,0.9
2025-02-17,Mouse,Delhi,89,800,71200,31,50,1,1,5,0,0.0,0.9
2025-02-17,Mouse,Bangalore,93,800,74400,92,50,1,0,2,0,0.0,0.9
2025-02-17,Mouse,Chennai,80,800,64000,94,50,1,0,6,0,0.0,0.9
2025-02-17,Mouse,Pune,98,800,78400,132,50,1,0,6,0,0.0,0.9
2025-02-17,Mouse,Kolkata,75,800,60000,29,50,1,1,3,0,0.0,0.9
2025-02-17,Mouse,Ahmedabad,80,800,64000,97,50,1,0,7,0,0.0,0.9
2025-02-17,Printer,Hyderabad,24,12000,288000,52,10,0,0,2,0,0.0,0.9
2025-02-17,Printer,Mumbai,28,12000,336000,131,10,1,0,4,0,0.0,0.9
2025-02-17,Printer,Delhi,30,12000,360000,46,10,1,0,5,0,0.0,0.9
2025-02-17,Printer,Bangalore,35,12000,420000,24,10,0,0,4,0,0.0,0.9
2025-02-17,Printer,Chennai,15,12000,180000,106,10,1,0,5,0,0.0,0.9
2025-02-17,Printer,Pune,14,12000,168000,37,10,0,0,7,0,0.0,0.9
2025-02-17,Printer,Kolkata,33,12000,396000,80,10,1,0,2,0,0.0,0.9
2025-02-17,Printer,Ahmedabad,28,12000,336000,97,10,1,0,4,0,0.0,0.9
2025-02-17,Speaker,Hyderabad,49,4000,196000,142,25,1,0,5,0,0.0,0.9
2025-02-17,Speaker,Mumbai,44,4000,176000,41,25,0,0,5,0,0.0,0.9
2025-02-17,Speaker,Delhi,48,4000,192000,131,25,1,0,2,0,0.0,0.9
2025-02-17,Speaker,Bangalore,50,4000,200000,44,25,0,0,5,0,0.0,0.9
2025-02-17,Speaker,Chennai,51,4000,204000,62,25,0,0,2,0,0.0,0.9
2025-02-17,Speaker,Pune,61,4000,244000,107,25,0,0,4,0,0.0,0.9
2025-02-17,Speaker,Kolkata,38,4000,152000,79,25,0,0,4,0,0.0,0.9
2025-02-17,Speaker,Ahmedabad,47,4000,188000,137,25,1,0,2,0,0.0,0.9
2025-02-18,Laptop,Hyderabad,46,55000,2530000,65,20,0,0,7,0,0.0,0.9
2025-02-18,Laptop,Mumbai,58,55000,3190000,128,20,1,0,2,0,0.0,0.9
2025-02-18,Laptop,Delhi,43,55000,2365000,63,20,0,0,6,0,0.0,0.9
2025-02-18,Laptop,Bangalore,54,55000,2970000,96,20,0,0,5,0,0.0,0.9
2025-02-18,Laptop,Chennai,41,55000,2255000,40,20,0,0,4,0,0.0,0.9
2025-02-18,Laptop,Pune,59,55000,3245000,43,20,0,0,4,0,0.0,0.9
2025-02-18,Laptop,Kolkata,51,55000,2805000,44,20,1,0,3,0,0.0,0.9
2025-02-18,Laptop,Ahmedabad,53,55000,2915000,30,20,0,0,3,0,0.0,0.9
2025-02-18,Mobile,Hyderabad,84,20000,1680000,28,30,1,1,7,0,0.0,0.9
2025-02-18,Mobile,Mumbai,75,20000,1500000,116,30,1,0,7,0,0.0,0.9
2025-02-18,Mobile,Delhi,58,20000,1160000,113,30,1,0,5,0,0.0,0.9
2025-02-18,Mobile,Bangalore,78,20000,1560000,47,30,0,0,2,0,0.0,0.9
2025-02-18,Mobile,Chennai,75,20000,1500000,66,30,1,0,4,0,0.0,0.9
2025-02-18,Mobile,Pune,79,20000,1580000,51,30,1,0,2,0,0.0,0.9
2025-02-18,Mobile,Kolkata,80,20000,1600000,16,30,1,1,2,0,0.0,0.9
2025-02-18,Mobile,Ahmedabad,58,20000,1160000,35,30,0,0,5,0,0.0,0.9
2025-02-18,Tablet,Hyderabad,40,30000,1200000,78,25,0,0,2,0,0.0,0.9
2025-02-18,Tablet,Mumbai,37,30000,1110000,41,25,0,0,6,0,0.0,0.9
2025-02-18,Tablet,Delhi,48,30000,1440000,41,25,0,0,5,0,0.0,0.9
2025-02-18,Tablet,Bangalore,47,30000,1410000,137,25,1,0,2,0,0.0,0.9
2025-02-18,Tablet,Chennai,54,30000,1620000,42,25,1,0,2,0,0.0,0.9
2025-02-18,Tablet,Pune,44,30000,1320000,75,25,1,0,2,0,0.0,0.9
2025-02-18,Tablet,Kolkata,51,30000,1530000,49,25,0,0,4,0,0.0,0.9
2025-02-18,Tablet,Ahmedabad,42,30000,1260000,90,25,1,0,3,0,0.0,0.9
2025-02-18,Headphones,Hyderabad,60,3000,180000,100,40,0,0,3,0,0.0,0.9
2025-02-18,Headphones,Mumbai,70,3000,210000,44,40,0,0,3,0,0.0,0.9
2025-02-18,Headphones,Delhi,62,3000,186000,69,40,0,0,4,0,0.0,0.9
2025-02-18,Headphones,Bangalore,50,3000,150000,119,40,1,0,3,0,0.0,0.9
2025-02-18,Headphones,Chennai,54,3000,162000,48,40,0,0,2,0,0.0,0.9
2025-02-18,Headphones,Pune,59,3000,177000,90,40,0,0,3,0,0.0,0.9
2025-02-18,Headphones,Kolkata,54,3000,162000,102,40,1,0,4,0,0.0,0.9
2025-02-18,Headphones,Ahmedabad,59,3000,177000,152,40,1,0,2,0,0.0,0.9
2025-02-18,Smartwatch,Hyderabad,42,8000,336000,71,20,0,0,5,0,0.0,0.9
2025-02-18,Smartwatch,Mumbai,44,8000,352000,126,20,1,0,4,0,0.0,0.9
2025-02-18,Smartwatch,Delhi,24,8000,192000,38,20,0,0,6,0,0.0,0.9
2025-02-18,Smartwatch,Bangalore,36,8000,288000,92,20,0,0,5,0,0.0,0.9
2025-02-18,Smartwatch,Chennai,32,8000,256000,123,20,1,0,2,0,0.0,0.9
2025-02-18,Smartwatch,Pune,43,8000,344000,80,20,0,0,6,0,0.0,0.9
2025-02-18,Smartwatch,Kolkata,43,8000,344000,44,20,1,0,7,0,0.0,0.9
2025-02-18,Smartwatch,Ahmedabad,34,8000,272000,72,20,0,0,7,0,0.0,0.9
2025-02-18,Keyboard,Hyderabad,62,1500,93000,126,35,1,0,5,0,0.0,0.9
2025-02-18,Keyboard,Mumbai,62,1500,93000,32,35,1,1,5,0,0.0,0.9
2025-02-18,Keyboard,Delhi,60,1500,90000,81,35,1,0,5,0,0.0,0.9
2025-02-18,Keyboard,Bangalore,58,1500,87000,128,35,1,0,4,0,0.0,0.9
2025-02-18,Keyboard,Chennai,74,1500,111000,95,35,1,0,2,0,0.0,0.9
2025-02-18,Keyboard,Pune,56,1500,84000,44,35,0,0,6,0,0.0,0.9
2025-02-18,Keyboard,Kolkata,50,1500,75000,148,35,1,0,6,0,0.0,0.9
2025-02-18,Keyboard,Ahmedabad,66,1500,99000,91,35,1,0,6,0,0.0,0.9
2025-02-18,Monitor,Hyderabad,29,18000,522000,143,15,1,0,7,0,0.0,0.9
2025-02-18,Monitor,Mumbai,45,18000,810000,96,15,1,0,7,0,0.0,0.9
2025-02-18,Monitor,Delhi,35,18000,630000,40,15,1,0,3,0,0.0,0.9
2025-02-18,Monitor,Bangalore,37,18000,666000,125,15,1,0,4,0,0.0,0.9
2025-02-18,Monitor,Chennai,38,18000,684000,51,15,0,0,5,0,0.0,0.9
2025-02-18,Monitor,Pune,37,18000,666000,95,15,0,0,3,0,0.0,0.9
2025-02-18,Monitor,Kolkata,33,18000,594000,136,15,1,0,3,0,0.0,0.9
2025-02-18,Monitor,Ahmedabad,16,18000,288000,67,15,1,0,3,0,0.0,0.9
2025-02-18,Mouse,Hyderabad,78,800,62400,117,50,1,0,5,0,0.0,0.9
2025-02-18,Mouse,Mumbai,82,800,65600,105,50,1,0,4,0,0.0,0.9
2025-02-18,Mouse,Delhi,84,800,67200,35,50,1,1,3,0,0.0,0.9
2025-02-18,Mouse,Bangalore,78,800,62400,131,50,1,0,5,0,0.0,0.9
2025-02-18,Mouse,Chennai,74,800,59200,95,50,1,0,4,0,0.0,0.9
2025-02-18,Mouse,Pune,77,800,61600,55,50,0,0,4,0,0.0,0.9
2025-02-18,Mouse,Kolkata,81,800,64800,52,50,1,0,6,0,0.0,0.9
2025-02-18,Mouse,Ahmedabad,95,800,76000,132,50,1,0,3,0,0.0,0.9
2025-02-18,Printer,Hyderabad,25,12000,300000,27,10,0,0,4,0,0.0,0.9
2025-02-18,Printer,Mumbai,25,12000,300000,106,10,0,0,7,0,0.0,0.9
2025-02-18,Printer,Delhi,26,12000,312000,20,10,0,0,4,0,0.0,0.9
2025-02-18,Printer,Bangalore,30,12000,360000,118,10,1,0,2,0,0.0,0.9
2025-02-18,Printer,Chennai,37,12000,444000,69,10,0,0,5,0,0.0,0.9
2025-02-18,Printer,Pune,33,12000,396000,74,10,1,0,7,0,0.0,0.9
2025-02-18,Printer,Kolkata,21,12000,252000,59,10,0,0,6,0,0.0,0.9
2025-02-18,Printer,Ahmedabad,39,12000,468000,58,10,0,0,3,0,0.0,0.9
2025-02-18,Speaker,Hyderabad,49,4000,196000,93,25,0,0,2,0,0.0,0.9
2025-02-18,Speaker,Mumbai,52,4000,208000,56,25,1,0,7,0,0.0,0.9
2025-02-18,Speaker,Delhi,49,4000,196000,82,25,0,0,6,0,0.0,0.9
2025-02-18,Speaker,Bangalore,60,4000,240000,70,25,1,0,5,0,0.0,0.9
2025-02-18,Speaker,Chennai,54,4000,216000,119,25,1,0,2,0,0.0,0.9
2025-02-18,Speaker,Pune,60,4000,240000,47,25,0,0,4,0,0.0,0.9
2025-02-18,Speaker,Kolkata,53,4000,212000,26,25,0,0,5,0,0.0,0.9
2025-02-18,Speaker,Ahmedabad,64,4000,256000,73,25,0,0,2,0,0.0,0.9
2025-02-19,Laptop,Hyderabad,39,55000,2145000,26,20,0,0,3,0,0.0,0.9
2025-02-19,Laptop,Mumbai,51,55000,2805000,77,20,0,0,7,0,0.0,0.9
2025-02-19,Laptop,Delhi,57,55000,3135000,149,20,1,0,4,0,0.0,0.9
2025-02-19,Laptop,Bangalore,49,55000,2695000,47,20,0,0,6,0,0.0,0.9
2025-02-19,Laptop,Chennai,60,55000,3300000,99,20,1,0,3,0,0.0,0.9
2025-02-19,Laptop,Pune,52,55000,2860000,66,20,1,0,5,0,0.0,0.9
2025-02-19,Laptop,Kolkata,51,55000,2805000,67,20,1,0,2,0,0.0,0.9
2025-02-19,Laptop,Ahmedabad,55,55000,3025000,91,20,1,0,3,0,0.0,0.9
2025-02-19,Mobile,Hyderabad,79,20000,1580000,16,30,1,1,7,0,0.0,0.9
2025-02-19,Mobile,Mumbai,67,20000,1340000,49,30,0,0,5,0,0.0,0.9
2025-02-19,Mobile,Delhi,71,20000,1420000,42,30,0,0,4,0,0.0,0.9
2025-02-19,Mobile,Bangalore,63,20000,1260000,51,30,1,0,6,0,0.0,0.9
2025-02-19,Mobile,Chennai,81,20000,1620000,75,30,1,0,7,0,0.0,0.9
2025-02-19,Mobile,Pune,66,20000,1320000,107,30,1,0,4,0,0.0,0.9
2025-02-19,Mobile,Kolkata,75,20000,1500000,8,30,1,1,3,0,0.0,0.9
2025-02-19,Mobile,Ahmedabad,60,20000,1200000,64,30,1,0,3,0,0.0,0.9
2025-02-19,Tablet,Hyderabad,35,30000,1050000,43,25,0,0,6,0,0.0,0.9
2025-02-19,Tablet,Mumbai,59,30000,1770000,127,25,1,0,3,0,0.0,0.9
2025-02-19,Tablet,Delhi,24,30000,720000,117,25,1,0,7,0,0.0,0.9
2025-02-19,Tablet,Bangalore,47,30000,1410000,90,25,0,0,2,0,0.0,0.9
2025-02-19,Tablet,Chennai,41,30000,1230000,99,25,1,0,6,0,0.0,0.9
2025-02-19,Tablet,Pune,54,30000,1620000,150,25,1,0,5,0,0.0,0.9
2025-02-19,Tablet,Kolkata,47,30000,1410000,125,25,1,0,3,0,0.0,0.9
2025-02-19,Tablet,Ahmedabad,44,30000,1320000,46,25,0,0,2,0,0.0,0.9
2025-02-19,Headphones,Hyderabad,50,3000,150000,50,40,0,0,6,0,0.0,0.9
2025-02-19,Headphones,Mumbai,48,3000,144000,111,40,1,0,3,0,0.0,0.9
2025-02-19,Headphones,Delhi,75,3000,225000,61,40,1,0,7,0,0.0,0.9
2025-02-19,Headphones,Bangalore,70,3000,210000,49,40,0,0,6,0,0.0,0.9
2025-02-19,Headphones,Chennai,60,3000,180000,69,40,1,0,7,0,0.0,0.9
2025-02-19,Headphones,Pune,56,3000,168000,111,40,1,0,5,0,0.0,0.9
2025-02-19,Headphones,Kolkata,59,3000,177000,43,40,0,0,6,0,0.0,0.9
2025-02-19,Headphones,Ahmedabad,55,3000,165000,97,40,0,0,6,0,0.0,0.9
2025-02-19,Smartwatch,Hyderabad,34,8000,272000,37,20,0,0,4,0,0.0,0.9
2025-02-19,Smartwatch,Mumbai,35,8000,280000,91,20,0,0,7,0,0.0,0.9
2025-02-19,Smartwatch,Delhi,32,8000,256000,92,20,1,0,4,0,0.0,0.9
2025-02-19,Smartwatch,Bangalore,31,8000,248000,61,20,0,0,7,0,0.0,0.9
2025-02-19,Smartwatch,Chennai,36,8000,288000,87,20,0,0,3,0,0.0,0.9
2025-02-19,Smartwatch,Pune,35,8000,280000,45,20,0,0,2,0,0.0,0.9
2025-02-19,Smartwatch,Kolkata,34,8000,272000,87,20,1,0,3,0,0.0,0.9
2025-02-19,Smartwatch,Ahmedabad,36,8000,288000,36,20,0,0,6,0,0.0,0.9
2025-02-19,Keyboard,Hyderabad,68,1500,102000,58,35,0,0,7,0,0.0,0.9
2025-02-19,Keyboard,Mumbai,72,1500,108000,52,35,1,0,3,0,0.0,0.9
2025-02-19,Keyboard,Delhi,65,1500,97500,96,35,1,0,2,0,0.0,0.9
2025-02-19,Keyboard,Bangalore,51,1500,76500,77,35,0,0,2,0,0.0,0.9
2025-02-19,Keyboard,Chennai,60,1500,90000,35,35,0,0,2,0,0.0,0.9
2025-02-19,Keyboard,Pune,76,1500,114000,24,35,1,1,2,0,0.0,0.9
2025-02-19,Keyboard,Kolkata,66,1500,99000,82,35,0,0,4,0,0.0,0.9
2025-02-19,Keyboard,Ahmedabad,59,1500,88500,130,35,1,0,4,0,0.0,0.9
2025-02-19,Monitor,Hyderabad,44,18000,792000,99,15,0,0,7,0,0.0,0.9
2025-02-19,Monitor,Mumbai,24,18000,432000,72,15,0,0,3,0,0.0,0.9
2025-02-19,Monitor,Delhi,38,18000,684000,143,15,1,0,6,0,0.0,0.9
2025-02-19,Monitor,Bangalore,45,18000,810000,80,15,0,0,5,0,0.0,0.9
2025-02-19,Monitor,Chennai,21,18000,378000,30,15,0,0,3,0,0.0,0.9
2025-02-19,Monitor,Pune,35,18000,630000,60,15,0,0,5,0,0.0,0.9
2025-02-19,Monitor,Kolkata,32,18000,576000,104,15,0,0,2,0,0.0,0.9
2025-02-19,Monitor,Ahmedabad,41,18000,738000,26,15,0,0,6,0,0.0,0.9
2025-02-19,Mouse,Hyderabad,70,800,56000,134,50,1,0,7,0,0.0,0.9
2025-02-19,Mouse,Mumbai,68,800,54400,183,50,1,0,6,0,0.0,0.9
2025-02-19,Mouse,Delhi,92,800,73600,66,50,1,0,2,0,0.0,0.9
2025-02-19,Mouse,Bangalore,88,800,70400,172,50,1,0,5,0,0.0,0.9
2025-02-19,Mouse,Chennai,77,800,61600,134,50,1,0,7,0,0.0,0.9
2025-02-19,Mouse,Pune,69,800,55200,114,50,1,0,5,0,0.0,0.9
2025-02-19,Mouse,Kolkata,82,800,65600,54,50,1,0,2,0,0.0,0.9
2025-02-19,Mouse,Ahmedabad,83,800,66400,129,50,1,0,7,0,0.0,0.9
2025-02-19,Printer,Hyderabad,10,12000,120000,17,10,0,0,3,0,0.0,0.9
2025-02-19,Printer,Mumbai,20,12000,240000,86,10,0,0,5,0,0.0,0.9
2025-02-19,Printer,Delhi,34,12000,408000,63,10,1,0,4,0,0.0,0.9
2025-02-19,Printer,Bangalore,27,12000,324000,91,10,0,0,7,0,0.0,0.9
2025-02-19,Printer,Chennai,25,12000,300000,44,10,0,0,5,0,0.0,0.9
2025-02-19,Printer,Pune,34,12000,408000,40,10,0,0,7,0,0.0,0.9
2025-02-19,Printer,Kolkata,23,12000,276000,36,10,0,0,6,0,0.0,0.9
2025-02-19,Printer,Ahmedabad,27,12000,324000,31,10,0,0,4,0,0.0,0.9
2025-02-19,Speaker,Hyderabad,53,4000,212000,40,25,0,0,7,0,0.0,0.9
2025-02-19,Speaker,Mumbai,63,4000,252000,67,25,1,0,3,0,0.0,0.9
2025-02-19,Speaker,Delhi,46,4000,184000,36,25,0,0,4,0,0.0,0.9
2025-02-19,Speaker,Bangalore,49,4000,196000,166,25,1,0,5,0,0.0,0.9
2025-02-19,Speaker,Chennai,50,4000,200000,69,25,0,0,6,0,0.0,0.9
2025-02-19,Speaker,Pune,61,4000,244000,40,25,1,0,3,0,0.0,0.9
2025-02-19,Speaker,Kolkata,46,4000,184000,84,25,1,0,5,0,0.0,0.9
2025-02-19,Speaker,Ahmedabad,63,4000,252000,104,25,1,0,7,0,0.0,0.9
2025-02-20,Laptop,Hyderabad,47,55000,2585000,70,20,1,0,7,0,0.0,0.9
2025-02-20,Laptop,Mumbai,46,55000,2530000,31,20,0,0,3,0,0.0,0.9
2025-02-20,Laptop,Delhi,47,55000,2585000,102,20,0,0,4,0,0.0,0.9
2025-02-20,Laptop,Bangalore,34,55000,1870000,66,20,1,0,3,0,0.0,0.9
2025-02-20,Laptop,Chennai,46,55000,2530000,53,20,0,0,3,0,0.0,0.9
2025-02-20,Laptop,Pune,43,55000,2365000,23,20,0,0,4,0,0.0,0.9
2025-02-20,Laptop,Kolkata,61,55000,3355000,108,20,1,0,2,0,0.0,0.9
2025-02-20,Laptop,Ahmedabad,44,55000,2420000,47,20,0,0,6,0,0.0,0.9
2025-02-20,Mobile,Hyderabad,72,20000,1440000,73,30,1,0,7,0,0.0,0.9
2025-02-20,Mobile,Mumbai,75,20000,1500000,94,30,1,0,3,0,0.0,0.9
2025-02-20,Mobile,Delhi,80,20000,1600000,89,30,1,0,6,0,0.0,0.9
2025-02-20,Mobile,Bangalore,63,20000,1260000,77,30,1,0,6,0,0.0,0.9
2025-02-20,Mobile,Chennai,75,20000,1500000,123,30,1,0,4,0,0.0,0.9
2025-02-20,Mobile,Pune,84,20000,1680000,153,30,1,0,4,0,0.0,0.9
2025-02-20,Mobile,Kolkata,81,20000,1620000,3,30,1,1,7,0,0.0,0.9
2025-02-20,Mobile,Ahmedabad,75,20000,1500000,107,30,1,0,4,0,0.0,0.9
2025-02-20,Tablet,Hyderabad,47,30000,1410000,58,25,1,0,4,0,0.0,0.9
2025-02-20,Tablet,Mumbai,46,30000,1380000,81,25,0,0,2,0,0.0,0.9
2025-02-20,Tablet,Delhi,41,30000,1230000,76,25,0,0,6,0,0.0,0.9
2025-02-20,Tablet,Bangalore,44,30000,1320000,46,25,0,0,3,0,0.0,0.9
2025-02-20,Tablet,Chennai,45,30000,1350000,54,25,0,0,6,0,0.0,0.9
2025-02-20,Tablet,Pune,39,30000,1170000,111,25,0,0,3,0,0.0,0.9
2025-02-20,Tablet,Kolkata,41,30000,1230000,84,25,0,0,6,0,0.0,0.9
2025-02-20,Tablet,Ahmedabad,34,30000,1020000,91,25,1,0,5,0,0.0,0.9
2025-02-20,Headphones,Hyderabad,61,3000,183000,131,40,1,0,6,0,0.0,0.9
2025-02-20,Headphones,Mumbai,55,3000,165000,56,40,0,0,2,0,0.0,0.9
2025-02-20,Headphones,Delhi,49,3000,147000,158,40,1,0,6,0,0.0,0.9
2025-02-20,Headphones,Bangalore,64,3000,192000,67,40,1,0,5,0,0.0,0.9
2025-02-20,Headphones,Chennai,76,3000,228000,113,40,1,0,6,0,0.0,0.9
2025-02-20,Headphones,Pune,64,3000,192000,47,40,0,0,5,0,0.0,0.9
2025-02-20,Headphones,Kolkata,47,3000,141000,73,40,1,0,7,0,0.0,0.9
2025-02-20,Headphones,Ahmedabad,42,3000,126000,55,40,0,0,7,0,0.0,0.9
2025-02-20,Smartwatch,Hyderabad,32,8000,256000,146,20,1,0,2,0,0.0,0.9
2025-02-20,Smartwatch,Mumbai,37,8000,296000,54,20,0,0,3,0,0.0,0.9
2025-02-20,Smartwatch,Delhi,41,8000,328000,51,20,0,0,2,0,0.0,0.9
2025-02-20,Smartwatch,Bangalore,39,8000,312000,22,20,0,0,2,0,0.0,0.9
2025-02-20,Smartwatch,Chennai,32,8000,256000,55,20,0,0,3,0,0.0,0.9
2025-02-20,Smartwatch,Pune,33,8000,264000,74,20,1,0,7,0,0.0,0.9
2025-02-20,Smartwatch,Kolkata,35,8000,280000,52,20,0,0,4,0,0.0,0.9
2025-02-20,Smartwatch,Ahmedabad,46,8000,368000,49,20,1,0,3,0,0.0,0.9
2025-02-20,Keyboard,Hyderabad,60,1500,90000,104,35,1,0,2,0,0.0,0.9
2025-02-20,Keyboard,Mumbai,62,1500,93000,58,35,1,0,2,0,0.0,0.9
2025-02-20,Keyboard,Delhi,61,1500,91500,35,35,0,0,5,0,0.0,0.9
2025-02-20,Keyboard,Bangalore,65,1500,97500,156,35,1,0,4,0,0.0,0.9
2025-02-20,Keyboard,Chennai,49,1500,73500,66,35,1,0,7,0,0.0,0.9
2025-02-20,Keyboard,Pune,57,1500,85500,19,35,1,1,5,0,0.0,0.9
2025-02-20,Keyboard,Kolkata,57,1500,85500,110,35,1,0,6,0,0.0,0.9
2025-02-20,Keyboard,Ahmedabad,68,1500,102000,62,35,0,0,4,0,0.0,0.9
2025-02-20,Monitor,Hyderabad,50,18000,900000,49,15,0,0,4,0,0.0,0.9
2025-02-20,Monitor,Mumbai,36,18000,648000,36,15,0,0,6,0,0.0,0.9
2025-02-20,Monitor,Delhi,42,18000,756000,101,15,0,0,4,0,0.0,0.9
2025-02-20,Monitor,Bangalore,47,18000,846000,33,15,0,0,7,0,0.0,0.9
2025-02-20,Monitor,Chennai,40,18000,720000,138,15,1,0,7,0,0.0,0.9
2025-02-20,Monitor,Pune,46,18000,828000,116,15,1,0,2,0,0.0,0.9
2025-02-20,Monitor,Kolkata,40,18000,720000,64,15,0,0,2,0,0.0,0.9
2025-02-20,Monitor,Ahmedabad,49,18000,882000,123,15,1,0,2,0,0.0,0.9
2025-02-20,Mouse,Hyderabad,85,800,68000,119,50,1,0,5,0,0.0,0.9
2025-02-20,Mouse,Mumbai,99,800,79200,84,50,0,0,2,0,0.0,0.9
2025-02-20,Mouse,Delhi,74,800,59200,114,50,1,0,3,0,0.0,0.9
2025-02-20,Mouse,Bangalore,78,800,62400,94,50,0,0,2,0,0.0,0.9
2025-02-20,Mouse,Chennai,82,800,65600,52,50,0,0,6,0,0.0,0.9
2025-02-20,Mouse,Pune,78,800,62400,163,50,1,0,7,0,0.0,0.9
2025-02-20,Mouse,Kolkata,77,800,61600,45,50,1,1,6,0,0.0,0.9
2025-02-20,Mouse,Ahmedabad,71,800,56800,58,50,0,0,4,0,0.0,0.9
2025-02-20,Printer,Hyderabad,15,12000,180000,73,10,1,0,2,0,0.0,0.9
2025-02-20,Printer,Mumbai,20,12000,240000,66,10,0,0,6,0,0.0,0.9
2025-02-20,Printer,Delhi,31,12000,372000,32,10,0,0,5,0,0.0,0.9
2025-02-20,Printer,Bangalore,39,12000,468000,52,10,0,0,2,0,0.0,0.9
2025-02-20,Printer,Chennai,30,12000,360000,14,10,0,0,4,0,0.0,0.9
2025-02-20,Printer,Pune,29,12000,348000,11,10,0,0,7,0,0.0,0.9
2025-02-20,Printer,Kolkata,18,12000,216000,18,10,0,0,7,0,0.0,0.9
2025-02-20,Printer,Ahmedabad,30,12000,360000,122,10,1,0,3,0,0.0,0.9
2025-02-20,Speaker,Hyderabad,49,4000,196000,118,25,1,0,7,0,0.0,0.9
2025-02-20,Speaker,Mumbai,52,4000,208000,72,25,1,0,6,0,0.0,0.9
2025-02-20,Speaker,Delhi,47,4000,188000,70,25,1,0,2,0,0.0,0.9
2025-02-20,Speaker,Bangalore,50,4000,200000,116,25,0,0,5,0,0.0,0.9
2025-02-20,Speaker,Chennai,60,4000,240000,110,25,1,0,4,0,0.0,0.9
2025-02-20,Speaker,Pune,65,4000,260000,90,25,1,0,5,0,0.0,0.9
2025-02-20,Speaker,Kolkata,57,4000,228000,27,25,0,0,5,0,0.0,0.9
2025-02-20,Speaker,Ahmedabad,58,4000,232000,46,25,0,0,3,0,0.0,0.9
2025-02-21,Laptop,Hyderabad,55,55000,3025000,130,20,1,0,7,0,0.0,0.9
2025-02-21,Laptop,Mumbai,69,55000,3795000,14,20,1,1,5,0,0.0,0.9
2025-02-21,Laptop,Delhi,42,55000,2310000,60,20,0,0,7,0,0.0,0.9
2025-02-21,Laptop,Bangalore,53,55000,2915000,151,20,1,0,5,0,0.0,0.9
2025-02-21,Laptop,Chennai,39,55000,2145000,122,20,1,0,7,0,0.0,0.9
2025-02-21,Laptop,Pune,62,55000,3410000,78,20,1,0,5,0,0.0,0.9
2025-02-21,Laptop,Kolkata,54,55000,2970000,54,20,0,0,4,0,0.0,0.9
2025-02-21,Laptop,Ahmedabad,54,55000,2970000,69,20,1,0,3,0,0.0,0.9
2025-02-21,Mobile,Hyderabad,77,20000,1540000,55,30,1,0,5,0,0.0,0.9
2025-02-21,Mobile,Mumbai,82,20000,1640000,138,30,1,0,2,0,0.0,0.9
2025-02-21,Mobile,Delhi,74,20000,1480000,94,30,1,0,7,0,0.0,0.9
2025-02-21,Mobile,Bangalore,76,20000,1520000,123,30,1,0,3,0,0.0,0.9
2025-02-21,Mobile,Chennai,81,20000,1620000,42,30,0,0,2,0,0.0,0.9
2025-02-21,Mobile,Pune,63,20000,1260000,90,30,0,0,6,0,0.0,0.9
2025-02-21,Mobile,Kolkata,77,20000,1540000,45,30,1,0,4,0,0.0,0.9
2025-02-21,Mobile,Ahmedabad,74,20000,1480000,33,30,0,0,6,0,0.0,0.9
2025-02-21,Tablet,Hyderabad,40,30000,1200000,68,25,1,0,4,0,0.0,0.9
2025-02-21,Tablet,Mumbai,41,30000,1230000,40,25,0,0,7,0,0.0,0.9
2025-02-21,Tablet,Delhi,44,30000,1320000,32,25,0,0,3,0,0.0,0.9
2025-02-21,Tablet,Bangalore,57,30000,1710000,118,25,1,0,5,0,0.0,0.9
2025-02-21,Tablet,Chennai,47,30000,1410000,119,25,1,0,6,0,0.0,0.9
2025-02-21,Tablet,Pune,45,30000,1350000,66,25,0,0,6,0,0.0,0.9
2025-02-21,Tablet,Kolkata,32,30000,960000,52,25,0,0,5,0,0.0,0.9
2025-02-21,Tablet,Ahmedabad,33,30000,990000,58,25,0,0,4,0,0.0,0.9
2025-02-21,Headphones,Hyderabad,52,3000,156000,79,40,0,0,7,0,0.0,0.9
2025-02-21,Headphones,Mumbai,58,3000,174000,88,40,1,0,4,0,0.0,0.9
2025-02-21,Headphones,Delhi,48,3000,144000,110,40,0,0,7,0,0.0,0.9
2025-02-21,Headphones,Bangalore,61,3000,183000,70,40,1,0,6,0,0.0,0.9
2025-02-21,Headphones,Chennai,66,3000,198000,47,40,0,0,2,0,0.0,0.9
2025-02-21,Headphones,Pune,64,3000,192000,49,40,1,0,5,0,0.0,0.9
2025-02-21,Headphones,Kolkata,59,3000,177000,143,40,1,0,2,0,0.0,0.9
2025-02-21,Headphones,Ahmedabad,71,3000,213000,55,40,1,0,4,0,0.0,0.9
2025-02-21,Smartwatch,Hyderabad,38,8000,304000,108,20,0,0,7,0,0.0,0.9
2025-02-21,Smartwatch,Mumbai,34,8000,272000,20,20,0,0,2,0,0.0,0.9
2025-02-21,Smartwatch,Delhi,37,8000,296000,159,20,1,0,2,0,0.0,0.9
2025-02-21,Smartwatch,Bangalore,31,8000,248000,61,20,1,0,2,0,0.0,0.9
2025-02-21,Smartwatch,Chennai,19,8000,152000,36,20,0,0,7,0,0.0,0.9
2025-02-21,Smartwatch,Pune,40,8000,320000,34,20,0,0,7,0,0.0,0.9
2025-02-21,Smartwatch,Kolkata,21,8000,168000,31,20,0,0,6,0,0.0,0.9
2025-02-21,Smartwatch,Ahmedabad,34,8000,272000,78,20,1,0,7,0,0.0,0.9
2025-02-21,Keyboard,Hyderabad,69,1500,103500,35,35,0,0,4,0,0.0,0.9
2025-02-21,Keyboard,Mumbai,61,1500,91500,95,35,1,0,7,0,0.0,0.9
2025-02-21,Keyboard,Delhi,50,1500,75000,87,35,1,0,7,0,0.0,0.9
2025-02-21,Keyboard,Bangalore,74,1500,111000,82,35,0,0,4,0,0.0,0.9
2025-02-21,Keyboard,Chennai,47,1500,70500,105,35,1,0,5,0,0.0,0.9
2025-02-21,Keyboard,Pune,60,1500,90000,81,35,1,0,7,0,0.0,0.9
2025-02-21,Keyboard,Kolkata,66,1500,99000,44,35,0,0,5,0,0.0,0.9
2025-02-21,Keyboard,Ahmedabad,74,1500,111000,130,35,1,0,4,0,0.0,0.9
2025-02-21,Monitor,Hyderabad,42,18000,756000,146,15,1,0,3,0,0.0,0.9
2025-02-21,Monitor,Mumbai,49,18000,882000,89,15,1,0,3,0,0.0,0.9
2025-02-21,Monitor,Delhi,48,18000,864000,53,15,0,0,7,0,0.0,0.9
2025-02-21,Monitor,Bangalore,16,18000,288000,17,15,0,0,5,0,0.0,0.9
2025-02-21,Monitor,Chennai,38,18000,684000,100,15,0,0,7,0,0.0,0.9
2025-02-21,Monitor,Pune,31,18000,558000,85,15,0,0,5,0,0.0,0.9
2025-02-21,Monitor,Kolkata,42,18000,756000,22,15,0,0,3,0,0.0,0.9
2025-02-21,Monitor,Ahmedabad,38,18000,684000,85,15,0,0,3,0,0.0,0.9
2025-02-21,Mouse,Hyderabad,66,800,52800,53,50,0,0,7,0,0.0,0.9
2025-02-21,Mouse,Mumbai,90,800,72000,66,50,1,0,4,0,0.0,0.9
2025-02-21,Mouse,Delhi,89,800,71200,172,50,1,0,3,0,0.0,0.9
2025-02-21,Mouse,Bangalore,75,800,60000,78,50,1,0,2,0,0.0,0.9
2025-02-21,Mouse,Chennai,76,800,60800,53,50,1,0,7,0,0.0,0.9
2025-02-21,Mouse,Pune,74,800,59200,89,50,0,0,3,0,0.0,0.9
2025-02-21,Mouse,Kolkata,73,800,58400,23,50,1,1,6,0,0.0,0.9
2025-02-21,Mouse,Ahmedabad,85,800,68000,77,50,1,0,4,0,0.0,0.9
2025-02-21,Printer,Hyderabad,34,12000,408000,39,10,0,0,4,0,0.0,0.9
2025-02-21,Printer,Mumbai,31,12000,372000,35,10,0,0,2,0,0.0,0.9
2025-02-21,Printer,Delhi,24,12000,288000,96,10,1,0,2,0,0.0,0.9
2025-02-21,Printer,Bangalore,23,12000,276000,29,10,0,0,4,0,0.0,0.9
2025-02-21,Printer,Chennai,11,12000,132000,101,10,1,0,5,0,0.0,0.9
2025-02-21,Printer,Pune,37,12000,444000,95,10,1,0,4,0,0.0,0.9
2025-02-21,Printer,Kolkata,29,12000,348000,125,10,1,0,7,0,0.0,0.9
2025-02-21,Printer,Ahmedabad,26,12000,312000,96,10,0,0,5,0,0.0,0.9
2025-02-21,Speaker,Hyderabad,40,4000,160000,78,25,0,0,2,0,0.0,0.9
2025-02-21,Speaker,Mumbai,45,4000,180000,27,25,0,0,4,0,0.0,0.9
2025-02-21,Speaker,Delhi,44,4000,176000,26,25,0,0,3,0,0.0,0.9
2025-02-21,Speaker,Bangalore,70,4000,280000,46,25,0,0,2,0,0.0,0.9
2025-02-21,Speaker,Chennai,50,4000,200000,60,25,0,0,7,0,0.0,0.9
2025-02-21,Speaker,Pune,50,4000,200000,40,25,0,0,7,0,0.0,0.9
2025-02-21,Speaker,Kolkata,58,4000,232000,20,25,1,1,4,0,0.0,0.9
2025-02-21,Speaker,Ahmedabad,56,4000,224000,131,25,1,0,3,0,0.0,0.9
2025-02-22,Laptop,Hyderabad,57,55000,3135000,73,20,0,0,6,0,0.0,0.9
2025-02-22,Laptop,Mumbai,69,55000,3795000,0,20,1,1,5,0,0.0,0.9
2025-02-22,Laptop,Delhi,38,55000,2090000,22,20,0,0,5,0,0.0,0.9
2025-02-22,Laptop,Bangalore,44,55000,2420000,107,20,0,0,3,0,0.0,0.9
2025-02-22,Laptop,Chennai,43,55000,2365000,79,20,0,0,7,0,0.0,0.9
2025-02-22,Laptop,Pune,54,55000,2970000,24,20,0,0,2,0,0.0,0.9
2025-02-22,Laptop,Kolkata,38,55000,2090000,143,20,1,0,7,0,0.0,0.9
2025-02-22,Laptop,Ahmedabad,48,55000,2640000,21,20,0,0,6,0,0.0,0.9
2025-02-22,Mobile,Hyderabad,68,20000,1360000,55,30,1,0,2,0,0.0,0.9
2025-02-22,Mobile,Mumbai,68,20000,1360000,70,30,0,0,5,0,0.0,0.9
2025-02-22,Mobile,Delhi,72,20000,1440000,121,30,1,0,4,0,0.0,0.9
2025-02-22,Mobile,Bangalore,68,20000,1360000,55,30,0,0,4,0,0.0,0.9
2025-02-22,Mobile,Chennai,61,20000,1220000,126,30,1,0,6,0,0.0,0.9
2025-02-22,Mobile,Pune,71,20000,1420000,107,30,1,0,5,0,0.0,0.9
2025-02-22,Mobile,Kolkata,75,20000,1500000,118,30,1,0,7,0,0.0,0.9
2025-02-22,Mobile,Ahmedabad,87,20000,1740000,79,30,1,0,2,0,0.0,0.9
2025-02-22,Tablet,Hyderabad,54,30000,1620000,77,25,1,0,2,0,0.0,0.9
2025-02-22,Tablet,Mumbai,36,30000,1080000,106,25,1,0,3,0,0.0,0.9
2025-02-22,Tablet,Delhi,26,30000,780000,63,25,1,0,4,0,0.0,0.9
2025-02-22,Tablet,Bangalore,61,30000,1830000,57,25,0,0,6,0,0.0,0.9
2025-02-22,Tablet,Chennai,39,30000,1170000,80,25,0,0,6,0,0.0,0.9
2025-02-22,Tablet,Pune,49,30000,1470000,141,25,1,0,6,0,0.0,0.9
2025-02-22,Tablet,Kolkata,46,30000,1380000,146,25,1,0,6,0,0.0,0.9
2025-02-22,Tablet,Ahmedabad,37,30000,1110000,164,25,1,0,7,0,0.0,0.9
2025-02-22,Headphones,Hyderabad,51,3000,153000,136,40,1,0,7,0,0.0,0.9
2025-02-22,Headphones,Mumbai,59,3000,177000,150,40,1,0,3,0,0.0,0.9
2025-02-22,Headphones,Delhi,50,3000,150000,60,40,0,0,6,0,0.0,0.9
2025-02-22,Headphones,Bangalore,60,3000,180000,103,40,1,0,4,0,0.0,0.9
2025-02-22,Headphones,Chennai,56,3000,168000,138,40,1,0,5,0,0.0,0.9
2025-02-22,Headphones,Pune,67,3000,201000,47,40,1,0,6,0,0.0,0.9
2025-02-22,Headphones,Kolkata,66,3000,198000,77,40,0,0,2,0,0.0,0.9
2025-02-22,Headphones,Ahmedabad,59,3000,177000,142,40,1,0,6,0,0.0,0.9
2025-02-22,Smartwatch,Hyderabad,36,8000,288000,72,20,0,0,7,0,0.0,0.9
2025-02-22,Smartwatch,Mumbai,24,8000,192000,78,20,1,0,6,0,0.0,0.9
2025-02-22,Smartwatch,Delhi,30,8000,240000,129,20,0,0,4,0,0.0,0.9
2025-02-22,Smartwatch,Bangalore,27,8000,216000,34,20,0,0,6,0,0.0,0.9
2025-02-22,Smartwatch,Chennai,40,8000,320000,132,20,1,0,4,0,0.0,0.9
2025-02-22,Smartwatch,Pune,42,8000,336000,86,20,1,0,5,0,0.0,0.9
2025-02-22,Smartwatch,Kolkata,44,8000,352000,63,20,1,0,2,0,0.0,0.9
2025-02-22,Smartwatch,Ahmedabad,27,8000,216000,51,20,0,0,3,0,0.0,0.9
2025-02-22,Keyboard,Hyderabad,55,1500,82500,98,35,1,0,3,0,0.0,0.9
2025-02-22,Keyboard,Mumbai,61,1500,91500,92,35,1,0,5,0,0.0,0.9
2025-02-22,Keyboard,Delhi,58,1500,87000,121,35,1,0,2,0,0.0,0.9
2025-02-22,Keyboard,Bangalore,49,1500,73500,134,35,1,0,4,0,0.0,0.9
2025-02-22,Keyboard,Chennai,75,1500,112500,139,35,1,0,3,0,0.0,0.9
2025-02-22,Keyboard,Pune,70,1500,105000,72,35,1,0,7,0,0.0,0.9
2025-02-22,Keyboard,Kolkata,67,1500,100500,84,35,1,0,3,0,0.0,0.9
2025-02-22,Keyboard,Ahmedabad,62,1500,93000,68,35,0,0,4,0,0.0,0.9
2025-02-22,Monitor,Hyderabad,45,18000,810000,101,15,0,0,7,0,0.0,0.9
2025-02-22,Monitor,Mumbai,52,18000,936000,37,15,0,0,2,0,0.0,0.9
2025-02-22,Monitor,Delhi,29,18000,522000,24,15,0,0,4,0,0.0,0.9
2025-02-22,Monitor,Bangalore,38,18000,684000,56,15,1,0,2,0,0.0,0.9
2025-02-22,Monitor,Chennai,46,18000,828000,54,15,0,0,3,0,0.0,0.9
2025-02-22,Monitor,Pune,34,18000,612000,51,15,0,0,6,0,0.0,0.9
2025-02-22,Monitor,Kolkata,45,18000,810000,28,15,1,0,7,0,0.0,0.9
2025-02-22,Monitor,Ahmedabad,42,18000,756000,43,15,0,0,3,0,0.0,0.9
2025-02-22,Mouse,Hyderabad,70,800,56000,132,50,1,0,2,0,0.0,0.9
2025-02-22,Mouse,Mumbai,83,800,66400,115,50,1,0,5,0,0.0,0.9
2025-02-22,Mouse,Delhi,82,800,65600,90,50,0,0,6,0,0.0,0.9
2025-02-22,Mouse,Bangalore,78,800,62400,111,50,1,0,6,0,0.0,0.9
2025-02-22,Mouse,Chennai,85,800,68000,43,50,1,1,3,0,0.0,0.9
2025-02-22,Mouse,Pune,74,800,59200,67,50,1,0,7,0,0.0,0.9
2025-02-22,Mouse,Kolkata,80,800,64000,72,50,1,0,7,0,0.0,0.9
2025-02-22,Mouse,Ahmedabad,90,800,72000,82,50,1,0,2,0,0.0,0.9
2025-02-22,Printer,Hyderabad,33,12000,396000,99,10,1,0,3,0,0.0,0.9
2025-02-22,Printer,Mumbai,21,12000,252000,14,10,0,0,5,0,0.0,0.9
2025-02-22,Printer,Delhi,27,12000,324000,69,10,0,0,4,0,0.0,0.9
2025-02-22,Printer,Bangalore,24,12000,288000,142,10,1,0,4,0,0.0,0.9
2025-02-22,Printer,Chennai,25,12000,300000,76,10,0,0,6,0,0.0,0.9
2025-02-22,Printer,Pune,34,12000,408000,61,10,0,0,5,0,0.0,0.9
2025-02-22,Printer,Kolkata,28,12000,336000,97,10,0,0,3,0,0.0,0.9
2025-02-22,Printer,Ahmedabad,28,12000,336000,68,10,0,0,7,0,0.0,0.9
2025-02-22,Speaker,Hyderabad,59,4000,236000,81,25,1,0,3,0,0.0,0.9
2025-02-22,Speaker,Mumbai,37,4000,148000,50,25,1,0,4,0,0.0,0.9
2025-02-22,Speaker,Delhi,52,4000,208000,80,25,1,0,3,0,0.0,0.9
2025-02-22,Speaker,Bangalore,56,4000,224000,63,25,1,0,6,0,0.0,0.9
2025-02-22,Speaker,Chennai,48,4000,192000,143,25,1,0,5,0,0.0,0.9
2025-02-22,Speaker,Pune,52,4000,208000,68,25,1,0,5,0,0.0,0.9
2025-02-22,Speaker,Kolkata,60,4000,240000,89,25,1,0,2,0,0.0,0.9
2025-02-22,Speaker,Ahmedabad,62,4000,248000,69,25,0,0,5,0,0.0,0.9
2025-02-23,Laptop,Hyderabad,55,55000,3025000,114,20,1,0,3,0,0.0,0.9
2025-02-23,Laptop,Mumbai,44,55000,2420000,64,20,1,0,4,0,0.0,0.9
2025-02-23,Laptop,Delhi,65,55000,3575000,35,20,1,0,3,0,0.0,0.9
2025-02-23,Laptop,Bangalore,54,55000,2970000,53,20,0,0,7,0,0.0,0.9
2025-02-23,Laptop,Chennai,51,55000,2805000,28,20,0,0,7,0,0.0,0.9
2025-02-23,Laptop,Pune,66,55000,3630000,35,20,1,0,4,0,0.0,0.9
2025-02-23,Laptop,Kolkata,49,55000,2695000,94,20,0,0,2,0,0.0,0.9
2025-02-23,Laptop,Ahmedabad,44,55000,2420000,93,20,1,0,4,0,0.0,0.9
2025-02-23,Mobile,Hyderabad,66,20000,1320000,82,30,1,0,5,0,0.0,0.9
2025-02-23,Mobile,Mumbai,74,20000,1480000,138,30,1,0,6,0,0.0,0.9
2025-02-23,Mobile,Delhi,64,20000,1280000,57,30,0,0,6,0,0.0,0.9
2025-02-23,Mobile,Bangalore,71,20000,1420000,40,30,1,0,3,0,0.0,0.9
2025-02-23,Mobile,Chennai,77,20000,1540000,49,30,0,0,3,0,0.0,0.9
2025-02-23,Mobile,Pune,71,20000,1420000,36,30,0,0,6,0,0.0,0.9
2025-02-23,Mobile,Kolkata,84,20000,1680000,34,30,0,0,4,0,0.0,0.9
2025-02-23,Mobile,Ahmedabad,74,20000,1480000,136,30,1,0,6,0,0.0,0.9
2025-02-23,Tablet,Hyderabad,44,30000,1320000,33,25,0,0,7,0,0.0,0.9
2025-02-23,Tablet,Mumbai,38,30000,1140000,68,25,0,0,7,0,0.0,0.9
2025-02-23,Tablet,Delhi,34,30000,1020000,29,25,0,0,6,0,0.0,0.9
2025-02-23,Tablet,Bangalore,37,30000,1110000,95,25,1,0,6,0,0.0,0.9
2025-02-23,Tablet,Chennai,45,30000,1350000,35,25,0,0,7,0,0.0,0.9
2025-02-23,Tablet,Pune,31,30000,930000,110,25,0,0,2,0,0.0,0.9
2025-02-23,Tablet,Kolkata,41,30000,1230000,105,25,0,0,4,0,0.0,0.9
2025-02-23,Tablet,Ahmedabad,42,30000,1260000,122,25,0,0,3,0,0.0,0.9
2025-02-23,Headphones,Hyderabad,64,3000,192000,72,40,0,0,6,0,0.0,0.9
2025-02-23,Headphones,Mumbai,61,3000,183000,89,40,0,0,6,0,0.0,0.9
2025-02-23,Headphones,Delhi,71,3000,213000,79,40,1,0,4,0,0.0,0.9
2025-02-23,Headphones,Bangalore,59,3000,177000,44,40,0,0,3,0,0.0,0.9
2025-02-23,Headphones,Chennai,60,3000,180000,78,40,0,0,4,0,0.0,0.9
2025-02-23,Headphones,Pune,66,3000,198000,71,40,1,0,5,0,0.0,0.9
2025-02-23,Headphones,Kolkata,47,3000,141000,84,40,1,0,2,0,0.0,0.9
2025-02-23,Headphones,Ahmedabad,70,3000,210000,72,40,0,0,4,0,0.0,0.9
2025-02-23,Smartwatch,Hyderabad,36,8000,288000,36,20,0,0,2,0,0.0,0.9
2025-02-23,Smartwatch,Mumbai,42,8000,336000,36,20,0,0,4,0,0.0,0.9
2025-02-23,Smartwatch,Delhi,30,8000,240000,99,20,0,0,3,0,0.0,0.9
2025-02-23,Smartwatch,Bangalore,30,8000,240000,96,20,1,0,4,0,0.0,0.9
2025-02-23,Smartwatch,Chennai,51,8000,408000,81,20,0,0,2,0,0.0,0.9
2025-02-23,Smartwatch,Pune,33,8000,264000,53,20,0,0,2,0,0.0,0.9
2025-02-23,Smartwatch,Kolkata,37,8000,296000,26,20,0,0,5,0,0.0,0.9
2025-02-23,Smartwatch,Ahmedabad,27,8000,216000,24,20,0,0,5,0,0.0,0.9
2025-02-23,Keyboard,Hyderabad,75,1500,112500,137,35,1,0,2,0,0.0,0.9
2025-02-23,Keyboard,Mumbai,57,1500,85500,35,35,0,0,3,0,0.0,0.9
2025-02-23,Keyboard,Delhi,71,1500,106500,50,35,0,0,5,0,0.0,0.9
2025-02-23,Keyboard,Bangalore,59,1500,88500,75,35,0,0,3,0,0.0,0.9
2025-02-23,Keyboard,Chennai,62,1500,93000,77,35,0,0,7,0,0.0,0.9
2025-02-23,Keyboard,Pune,74,1500,111000,85,35,1,0,5,0,0.0,0.9
2025-02-23,Keyboard,Kolkata,57,1500,85500,116,35,1,0,5,0,0.0,0.9
2025-02-23,Keyboard,Ahmedabad,73,1500,109500,51,35,1,0,2,0,0.0,0.9
2025-02-23,Monitor,Hyderabad,38,18000,684000,63,15,0,0,5,0,0.0,0.9
2025-02-23,Monitor,Mumbai,35,18000,630000,82,15,1,0,6,0,0.0,0.9
2025-02-23,Monitor,Delhi,40,18000,720000,68,15,1,0,6,0,0.0,0.9
2025-02-23,Monitor,Bangalore,33,18000,594000,23,15,0,0,4,0,0.0,0.9
2025-02-23,Monitor,Chennai,42,18000,756000,151,15,1,0,2,0,0.0,0.9
2025-02-23,Monitor,Pune,30,18000,540000,21,15,0,0,3,0,0.0,0.9
2025-02-23,Monitor,Kolkata,36,18000,648000,97,15,1,0,2,0,0.0,0.9
2025-02-23,Monitor,Ahmedabad,33,18000,594000,131,15,1,0,4,0,0.0,0.9
2025-02-23,Mouse,Hyderabad,89,800,71200,164,50,1,0,4,0,0.0,0.9
2025-02-23,Mouse,Mumbai,96,800,76800,119,50,1,0,6,0,0.0,0.9
2025-02-23,Mouse,Delhi,71,800,56800,134,50,1,0,5,0,0.0,0.9
2025-02-23,Mouse,Bangalore,75,800,60000,91,50,1,0,2,0,0.0,0.9
2025-02-23,Mouse,Chennai,88,800,70400,57,50,1,0,6,0,0.0,0.9
2025-02-23,Mouse,Pune,73,800,58400,82,50,1,0,2,0,0.0,0.9
2025-02-23,Mouse,Kolkata,74,800,59200,63,50,1,0,4,0,0.0,0.9
2025-02-23,Mouse,Ahmedabad,71,800,56800,145,50,1,0,4,0,0.0,0.9
2025-02-23,Printer,Hyderabad,31,12000,372000,68,10,0,0,5,0,0.0,0.9
2025-02-23,Printer,Mumbai,33,12000,396000,93,10,1,0,6,0,0.0,0.9
2025-02-23,Printer,Delhi,28,12000,336000,41,10,0,0,7,0,0.0,0.9
2025-02-23,Printer,Bangalore,20,12000,240000,122,10,0,0,7,0,0.0,0.9
2025-02-23,Printer,Chennai,28,12000,336000,48,10,0,0,4,0,0.0,0.9
2025-02-23,Printer,Pune,33,12000,396000,28,10,0,0,4,0,0.0,0.9
2025-02-23,Printer,Kolkata,24,12000,288000,73,10,0,0,7,0,0.0,0.9
2025-02-23,Printer,Ahmedabad,30,12000,360000,38,10,0,0,2,0,0.0,0.9
2025-02-23,Speaker,Hyderabad,58,4000,232000,103,25,1,0,4,0,0.0,0.9
2025-02-23,Speaker,Mumbai,37,4000,148000,107,25,1,0,3,0,0.0,0.9
2025-02-23,Speaker,Delhi,46,4000,184000,34,25,0,0,4,0,0.0,0.9
2025-02-23,Speaker,Bangalore,53,4000,212000,113,25,1,0,3,0,0.0,0.9
2025-02-23,Speaker,Chennai,49,4000,196000,94,25,0,0,5,0,0.0,0.9
2025-02-23,Speaker,Pune,45,4000,180000,143,25,1,0,5,0,0.0,0.9
2025-02-23,Speaker,Kolkata,62,4000,248000,27,25,0,0,7,0,0.0,0.9
2025-02-23,Speaker,Ahmedabad,55,4000,220000,121,25,1,0,6,0,0.0,0.9
2025-02-24,Laptop,Hyderabad,37,55000,2035000,77,20,0,0,2,0,0.0,0.9
2025-02-24,Laptop,Mumbai,48,55000,2640000,100,20,1,0,6,0,0.0,0.9
2025-02-24,Laptop,Delhi,48,55000,2640000,71,20,1,0,7,0,0.0,0.9
2025-02-24,Laptop,Bangalore,59,55000,3245000,65,20,1,0,6,0,0.0,0.9
2025-02-24,Laptop,Chennai,54,55000,2970000,97,20,1,0,2,0,0.0,0.9
2025-02-24,Laptop,Pune,45,55000,2475000,54,20,1,0,7,0,0.0,0.9
2025-02-24,Laptop,Kolkata,49,55000,2695000,45,20,0,0,6,0,0.0,0.9
2025-02-24,Laptop,Ahmedabad,47,55000,2585000,46,20,0,0,2,0,0.0,0.9
2025-02-24,Mobile,Hyderabad,56,20000,1120000,141,30,1,0,2,0,0.0,0.9
2025-02-24,Mobile,Mumbai,77,20000,1540000,61,30,0,0,4,0,0.0,0.9
2025-02-24,Mobile,Delhi,60,20000,1200000,116,30,1,0,3,0,0.0,0.9
2025-02-24,Mobile,Bangalore,63,20000,1260000,123,30,1,0,4,0,0.0,0.9
2025-02-24,Mobile,Chennai,77,20000,1540000,71,30,1,0,5,0,0.0,0.9
2025-02-24,Mobile,Pune,62,20000,1240000,58,30,1,0,5,0,0.0,0.9
2025-02-24,Mobile,Kolkata,81,20000,1620000,94,30,1,0,2,0,0.0,0.9
2025-02-24,Mobile,Ahmedabad,84,20000,1680000,52,30,0,0,7,0,0.0,0.9
2025-02-24,Tablet,Hyderabad,34,30000,1020000,74,25,1,0,6,0,0.0,0.9
2025-02-24,Tablet,Mumbai,42,30000,1260000,26,25,0,0,3,0,0.0,0.9
2025-02-24,Tablet,Delhi,42,30000,1260000,83,25,1,0,3,0,0.0,0.9
2025-02-24,Tablet,Bangalore,46,30000,1380000,49,25,0,0,4,0,0.0,0.9
2025-02-24,Tablet,Chennai,31,30000,930000,109,25,1,0,6,0,0.0,0.9
2025-02-24,Tablet,Pune,30,30000,900000,80,25,0,0,6,0,0.0,0.9
2025-02-24,Tablet,Kolkata,41,30000,1230000,64,25,0,0,7,0,0.0,0.9
2025-02-24,Tablet,Ahmedabad,46,30000,1380000,76,25,0,0,2,0,0.0,0.9
2025-02-24,Headphones,Hyderabad,61,3000,183000,143,40,1,0,5,0,0.0,0.9
2025-02-24,Headphones,Mumbai,61,3000,183000,152,40,1,0,5,0,0.0,0.9
2025-02-24,Headphones,Delhi,58,3000,174000,168,40,1,0,4,0,0.0,0.9
2025-02-24,Headphones,Bangalore,73,3000,219000,38,40,1,1,4,0,0.0,0.9
2025-02-24,Headphones,Chennai,48,3000,144000,105,40,1,0,2,0,0.0,0.9
2025-02-24,Headphones,Pune,52,3000,156000,151,40,1,0,3,0,0.0,0.9
2025-02-24,Headphones,Kolkata,66,3000,198000,95,40,1,0,2,0,0.0,0.9
2025-02-24,Headphones,Ahmedabad,53,3000,159000,137,40,1,0,5,0,0.0,0.9
2025-02-24,Smartwatch,Hyderabad,39,8000,312000,97,20,1,0,7,0,0.0,0.9
2025-02-24,Smartwatch,Mumbai,40,8000,320000,116,20,1,0,2,0,0.0,0.9
2025-02-24,Smartwatch,Delhi,36,8000,288000,63,20,0,0,2,0,0.0,0.9
2025-02-24,Smartwatch,Bangalore,37,8000,296000,59,20,0,0,5,0,0.0,0.9
2025-02-24,Smartwatch,Chennai,34,8000,272000,47,20,0,0,7,0,0.0,0.9
2025-02-24,Smartwatch,Pune,49,8000,392000,150,20,1,0,4,0,0.0,0.9
2025-02-24,Smartwatch,Kolkata,34,8000,272000,59,20,1,0,3,0,0.0,0.9
2025-02-24,Smartwatch,Ahmedabad,36,8000,288000,96,20,1,0,6,0,0.0,0.9
2025-02-24,Keyboard,Hyderabad,65,1500,97500,72,35,0,0,3,0,0.0,0.9
2025-02-24,Keyboard,Mumbai,60,1500,90000,30,35,1,1,2,0,0.0,0.9
2025-02-24,Keyboard,Delhi,51,1500,76500,124,35,1,0,2,0,0.0,0.9
2025-02-24,Keyboard,Bangalore,52,1500,78000,106,35,1,0,2,0,0.0,0.9
2025-02-24,Keyboard,Chennai,59,1500,88500,153,35,1,0,6,0,0.0,0.9
2025-02-24,Keyboard,Pune,67,1500,100500,77,35,1,0,3,0,0.0,0.9
2025-02-24,Keyboard,Kolkata,72,1500,108000,44,35,0,0,5,0,0.0,0.9
2025-02-24,Keyboard,Ahmedabad,74,1500,111000,103,35,1,0,7,0,0.0,0.9
2025-02-24,Monitor,Hyderabad,51,18000,918000,159,15,1,0,7,0,0.0,0.9
2025-02-24,Monitor,Mumbai,43,18000,774000,39,15,0,0,4,0,0.0,0.9
2025-02-24,Monitor,Delhi,43,18000,774000,25,15,0,0,4,0,0.0,0.9
2025-02-24,Monitor,Bangalore,35,18000,630000,58,15,1,0,7,0,0.0,0.9
2025-02-24,Monitor,Chennai,37,18000,666000,114,15,0,0,4,0,0.0,0.9
2025-02-24,Monitor,Pune,43,18000,774000,39,15,1,0,5,0,0.0,0.9
2025-02-24,Monitor,Kolkata,40,18000,720000,57,15,0,0,4,0,0.0,0.9
2025-02-24,Monitor,Ahmedabad,34,18000,612000,97,15,0,0,7,0,0.0,0.9
2025-02-24,Mouse,Hyderabad,91,800,72800,73,50,0,0,3,0,0.0,0.9
2025-02-24,Mouse,Mumbai,78,800,62400,190,50,1,0,4,0,0.0,0.9
2025-02-24,Mouse,Delhi,78,800,62400,56,50,0,0,4,0,0.0,0.9
2025-02-24,Mouse,Bangalore,75,800,60000,149,50,1,0,7,0,0.0,0.9
2025-02-24,Mouse,Chennai,69,800,55200,81,50,1,0,3,0,0.0,0.9
2025-02-24,Mouse,Pune,82,800,65600,94,50,1,0,5,0,0.0,0.9
2025-02-24,Mouse,Kolkata,68,800,54400,121,50,1,0,5,0,0.0,0.9
2025-02-24,Mouse,Ahmedabad,70,800,56000,75,50,0,0,7,0,0.0,0.9
2025-02-24,Printer,Hyderabad,32,12000,384000,36,10,0,0,6,0,0.0,0.9
2025-02-24,Printer,Mumbai,24,12000,288000,69,10,0,0,3,0,0.0,0.9
2025-02-24,Printer,Delhi,34,12000,408000,92,10,1,0,7,0,0.0,0.9
2025-02-24,Printer,Bangalore,15,12000,180000,107,10,0,0,3,0,0.0,0.9
2025-02-24,Printer,Chennai,9,12000,108000,39,10,0,0,4,0,0.0,0.9
2025-02-24,Printer,Pune,37,12000,444000,126,10,1,0,2,0,0.0,0.9
2025-02-24,Printer,Kolkata,28,12000,336000,45,10,0,0,2,0,0.0,0.9
2025-02-24,Printer,Ahmedabad,16,12000,192000,22,10,0,0,6,0,0.0,0.9
2025-02-24,Speaker,Hyderabad,49,4000,196000,54,25,0,0,2,0,0.0,0.9
2025-02-24,Speaker,Mumbai,39,4000,156000,68,25,0,0,7,0,0.0,0.9
2025-02-24,Speaker,Delhi,55,4000,220000,43,25,1,0,2,0,0.0,0.9
2025-02-24,Speaker,Bangalore,49,4000,196000,64,25,0,0,4,0,0.0,0.9
2025-02-24,Speaker,Chennai,69,4000,276000,25,25,0,0,5,0,0.0,0.9
2025-02-24,Speaker,Pune,51,4000,204000,92,25,0,0,5,0,0.0,0.9
2025-02-24,Speaker,Kolkata,58,4000,232000,47,25,1,0,6,0,0.0,0.9
2025-02-24,Speaker,Ahmedabad,52,4000,208000,69,25,0,0,7,0,0.0,0.9
2025-02-25,Laptop,Hyderabad,46,55000,2530000,31,20,0,0,6,0,0.0,0.9
2025-02-25,Laptop,Mumbai,54,55000,2970000,46,20,0,0,2,0,0.0,0.9
2025-02-25,Laptop,Delhi,53,55000,2915000,160,20,1,0,2,0,0.0,0.9
2025-02-25,Laptop,Bangalore,66,55000,3630000,56,20,1,0,7,0,0.0,0.9
2025-02-25,Laptop,Chennai,53,55000,2915000,44,20,0,0,5,0,0.0,0.9
2025-02-25,Laptop,Pune,44,55000,2420000,159,20,1,0,4,0,0.0,0.9
2025-02-25,Laptop,Kolkata,40,55000,2200000,93,20,1,0,6,0,0.0,0.9
2025-02-25,Laptop,Ahmedabad,48,55000,2640000,110,20,1,0,3,0,0.0,0.9
2025-02-25,Mobile,Hyderabad,76,20000,1520000,65,30,0,0,7,0,0.0,0.9
2025-02-25,Mobile,Mumbai,76,20000,1520000,69,30,1,0,7,0,0.0,0.9
2025-02-25,Mobile,Delhi,68,20000,1360000,48,30,0,0,7,0,0.0,0.9
2025-02-25,Mobile,Bangalore,80,20000,1600000,43,30,0,0,2,0,0.0,0.9
2025-02-25,Mobile,Chennai,68,20000,1360000,64,30,1,0,7,0,0.0,0.9
2025-02-25,Mobile,Pune,65,20000,1300000,120,30,1,0,6,0,0.0,0.9
2025-02-25,Mobile,Kolkata,87,20000,1740000,61,30,1,0,3,0,0.0,0.9
2025-02-25,Mobile,Ahmedabad,70,20000,1400000,94,30,1,0,3,0,0.0,0.9
2025-02-25,Tablet,Hyderabad,48,30000,1440000,26,25,0,0,3,0,0.0,0.9
2025-02-25,Tablet,Mumbai,39,30000,1170000,75,25,1,0,4,0,0.0,0.9
2025-02-25,Tablet,Delhi,60,30000,1800000,123,25,1,0,7,0,0.0,0.9
2025-02-25,Tablet,Bangalore,23,30000,690000,26,25,0,0,7,0,0.0,0.9
2025-02-25,Tablet,Chennai,54,30000,1620000,55,25,0,0,5,0,0.0,0.9
2025-02-25,Tablet,Pune,39,30000,1170000,41,25,0,0,6,0,0.0,0.9
2025-02-25,Tablet,Kolkata,36,30000,1080000,28,25,0,0,5,0,0.0,0.9
2025-02-25,Tablet,Ahmedabad,46,30000,1380000,30,25,0,0,3,0,0.0,0.9
2025-02-25,Headphones,Hyderabad,55,3000,165000,88,40,0,0,3,0,0.0,0.9
2025-02-25,Headphones,Mumbai,46,3000,138000,106,40,0,0,4,0,0.0,0.9
2025-02-25,Headphones,Delhi,63,3000,189000,105,40,0,0,4,0,0.0,0.9
2025-02-25,Headphones,Bangalore,66,3000,198000,78,40,1,0,7,0,0.0,0.9
2025-02-25,Headphones,Chennai,58,3000,174000,47,40,0,0,4,0,0.0,0.9
2025-02-25,Headphones,Pune,54,3000,162000,97,40,0,0,5,0,0.0,0.9
2025-02-25,Headphones,Kolkata,65,3000,195000,83,40,1,0,4,0,0.0,0.9
2025-02-25,Headphones,Ahmedabad,59,3000,177000,78,40,0,0,4,0,0.0,0.9
2025-02-25,Smartwatch,Hyderabad,34,8000,272000,63,20,0,0,7,0,0.0,0.9
2025-02-25,Smartwatch,Mumbai,34,8000,272000,82,20,0,0,6,0,0.0,0.9
2025-02-25,Smartwatch,Delhi,32,8000,256000,31,20,0,0,3,0,0.0,0.9
2025-02-25,Smartwatch,Bangalore,35,8000,280000,24,20,0,0,2,0,0.0,0.9
2025-02-25,Smartwatch,Chennai,26,8000,208000,21,20,0,0,6,0,0.0,0.9
2025-02-25,Smartwatch,Pune,32,8000,256000,118,20,0,0,4,0,0.0,0.9
2025-02-25,Smartwatch,Kolkata,37,8000,296000,22,20,0,0,3,0,0.0,0.9
2025-02-25,Smartwatch,Ahmedabad,33,8000,264000,63,20,0,0,4,0,0.0,0.9
2025-02-25,Keyboard,Hyderabad,59,1500,88500,124,35,1,0,5,0,0.0,0.9
2025-02-25,Keyboard,Mumbai,63,1500,94500,59,35,1,0,3,0,0.0,0.9
2025-02-25,Keyboard,Delhi,54,1500,81000,70,35,0,0,4,0,0.0,0.9
2025-02-25,Keyboard,Bangalore,66,1500,99000,40,35,0,0,5,0,0.0,0.9
2025-02-25,Keyboard,Chennai,56,1500,84000,97,35,0,0,7,0,0.0,0.9
2025-02-25,Keyboard,Pune,66,1500,99000,158,35,1,0,4,0,0.0,0.9
2025-02-25,Keyboard,Kolkata,58,1500,87000,94,35,1,0,6,0,0.0,0.9
2025-02-25,Keyboard,Ahmedabad,51,1500,76500,52,35,0,0,4,0,0.0,0.9
2025-02-25,Monitor,Hyderabad,39,18000,702000,120,15,0,0,7,0,0.0,0.9
2025-02-25,Monitor,Mumbai,44,18000,792000,56,15,1,0,7,0,0.0,0.9
2025-02-25,Monitor,Delhi,41,18000,738000,57,15,1,0,6,0,0.0,0.9
2025-02-25,Monitor,Bangalore,53,18000,954000,153,15,1,0,7,0,0.0,0.9
2025-02-25,Monitor,Chennai,41,18000,738000,73,15,0,0,4,0,0.0,0.9
2025-02-25,Monitor,Pune,38,18000,684000,141,15,1,0,2,0,0.0,0.9
2025-02-25,Monitor,Kolkata,35,18000,630000,22,15,0,0,2,0,0.0,0.9
2025-02-25,Monitor,Ahmedabad,34,18000,612000,63,15,0,0,2,0,0.0,0.9
2025-02-25,Mouse,Hyderabad,88,800,70400,43,50,1,1,6,0,0.0,0.9
2025-02-25,Mouse,Mumbai,80,800,64000,110,50,0,0,3,0,0.0,0.9
2025-02-25,Mouse,Delhi,84,800,67200,93,50,1,0,4,0,0.0,0.9
2025-02-25,Mouse,Bangalore,74,800,59200,75,50,0,0,6,0,0.0,0.9
2025-02-25,Mouse,Chennai,83,800,66400,85,50,1,0,4,0,0.0,0.9
2025-02-25,Mouse,Pune,83,800,66400,119,50,1,0,7,0,0.0,0.9
2025-02-25,Mouse,Kolkata,86,800,68800,94,50,1,0,2,0,0.0,0.9
2025-02-25,Mouse,Ahmedabad,77,800,61600,105,50,1,0,6,0,0.0,0.9
2025-02-25,Printer,Hyderabad,22,12000,264000,14,10,0,0,4,0,0.0,0.9
2025-02-25,Printer,Mumbai,37,12000,444000,32,10,0,0,4,0,0.0,0.9
2025-02-25,Printer,Delhi,27,12000,324000,65,10,0,0,7,0,0.0,0.9
2025-02-25,Printer,Bangalore,26,12000,312000,81,10,0,0,6,0,0.0,0.9
2025-02-25,Printer,Chennai,37,12000,444000,122,10,1,0,3,0,0.0,0.9
2025-02-25,Printer,Pune,12,12000,144000,114,10,0,0,2,0,0.0,0.9
2025-02-25,Printer,Kolkata,28,12000,336000,17,10,0,0,4,0,0.0,0.9
2025-02-25,Printer,Ahmedabad,43,12000,516000,46,10,1,0,6,0,0.0,0.9
2025-02-25,Speaker,Hyderabad,47,4000,188000,71,25,1,0,3,0,0.0,0.9
2025-02-25,Speaker,Mumbai,60,4000,240000,147,25,1,0,6,0,0.0,0.9
2025-02-25,Speaker,Delhi,52,4000,208000,86,25,1,0,6,0,0.0,0.9
2025-02-25,Speaker,Bangalore,60,4000,240000,147,25,1,0,6,0,0.0,0.9
2025-02-25,Speaker,Chennai,39,4000,156000,84,25,1,0,6,0,0.0,0.9
2025-02-25,Speaker,Pune,36,4000,144000,56,25,0,0,6,0,0.0,0.9
2025-02-25,Speaker,Kolkata,63,4000,252000,74,25,1,0,5,0,0.0,0.9
2025-02-25,Speaker,Ahmedabad,45,4000,180000,86,25,1,0,3,0,0.0,0.9
2025-02-26,Laptop,Hyderabad,56,55000,3080000,51,20,1,0,5,0,0.0,0.9
2025-02-26,Laptop,Mumbai,49,55000,2695000,93,20,1,0,3,0,0.0,0.9
2025-02-26,Laptop,Delhi,49,55000,2695000,111,20,0,0,5,0,0.0,0.9
2025-02-26,Laptop,Bangalore,46,55000,2530000,134,20,1,0,5,0,0.0,0.9
2025-02-26,Laptop,Chennai,38,55000,2090000,155,20,1,0,4,0,0.0,0.9
2025-02-26,Laptop,Pune,39,55000,2145000,120,20,0,0,5,0,0.0,0.9
2025-02-26,Laptop,Kolkata,56,55000,3080000,37,20,0,0,4,0,0.0,0.9
2025-02-26,Laptop,Ahmedabad,46,55000,2530000,64,20,0,0,5,0,0.0,0.9
2025-02-26,Mobile,Hyderabad,61,20000,1220000,80,30,1,0,6,0,0.0,0.9
2025-02-26,Mobile,Mumbai,71,20000,1420000,77,30,1,0,4,0,0.0,0.9
2025-02-26,Mobile,Delhi,81,20000,1620000,48,30,1,0,3,0,0.0,0.9
2025-02-26,Mobile,Bangalore,64,20000,1280000,85,30,1,0,2,0,0.0,0.9
2025-02-26,Mobile,Chennai,88,20000,1760000,124,30,1,0,4,0,0.0,0.9
2025-02-26,Mobile,Pune,55,20000,1100000,65,30,0,0,2,0,0.0,0.9
2025-02-26,Mobile,Kolkata,91,20000,1820000,43,30,1,0,3,0,0.0,0.9
2025-02-26,Mobile,Ahmedabad,77,20000,1540000,125,30,1,0,4,0,0.0,0.9
2025-02-26,Tablet,Hyderabad,49,30000,1470000,127,25,1,0,6,0,0.0,0.9
2025-02-26,Tablet,Mumbai,37,30000,1110000,38,25,0,0,3,0,0.0,0.9
2025-02-26,Tablet,Delhi,45,30000,1350000,78,25,0,0,3,0,0.0,0.9
2025-02-26,Tablet,Bangalore,30,30000,900000,74,25,1,0,3,0,0.0,0.9
2025-02-26,Tablet,Chennai,34,30000,1020000,140,25,1,0,2,0,0.0,0.9
2025-02-26,Tablet,Pune,35,30000,1050000,88,25,1,0,5,0,0.0,0.9
2025-02-26,Tablet,Kolkata,52,30000,1560000,59,25,1,0,6,0,0.0,0.9
2025-02-26,Tablet,Ahmedabad,48,30000,1440000,98,25,1,0,4,0,0.0,0.9
2025-02-26,Headphones,Hyderabad,69,3000,207000,108,40,1,0,7,0,0.0,0.9
2025-02-26,Headphones,Mumbai,56,3000,168000,50,40,0,0,3,0,0.0,0.9
2025-02-26,Headphones,Delhi,63,3000,189000,42,40,0,0,3,0,0.0,0.9
2025-02-26,Headphones,Bangalore,53,3000,159000,141,40,1,0,5,0,0.0,0.9
2025-02-26,Headphones,Chennai,53,3000,159000,70,40,1,0,7,0,0.0,0.9
2025-02-26,Headphones,Pune,66,3000,198000,133,40,1,0,5,0,0.0,0.9
2025-02-26,Headphones,Kolkata,63,3000,189000,156,40,1,0,2,0,0.0,0.9
2025-02-26,Headphones,Ahmedabad,52,3000,156000,103,40,1,0,7,0,0.0,0.9
2025-02-26,Smartwatch,Hyderabad,34,8000,272000,29,20,0,0,3,0,0.0,0.9
2025-02-26,Smartwatch,Mumbai,48,8000,384000,34,20,0,0,7,0,0.0,0.9
2025-02-26,Smartwatch,Delhi,26,8000,208000,148,20,1,0,2,0,0.0,0.9
2025-02-26,Smartwatch,Bangalore,24,8000,192000,67,20,1,0,3,0,0.0,0.9
2025-02-26,Smartwatch,Chennai,32,8000,256000,76,20,1,0,4,0,0.0,0.9
2025-02-26,Smartwatch,Pune,45,8000,360000,73,20,0,0,5,0,0.0,0.9
2025-02-26,Smartwatch,Kolkata,35,8000,280000,81,20,1,0,3,0,0.0,0.9
2025-02-26,Smartwatch,Ahmedabad,65,8000,520000,134,20,1,0,7,0,0.0,0.9
2025-02-26,Keyboard,Hyderabad,58,1500,87000,66,35,0,0,5,0,0.0,0.9
2025-02-26,Keyboard,Mumbai,57,1500,85500,84,35,1,0,3,0,0.0,0.9
2025-02-26,Keyboard,Delhi,54,1500,81000,117,35,1,0,3,0,0.0,0.9
2025-02-26,Keyboard,Bangalore,71,1500,106500,87,35,1,0,6,0,0.0,0.9
2025-02-26,Keyboard,Chennai,65,1500,97500,118,35,1,0,2,0,0.0,0.9
2025-02-26,Keyboard,Pune,69,1500,103500,89,35,0,0,4,0,0.0,0.9
2025-02-26,Keyboard,Kolkata,48,1500,72000,46,35,0,0,7,0,0.0,0.9
2025-02-26,Keyboard,Ahmedabad,59,1500,88500,71,35,1,0,4,0,0.0,0.9
2025-02-26,Monitor,Hyderabad,31,18000,558000,89,15,0,0,6,0,0.0,0.9
2025-02-26,Monitor,Mumbai,39,18000,702000,17,15,0,0,2,0,0.0,0.9
2025-02-26,Monitor,Delhi,41,18000,738000,16,15,0,0,4,0,0.0,0.9
2025-02-26,Monitor,Bangalore,41,18000,738000,112,15,0,0,2,0,0.0,0.9
2025-02-26,Monitor,Chennai,33,18000,594000,40,15,0,0,4,0,0.0,0.9
2025-02-26,Monitor,Pune,58,18000,1044000,83,15,0,0,2,0,0.0,0.9
2025-02-26,Monitor,Kolkata,31,18000,558000,96,15,1,0,5,0,0.0,0.9
2025-02-26,Monitor,Ahmedabad,50,18000,900000,122,15,1,0,7,0,0.0,0.9
2025-02-26,Mouse,Hyderabad,92,800,73600,57,50,1,0,5,0,0.0,0.9
2025-02-26,Mouse,Mumbai,81,800,64800,89,50,1,0,3,0,0.0,0.9
2025-02-26,Mouse,Delhi,77,800,61600,136,50,1,0,4,0,0.0,0.9
2025-02-26,Mouse,Bangalore,75,800,60000,129,50,1,0,4,0,0.0,0.9
2025-02-26,Mouse,Chennai,78,800,62400,96,50,1,0,2,0,0.0,0.9
2025-02-26,Mouse,Pune,73,800,58400,179,50,1,0,7,0,0.0,0.9
2025-02-26,Mouse,Kolkata,89,800,71200,133,50,1,0,7,0,0.0,0.9
2025-02-26,Mouse,Ahmedabad,84,800,67200,77,50,1,0,6,0,0.0,0.9
2025-02-26,Printer,Hyderabad,20,12000,240000,45,10,1,0,5,0,0.0,0.9
2025-02-26,Printer,Mumbai,30,12000,360000,92,10,1,0,2,0,0.0,0.9
2025-02-26,Printer,Delhi,23,12000,276000,42,10,0,0,5,0,0.0,0.9
2025-02-26,Printer,Bangalore,31,12000,372000,50,10,0,0,2,0,0.0,0.9
2025-02-26,Printer,Chennai,20,12000,240000,102,10,0,0,4,0,0.0,0.9
2025-02-26,Printer,Pune,19,12000,228000,95,10,0,0,7,0,0.0,0.9
2025-02-26,Printer,Kolkata,25,12000,300000,101,10,1,0,4,0,0.0,0.9
2025-02-26,Printer,Ahmedabad,25,12000,300000,21,10,0,0,7,0,0.0,0.9
2025-02-26,Speaker,Hyderabad,42,4000,168000,29,25,0,0,6,0,0.0,0.9
2025-02-26,Speaker,Mumbai,61,4000,244000,86,25,0,0,2,0,0.0,0.9
2025-02-26,Speaker,Delhi,44,4000,176000,42,25,0,0,4,0,0.0,0.9
2025-02-26,Speaker,Bangalore,53,4000,212000,94,25,0,0,5,0,0.0,0.9
2025-02-26,Speaker,Chennai,61,4000,244000,145,25,1,0,2,0,0.0,0.9
2025-02-26,Speaker,Pune,61,4000,244000,119,25,1,0,6,0,0.0,0.9
2025-02-26,Speaker,Kolkata,50,4000,200000,114,25,1,0,2,0,0.0,0.9
2025-02-26,Speaker,Ahmedabad,51,4000,204000,35,25,0,0,6,0,0.0,0.9
2025-02-27,Laptop,Hyderabad,32,55000,1760000,106,20,1,0,7,0,0.0,0.9
2025-02-27,Laptop,Mumbai,47,55000,2585000,46,20,0,0,3,0,0.0,0.9
2025-02-27,Laptop,Delhi,55,55000,3025000,56,20,0,0,7,0,0.0,0.9
2025-02-27,Laptop,Bangalore,48,55000,2640000,86,20,0,0,7,0,0.0,0.9
2025-02-27,Laptop,Chennai,57,55000,3135000,98,20,0,0,7,0,0.0,0.9
2025-02-27,Laptop,Pune,50,55000,2750000,70,20,0,0,6,0,0.0,0.9
2025-02-27,Laptop,Kolkata,54,55000,2970000,59,20,1,0,5,0,0.0,0.9
2025-02-27,Laptop,Ahmedabad,59,55000,3245000,99,20,1,0,5,0,0.0,0.9
2025-02-27,Mobile,Hyderabad,85,20000,1700000,81,30,1,0,4,0,0.0,0.9
2025-02-27,Mobile,Mumbai,70,20000,1400000,74,30,1,0,3,0,0.0,0.9
2025-02-27,Mobile,Delhi,80,20000,1600000,19,30,1,1,4,0,0.0,0.9
2025-02-27,Mobile,Bangalore,75,20000,1500000,129,30,1,0,2,0,0.0,0.9
2025-02-27,Mobile,Chennai,56,20000,1120000,68,30,0,0,5,0,0.0,0.9
2025-02-27,Mobile,Pune,78,20000,1560000,137,30,1,0,7,0,0.0,0.9
2025-02-27,Mobile,Kolkata,82,20000,1640000,69,30,1,0,3,0,0.0,0.9
2025-02-27,Mobile,Ahmedabad,73,20000,1460000,52,30,0,0,7,0,0.0,0.9
2025-02-27,Tablet,Hyderabad,28,30000,840000,99,25,0,0,6,0,0.0,0.9
2025-02-27,Tablet,Mumbai,45,30000,1350000,142,25,1,0,3,0,0.0,0.9
2025-02-27,Tablet,Delhi,47,30000,1410000,31,25,0,0,5,0,0.0,0.9
2025-02-27,Tablet,Bangalore,45,30000,1350000,29,25,0,0,3,0,0.0,0.9
2025-02-27,Tablet,Chennai,42,30000,1260000,98,25,0,0,7,0,0.0,0.9
2025-02-27,Tablet,Pune,43,30000,1290000,45,25,0,0,7,0,0.0,0.9
2025-02-27,Tablet,Kolkata,53,30000,1590000,119,25,1,0,7,0,0.0,0.9
2025-02-27,Tablet,Ahmedabad,51,30000,1530000,47,25,0,0,6,0,0.0,0.9
2025-02-27,Headphones,Hyderabad,62,3000,186000,46,40,0,0,6,0,0.0,0.9
2025-02-27,Headphones,Mumbai,53,3000,159000,115,40,1,0,6,0,0.0,0.9
2025-02-27,Headphones,Delhi,60,3000,180000,115,40,1,0,6,0,0.0,0.9
2025-02-27,Headphones,Bangalore,64,3000,192000,77,40,0,0,2,0,0.0,0.9
2025-02-27,Headphones,Chennai,63,3000,189000,136,40,1,0,5,0,0.0,0.9
2025-02-27,Headphones,Pune,73,3000,219000,60,40,0,0,5,0,0.0,0.9
2025-02-27,Headphones,Kolkata,66,3000,198000,90,40,0,0,3,0,0.0,0.9
2025-02-27,Headphones,Ahmedabad,57,3000,171000,46,40,0,0,5,0,0.0,0.9
2025-02-27,Smartwatch,Hyderabad,34,8000,272000,82,20,1,0,3,0,0.0,0.9
2025-02-27,Smartwatch,Mumbai,26,8000,208000,98,20,1,0,3,0,0.0,0.9
2025-02-27,Smartwatch,Delhi,25,8000,200000,123,20,0,0,7,0,0.0,0.9
2025-02-27,Smartwatch,Bangalore,46,8000,368000,21,20,0,0,5,0,0.0,0.9
2025-02-27,Smartwatch,Chennai,37,8000,296000,39,20,0,0,6,0,0.0,0.9
2025-02-27,Smartwatch,Pune,39,8000,312000,34,20,0,0,5,0,0.0,0.9
2025-02-27,Smartwatch,Kolkata,44,8000,352000,37,20,0,0,6,0,0.0,0.9
2025-02-27,Smartwatch,Ahmedabad,34,8000,272000,100,20,0,0,4,0,0.0,0.9
2025-02-27,Keyboard,Hyderabad,48,1500,72000,102,35,1,0,7,0,0.0,0.9
2025-02-27,Keyboard,Mumbai,53,1500,79500,114,35,1,0,2,0,0.0,0.9
2025-02-27,Keyboard,Delhi,47,1500,70500,70,35,0,0,7,0,0.0,0.9
2025-02-27,Keyboard,Bangalore,50,1500,75000,37,35,0,0,5,0,0.0,0.9
2025-02-27,Keyboard,Chennai,56,1500,84000,62,35,0,0,7,0,0.0,0.9
2025-02-27,Keyboard,Pune,46,1500,69000,43,35,0,0,7,0,0.0,0.9
2025-02-27,Keyboard,Kolkata,62,1500,93000,132,35,1,0,2,0,0.0,0.9
2025-02-27,Keyboard,Ahmedabad,71,1500,106500,78,35,1,0,2,0,0.0,0.9
2025-02-27,Monitor,Hyderabad,32,18000,576000,57,15,0,0,6,0,0.0,0.9
2025-02-27,Monitor,Mumbai,52,18000,936000,105,15,1,0,4,0,0.0,0.9
2025-02-27,Monitor,Delhi,45,18000,810000,71,15,1,0,7,0,0.0,0.9
2025-02-27,Monitor,Bangalore,37,18000,666000,75,15,0,0,4,0,0.0,0.9
2025-02-27,Monitor,Chennai,39,18000,702000,144,15,1,0,5,0,0.0,0.9
2025-02-27,Monitor,Pune,47,18000,846000,36,15,0,0,5,0,0.0,0.9
2025-02-27,Monitor,Kolkata,51,18000,918000,45,15,0,0,6,0,0.0,0.9
2025-02-27,Monitor,Ahmedabad,32,18000,576000,90,15,0,0,7,0,0.0,0.9
2025-02-27,Mouse,Hyderabad,91,800,72800,101,50,1,0,3,0,0.0,0.9
2025-02-27,Mouse,Mumbai,74,800,59200,87,50,1,0,4,0,0.0,0.9
2025-02-27,Mouse,Delhi,69,800,55200,67,50,0,0,6,0,0.0,0.9
2025-02-27,Mouse,Bangalore,82,800,65600,176,50,1,0,2,0,0.0,0.9
2025-02-27,Mouse,Chennai,81,800,64800,87,50,1,0,6,0,0.0,0.9
2025-02-27,Mouse,Pune,76,800,60800,103,50,0,0,4,0,0.0,0.9
2025-02-27,Mouse,Kolkata,75,800,60000,58,50,0,0,6,0,0.0,0.9
2025-02-27,Mouse,Ahmedabad,90,800,72000,66,50,1,0,6,0,0.0,0.9
2025-02-27,Printer,Hyderabad,33,12000,396000,12,10,0,0,3,0,0.0,0.9
2025-02-27,Printer,Mumbai,39,12000,468000,53,10,0,0,3,0,0.0,0.9
2025-02-27,Printer,Delhi,28,12000,336000,14,10,0,0,2,0,0.0,0.9
2025-02-27,Printer,Bangalore,27,12000,324000,23,10,0,0,7,0,0.0,0.9
2025-02-27,Printer,Chennai,29,12000,348000,73,10,0,0,2,0,0.0,0.9
2025-02-27,Printer,Pune,7,12000,84000,88,10,0,0,3,0,0.0,0.9
2025-02-27,Printer,Kolkata,21,12000,252000,80,10,0,0,6,0,0.0,0.9
2025-02-27,Printer,Ahmedabad,29,12000,348000,141,10,1,0,6,0,0.0,0.9
2025-02-27,Speaker,Hyderabad,57,4000,228000,64,25,1,0,4,0,0.0,0.9
2025-02-27,Speaker,Mumbai,46,4000,184000,40,25,0,0,3,0,0.0,0.9
2025-02-27,Speaker,Delhi,53,4000,212000,126,25,1,0,4,0,0.0,0.9
2025-02-27,Speaker,Bangalore,47,4000,188000,47,25,0,0,5,0,0.0,0.9
2025-02-27,Speaker,Chennai,61,4000,244000,84,25,0,0,3,0,0.0,0.9
2025-02-27,Speaker,Pune,57,4000,228000,62,25,0,0,3,0,0.0,0.9
2025-02-27,Speaker,Kolkata,44,4000,176000,70,25,0,0,3,0,0.0,0.9
2025-02-27,Speaker,Ahmedabad,64,4000,256000,22,25,1,1,4,0,0.0,0.9
2025-02-28,Laptop,Hyderabad,55,55000,3025000,51,20,0,0,3,0,0.0,0.9
2025-02-28,Laptop,Mumbai,40,55000,2200000,136,20,1,0,7,0,0.0,0.9
2025-02-28,Laptop,Delhi,49,55000,2695000,74,20,1,0,5,0,0.0,0.9
2025-02-28,Laptop,Bangalore,50,55000,2750000,36,20,0,0,6,0,0.0,0.9
2025-02-28,Laptop,Chennai,43,55000,2365000,55,20,0,0,3,0,0.0,0.9
2025-02-28,Laptop,Pune,50,55000,2750000,20,20,0,0,5,0,0.0,0.9
2025-02-28,Laptop,Kolkata,54,55000,2970000,105,20,1,0,6,0,0.0,0.9
2025-02-28,Laptop,Ahmedabad,39,55000,2145000,60,20,0,0,3,0,0.0,0.9
2025-02-28,Mobile,Hyderabad,92,20000,1840000,97,30,1,0,5,0,0.0,0.9
2025-02-28,Mobile,Mumbai,75,20000,1500000,138,30,1,0,5,0,0.0,0.9
2025-02-28,Mobile,Delhi,60,20000,1200000,106,30,1,0,5,0,0.0,0.9
2025-02-28,Mobile,Bangalore,78,20000,1560000,51,30,0,0,2,0,0.0,0.9
2025-02-28,Mobile,Chennai,56,20000,1120000,155,30,1,0,6,0,0.0,0.9
2025-02-28,Mobile,Pune,51,20000,1020000,86,30,0,0,6,0,0.0,0.9
2025-02-28,Mobile,Kolkata,58,20000,1160000,72,30,1,0,2,0,0.0,0.9
2025-02-28,Mobile,Ahmedabad,75,20000,1500000,121,30,1,0,2,0,0.0,0.9
2025-02-28,Tablet,Hyderabad,45,30000,1350000,54,25,0,0,5,0,0.0,0.9
2025-02-28,Tablet,Mumbai,43,30000,1290000,99,25,0,0,4,0,0.0,0.9
2025-02-28,Tablet,Delhi,25,30000,750000,151,25,1,0,7,0,0.0,0.9
2025-02-28,Tablet,Bangalore,48,30000,1440000,88,25,1,0,3,0,0.0,0.9
2025-02-28,Tablet,Chennai,33,30000,990000,65,25,0,0,4,0,0.0,0.9
2025-02-28,Tablet,Pune,48,30000,1440000,107,25,1,0,7,0,0.0,0.9
2025-02-28,Tablet,Kolkata,48,30000,1440000,71,25,0,0,5,0,0.0,0.9
2025-02-28,Tablet,Ahmedabad,48,30000,1440000,147,25,1,0,3,0,0.0,0.9
2025-02-28,Headphones,Hyderabad,59,3000,177000,110,40,1,0,6,0,0.0,0.9
2025-02-28,Headphones,Mumbai,52,3000,156000,63,40,0,0,7,0,0.0,0.9
2025-02-28,Headphones,Delhi,56,3000,168000,59,40,0,0,4,0,0.0,0.9
2025-02-28,Headphones,Bangalore,50,3000,150000,111,40,1,0,3,0,0.0,0.9
2025-02-28,Headphones,Chennai,60,3000,180000,76,40,0,0,3,0,0.0,0.9
2025-02-28,Headphones,Pune,69,3000,207000,136,40,1,0,4,0,0.0,0.9
2025-02-28,Headphones,Kolkata,65,3000,195000,130,40,1,0,7,0,0.0,0.9
2025-02-28,Headphones,Ahmedabad,45,3000,135000,140,40,1,0,4,0,0.0,0.9
2025-02-28,Smartwatch,Hyderabad,40,8000,320000,42,20,0,0,7,0,0.0,0.9
2025-02-28,Smartwatch,Mumbai,22,8000,176000,76,20,0,0,2,0,0.0,0.9
2025-02-28,Smartwatch,Delhi,28,8000,224000,95,20,0,0,5,0,0.0,0.9
2025-02-28,Smartwatch,Bangalore,35,8000,280000,122,20,1,0,5,0,0.0,0.9
2025-02-28,Smartwatch,Chennai,32,8000,256000,63,20,1,0,6,0,0.0,0.9
2025-02-28,Smartwatch,Pune,30,8000,240000,144,20,1,0,4,0,0.0,0.9
2025-02-28,Smartwatch,Kolkata,43,8000,344000,105,20,1,0,5,0,0.0,0.9
2025-02-28,Smartwatch,Ahmedabad,42,8000,336000,58,20,0,0,5,0,0.0,0.9
2025-02-28,Keyboard,Hyderabad,58,1500,87000,44,35,0,0,5,0,0.0,0.9
2025-02-28,Keyboard,Mumbai,50,1500,75000,64,35,0,0,6,0,0.0,0.9
2025-02-28,Keyboard,Delhi,67,1500,100500,95,35,1,0,5,0,0.0,0.9
2025-02-28,Keyboard,Bangalore,65,1500,97500,104,35,1,0,4,0,0.0,0.9
2025-02-28,Keyboard,Chennai,51,1500,76500,108,35,1,0,3,0,0.0,0.9
2025-02-28,Keyboard,Pune,63,1500,94500,66,35,1,0,4,0,0.0,0.9
2025-02-28,Keyboard,Kolkata,59,1500,88500,73,35,0,0,7,0,0.0,0.9
2025-02-28,Keyboard,Ahmedabad,57,1500,85500,146,35,1,0,3,0,0.0,0.9
2025-02-28,Monitor,Hyderabad,37,18000,666000,20,15,0,0,4,0,0.0,0.9
2025-02-28,Monitor,Mumbai,50,18000,900000,55,15,0,0,2,0,0.0,0.9
2025-02-28,Monitor,Delhi,42,18000,756000,29,15,0,0,5,0,0.0,0.9
2025-02-28,Monitor,Bangalore,38,18000,684000,37,15,0,0,6,0,0.0,0.9
2025-02-28,Monitor,Chennai,54,18000,972000,90,15,0,0,6,0,0.0,0.9
2025-02-28,Monitor,Pune,40,18000,720000,50,15,1,0,7,0,0.0,0.9
2025-02-28,Monitor,Kolkata,39,18000,702000,89,15,1,0,4,0,0.0,0.9
2025-02-28,Monitor,Ahmedabad,38,18000,684000,52,15,0,0,3,0,0.0,0.9
2025-02-28,Mouse,Hyderabad,84,800,67200,163,50,1,0,2,0,0.0,0.9
2025-02-28,Mouse,Mumbai,83,800,66400,92,50,1,0,4,0,0.0,0.9
2025-02-28,Mouse,Delhi,78,800,62400,96,50,1,0,6,0,0.0,0.9
2025-02-28,Mouse,Bangalore,88,800,70400,88,50,0,0,4,0,0.0,0.9
2025-02-28,Mouse,Chennai,76,800,60800,125,50,1,0,4,0,0.0,0.9
2025-02-28,Mouse,Pune,78,800,62400,158,50,1,0,2,0,0.0,0.9
2025-02-28,Mouse,Kolkata,74,800,59200,56,50,1,0,7,0,0.0,0.9
2025-02-28,Mouse,Ahmedabad,85,800,68000,128,50,1,0,3,0,0.0,0.9
2025-02-28,Printer,Hyderabad,32,12000,384000,67,10,1,0,2,0,0.0,0.9
2025-02-28,Printer,Mumbai,30,12000,360000,23,10,0,0,3,0,0.0,0.9
2025-02-28,Printer,Delhi,27,12000,324000,123,10,1,0,3,0,0.0,0.9
2025-02-28,Printer,Bangalore,40,12000,480000,103,10,1,0,4,0,0.0,0.9
2025-02-28,Printer,Chennai,14,12000,168000,59,10,0,0,2,0,0.0,0.9
2025-02-28,Printer,Pune,33,12000,396000,55,10,0,0,4,0,0.0,0.9
2025-02-28,Printer,Kolkata,22,12000,264000,58,10,0,0,4,0,0.0,0.9
2025-02-28,Printer,Ahmedabad,23,12000,276000,118,10,0,0,2,0,0.0,0.9
2025-02-28,Speaker,Hyderabad,46,4000,184000,167,25,1,0,4,0,0.0,0.9
2025-02-28,Speaker,Mumbai,60,4000,240000,107,25,1,0,2,0,0.0,0.9
2025-02-28,Speaker,Delhi,75,4000,300000,51,25,0,0,7,0,0.0,0.9
2025-02-28,Speaker,Bangalore,61,4000,244000,64,25,1,0,3,0,0.0,0.9
2025-02-28,Speaker,Chennai,55,4000,220000,29,25,0,0,4,0,0.0,0.9
2025-02-28,Speaker,Pune,54,4000,216000,81,25,1,0,3,0,0.0,0.9
2025-02-28,Speaker,Kolkata,54,4000,216000,142,25,1,0,4,0,0.0,0.9
2025-02-28,Speaker,Ahmedabad,54,4000,216000,68,25,1,0,3,0,0.0,0.9
2025-03-01,Laptop,Hyderabad,52,55000,2860000,60,20,1,0,2,1,15.8,1.0
2025-03-01,Laptop,Mumbai,62,55000,3410000,74,20,0,0,6,1,15.8,1.0
2025-03-01,Laptop,Delhi,70,55000,3850000,128,20,1,0,2,1,15.8,1.0
2025-03-01,Laptop,Bangalore,50,55000,2750000,116,20,1,0,4,1,15.8,1.0
2025-03-01,Laptop,Chennai,74,55000,4070000,112,20,1,0,4,1,15.8,1.0
2025-03-01,Laptop,Pune,60,55000,3300000,31,20,1,0,6,1,15.8,1.0
2025-03-01,Laptop,Kolkata,58,55000,3190000,47,20,0,0,5,1,15.8,1.0
2025-03-01,Laptop,Ahmedabad,77,55000,4235000,35,20,1,0,4,1,15.8,1.0
2025-03-01,Mobile,Hyderabad,103,20000,2060000,135,30,1,0,6,1,15.8,1.0
2025-03-01,Mobile,Mumbai,87,20000,1740000,51,30,0,0,5,1,15.8,1.0
2025-03-01,Mobile,Delhi,99,20000,1980000,148,30,1,0,2,1,15.8,1.0
2025-03-01,Mobile,Bangalore,99,20000,1980000,42,30,1,0,3,1,15.8,1.0
2025-03-01,Mobile,Chennai,103,20000,2060000,52,30,0,0,3,1,15.8,1.0
2025-03-01,Mobile,Pune,91,20000,1820000,67,30,1,0,3,1,15.8,1.0
2025-03-01,Mobile,Kolkata,95,20000,1900000,80,30,1,0,6,1,15.8,1.0
2025-03-01,Mobile,Ahmedabad,106,20000,2120000,132,30,1,0,5,1,15.8,1.0
2025-03-01,Tablet,Hyderabad,78,30000,2340000,108,25,1,0,5,1,15.8,1.0
2025-03-01,Tablet,Mumbai,59,30000,1770000,40,25,0,0,3,1,15.8,1.0
2025-03-01,Tablet,Delhi,59,30000,1770000,92,25,0,0,2,1,15.8,1.0
2025-03-01,Tablet,Bangalore,62,30000,1860000,26,25,0,0,2,1,15.8,1.0
2025-03-01,Tablet,Chennai,52,30000,1560000,140,25,1,0,5,1,15.8,1.0
2025-03-01,Tablet,Pune,55,30000,1650000,52,25,0,0,5,1,15.8,1.0
2025-03-01,Tablet,Kolkata,58,30000,1740000,114,25,1,0,4,1,15.8,1.0
2025-03-01,Tablet,Ahmedabad,56,30000,1680000,91,25,0,0,4,1,15.8,1.0
2025-03-01,Headphones,Hyderabad,66,3000,198000,44,40,0,0,7,1,15.8,1.0
2025-03-01,Headphones,Mumbai,73,3000,219000,79,40,1,0,4,1,15.8,1.0
2025-03-01,Headphones,Delhi,78,3000,234000,65,40,1,0,6,1,15.8,1.0
2025-03-01,Headphones,Bangalore,78,3000,234000,167,40,1,0,5,1,15.8,1.0
2025-03-01,Headphones,Chennai,73,3000,219000,88,40,1,0,3,1,15.8,1.0
2025-03-01,Headphones,Pune,80,3000,240000,56,40,0,0,6,1,15.8,1.0
2025-03-01,Headphones,Kolkata,82,3000,246000,48,40,0,0,3,1,15.8,1.0
2025-03-01,Headphones,Ahmedabad,74,3000,222000,66,40,0,0,7,1,15.8,1.0
2025-03-01,Smartwatch,Hyderabad,37,8000,296000,60,20,1,0,4,1,15.8,1.0
2025-03-01,Smartwatch,Mumbai,40,8000,320000,36,20,0,0,5,1,15.8,1.0
2025-03-01,Smartwatch,Delhi,49,8000,392000,46,20,0,0,2,1,15.8,1.0
2025-03-01,Smartwatch,Bangalore,34,8000,272000,88,20,0,0,3,1,15.8,1.0
2025-03-01,Smartwatch,Chennai,51,8000,408000,135,20,1,0,6,1,15.8,1.0
2025-03-01,Smartwatch,Pune,47,8000,376000,97,20,0,0,3,1,15.8,1.0
2025-03-01,Smartwatch,Kolkata,50,8000,400000,55,20,0,0,6,1,15.8,1.0
2025-03-01,Smartwatch,Ahmedabad,47,8000,376000,63,20,1,0,6,1,15.8,1.0
2025-03-01,Keyboard,Hyderabad,78,1500,117000,96,35,1,0,7,1,15.8,1.0
2025-03-01,Keyboard,Mumbai,85,1500,127500,52,35,1,0,7,1,15.8,1.0
2025-03-01,Keyboard,Delhi,100,1500,150000,79,35,1,0,7,1,15.8,1.0
2025-03-01,Keyboard,Bangalore,75,1500,112500,129,35,1,0,2,1,15.8,1.0
2025-03-01,Keyboard,Chennai,98,1500,147000,144,35,1,0,4,1,15.8,1.0
2025-03-01,Keyboard,Pune,87,1500,130500,91,35,1,0,4,1,15.8,1.0
2025-03-01,Keyboard,Kolkata,88,1500,132000,80,35,1,0,6,1,15.8,1.0
2025-03-01,Keyboard,Ahmedabad,82,1500,123000,64,35,0,0,5,1,15.8,1.0
2025-03-01,Monitor,Hyderabad,68,18000,1224000,41,15,1,0,2,1,15.8,1.0
2025-03-01,Monitor,Mumbai,43,18000,774000,111,15,1,0,6,1,15.8,1.0
2025-03-01,Monitor,Delhi,51,18000,918000,113,15,1,0,4,1,15.8,1.0
2025-03-01,Monitor,Bangalore,55,18000,990000,91,15,1,0,4,1,15.8,1.0
2025-03-01,Monitor,Chennai,53,18000,954000,37,15,0,0,6,1,15.8,1.0
2025-03-01,Monitor,Pune,52,18000,936000,86,15,1,0,3,1,15.8,1.0
2025-03-01,Monitor,Kolkata,58,18000,1044000,31,15,0,0,7,1,15.8,1.0
2025-03-01,Monitor,Ahmedabad,48,18000,864000,96,15,1,0,2,1,15.8,1.0
2025-03-01,Mouse,Hyderabad,109,800,87200,54,50,0,0,7,1,15.8,1.0
2025-03-01,Mouse,Mumbai,106,800,84800,116,50,1,0,4,1,15.8,1.0
2025-03-01,Mouse,Delhi,120,800,96000,106,50,1,0,5,1,15.8,1.0
2025-03-01,Mouse,Bangalore,120,800,96000,116,50,1,0,6,1,15.8,1.0
2025-03-01,Mouse,Chennai,111,800,88800,82,50,1,0,3,1,15.8,1.0
2025-03-01,Mouse,Pune,110,800,88000,168,50,1,0,3,1,15.8,1.0
2025-03-01,Mouse,Kolkata,101,800,80800,27,50,1,1,2,1,15.8,1.0
2025-03-01,Mouse,Ahmedabad,110,800,88000,131,50,1,0,2,1,15.8,1.0
2025-03-01,Printer,Hyderabad,33,12000,396000,34,10,0,0,5,1,15.8,1.0
2025-03-01,Printer,Mumbai,50,12000,600000,111,10,1,0,5,1,15.8,1.0
2025-03-01,Printer,Delhi,40,12000,480000,83,10,0,0,3,1,15.8,1.0
2025-03-01,Printer,Bangalore,42,12000,504000,61,10,0,0,5,1,15.8,1.0
2025-03-01,Printer,Chennai,44,12000,528000,15,10,0,0,3,1,15.8,1.0
2025-03-01,Printer,Pune,25,12000,300000,30,10,0,0,7,1,15.8,1.0
2025-03-01,Printer,Kolkata,41,12000,492000,17,10,0,0,5,1,15.8,1.0
2025-03-01,Printer,Ahmedabad,42,12000,504000,76,10,0,0,3,1,15.8,1.0
2025-03-01,Speaker,Hyderabad,63,4000,252000,104,25,0,0,6,1,15.8,1.0
2025-03-01,Speaker,Mumbai,67,4000,268000,40,25,0,0,5,1,15.8,1.0
2025-03-01,Speaker,Delhi,69,4000,276000,68,25,1,0,4,1,15.8,1.0
2025-03-01,Speaker,Bangalore,67,4000,268000,89,25,1,0,2,1,15.8,1.0
2025-03-01,Speaker,Chennai,69,4000,276000,88,25,1,0,5,1,15.8,1.0
2025-03-01,Speaker,Pune,64,4000,256000,153,25,1,0,4,1,15.8,1.0
2025-03-01,Speaker,Kolkata,56,4000,224000,86,25,0,0,2,1,15.8,1.0
2025-03-01,Speaker,Ahmedabad,79,4000,316000,121,25,1,0,2,1,15.8,1.0
2025-03-02,Laptop,Hyderabad,61,55000,3355000,131,20,1,0,5,0,0.0,1.0
2025-03-02,Laptop,Mumbai,63,55000,3465000,79,20,1,0,3,0,0.0,1.0
2025-03-02,Laptop,Delhi,42,55000,2310000,86,20,0,0,6,0,0.0,1.0
2025-03-02,Laptop,Bangalore,61,55000,3355000,55,20,0,0,4,0,0.0,1.0
2025-03-02,Laptop,Chennai,48,55000,2640000,64,20,0,0,2,0,0.0,1.0
2025-03-02,Laptop,Pune,57,55000,3135000,50,20,1,0,3,0,0.0,1.0
2025-03-02,Laptop,Kolkata,56,55000,3080000,116,20,1,0,4,0,0.0,1.0
2025-03-02,Laptop,Ahmedabad,51,55000,2805000,87,20,1,0,2,0,0.0,1.0
2025-03-02,Mobile,Hyderabad,74,20000,1480000,61,30,0,0,3,0,0.0,1.0
2025-03-02,Mobile,Mumbai,79,20000,1580000,74,30,1,0,5,0,0.0,1.0
2025-03-02,Mobile,Delhi,78,20000,1560000,70,30,0,0,3,0,0.0,1.0
2025-03-02,Mobile,Bangalore,90,20000,1800000,83,30,1,0,4,0,0.0,1.0
2025-03-02,Mobile,Chennai,82,20000,1640000,67,30,1,0,6,0,0.0,1.0
2025-03-02,Mobile,Pune,71,20000,1420000,82,30,1,0,7,0,0.0,1.0
2025-03-02,Mobile,Kolkata,79,20000,1580000,56,30,1,0,6,0,0.0,1.0
2025-03-02,Mobile,Ahmedabad,68,20000,1360000,64,30,0,0,4,0,0.0,1.0
2025-03-02,Tablet,Hyderabad,43,30000,1290000,65,25,0,0,4,0,0.0,1.0
2025-03-02,Tablet,Mumbai,42,30000,1260000,80,25,1,0,2,0,0.0,1.0
2025-03-02,Tablet,Delhi,53,30000,1590000,39,25,0,0,3,0,0.0,1.0
2025-03-02,Tablet,Bangalore,49,30000,1470000,36,25,1,0,3,0,0.0,1.0
2025-03-02,Tablet,Chennai,43,30000,1290000,97,25,0,0,2,0,0.0,1.0
2025-03-02,Tablet,Pune,52,30000,1560000,131,25,1,0,5,0,0.0,1.0
2025-03-02,Tablet,Kolkata,52,30000,1560000,62,25,0,0,6,0,0.0,1.0
2025-03-02,Tablet,Ahmedabad,43,30000,1290000,48,25,0,0,3,0,0.0,1.0
2025-03-02,Headphones,Hyderabad,69,3000,207000,91,40,1,0,2,0,0.0,1.0
2025-03-02,Headphones,Mumbai,72,3000,216000,120,40,1,0,4,0,0.0,1.0
2025-03-02,Headphones,Delhi,64,3000,192000,140,40,1,0,2,0,0.0,1.0
2025-03-02,Headphones,Bangalore,55,3000,165000,112,40,0,0,7,0,0.0,1.0
2025-03-02,Headphones,Chennai,73,3000,219000,65,40,1,0,5,0,0.0,1.0
2025-03-02,Headphones,Pune,73,3000,219000,85,40,1,0,2,0,0.0,1.0
2025-03-02,Headphones,Kolkata,59,3000,177000,103,40,1,0,5,0,0.0,1.0
2025-03-02,Headphones,Ahmedabad,69,3000,207000,64,40,1,0,7,0,0.0,1.0
2025-03-02,Smartwatch,Hyderabad,41,8000,328000,130,20,1,0,4,0,0.0,1.0
2025-03-02,Smartwatch,Mumbai,48,8000,384000,136,20,1,0,3,0,0.0,1.0
2025-03-02,Smartwatch,Delhi,38,8000,304000,70,20,1,0,2,0,0.0,1.0
2025-03-02,Smartwatch,Bangalore,34,8000,272000,54,20,0,0,6,0,0.0,1.0
2025-03-02,Smartwatch,Chennai,40,8000,320000,95,20,0,0,6,0,0.0,1.0
2025-03-02,Smartwatch,Pune,43,8000,344000,54,20,0,0,2,0,0.0,1.0
2025-03-02,Smartwatch,Kolkata,49,8000,392000,140,20,1,0,6,0,0.0,1.0
2025-03-02,Smartwatch,Ahmedabad,30,8000,240000,33,20,0,0,2,0,0.0,1.0
2025-03-02,Keyboard,Hyderabad,70,1500,105000,80,35,1,0,6,0,0.0,1.0
2025-03-02,Keyboard,Mumbai,58,1500,87000,96,35,1,0,3,0,0.0,1.0
2025-03-02,Keyboard,Delhi,78,1500,117000,63,35,1,0,2,0,0.0,1.0
2025-03-02,Keyboard,Bangalore,63,1500,94500,66,35,0,0,4,0,0.0,1.0
2025-03-02,Keyboard,Chennai,63,1500,94500,81,35,0,0,2,0,0.0,1.0
2025-03-02,Keyboard,Pune,60,1500,90000,121,35,1,0,4,0,0.0,1.0
2025-03-02,Keyboard,Kolkata,78,1500,117000,133,35,1,0,2,0,0.0,1.0
2025-03-02,Keyboard,Ahmedabad,71,1500,106500,45,35,1,0,5,0,0.0,1.0
2025-03-02,Monitor,Hyderabad,42,18000,756000,81,15,1,0,4,0,0.0,1.0
2025-03-02,Monitor,Mumbai,48,18000,864000,63,15,0,0,2,0,0.0,1.0
2025-03-02,Monitor,Delhi,35,18000,630000,78,15,0,0,2,0,0.0,1.0
2025-03-02,Monitor,Bangalore,53,18000,954000,38,15,0,0,2,0,0.0,1.0
2025-03-02,Monitor,Chennai,56,18000,1008000,131,15,1,0,4,0,0.0,1.0
2025-03-02,Monitor,Pune,27,18000,486000,59,15,0,0,4,0,0.0,1.0
2025-03-02,Monitor,Kolkata,44,18000,792000,70,15,1,0,2,0,0.0,1.0
2025-03-02,Monitor,Ahmedabad,37,18000,666000,59,15,0,0,6,0,0.0,1.0
2025-03-02,Mouse,Hyderabad,87,800,69600,82,50,1,0,4,0,0.0,1.0
2025-03-02,Mouse,Mumbai,93,800,74400,109,50,1,0,3,0,0.0,1.0
2025-03-02,Mouse,Delhi,76,800,60800,141,50,1,0,5,0,0.0,1.0
2025-03-02,Mouse,Bangalore,68,800,54400,122,50,1,0,7,0,0.0,1.0
2025-03-02,Mouse,Chennai,96,800,76800,119,50,1,0,5,0,0.0,1.0
2025-03-02,Mouse,Pune,101,800,80800,67,50,0,0,4,0,0.0,1.0
2025-03-02,Mouse,Kolkata,95,800,76000,7,50,1,1,4,0,0.0,1.0
2025-03-02,Mouse,Ahmedabad,99,800,79200,130,50,1,0,4,0,0.0,1.0
2025-03-02,Printer,Hyderabad,27,12000,324000,95,10,1,0,7,0,0.0,1.0
2025-03-02,Printer,Mumbai,29,12000,348000,82,10,0,0,6,0,0.0,1.0
2025-03-02,Printer,Delhi,25,12000,300000,58,10,0,0,7,0,0.0,1.0
2025-03-02,Printer,Bangalore,29,12000,348000,32,10,0,0,5,0,0.0,1.0
2025-03-02,Printer,Chennai,41,12000,492000,47,10,1,0,7,0,0.0,1.0
2025-03-02,Printer,Pune,25,12000,300000,79,10,1,0,5,0,0.0,1.0
2025-03-02,Printer,Kolkata,9,12000,108000,120,10,1,0,4,0,0.0,1.0
2025-03-02,Printer,Ahmedabad,30,12000,360000,46,10,0,0,2,0,0.0,1.0
2025-03-02,Speaker,Hyderabad,60,4000,240000,44,25,0,0,2,0,0.0,1.0
2025-03-02,Speaker,Mumbai,63,4000,252000,45,25,1,0,6,0,0.0,1.0
2025-03-02,Speaker,Delhi,48,4000,192000,132,25,1,0,2,0,0.0,1.0
2025-03-02,Speaker,Bangalore,56,4000,224000,33,25,0,0,7,0,0.0,1.0
2025-03-02,Speaker,Chennai,51,4000,204000,37,25,0,0,5,0,0.0,1.0
2025-03-02,Speaker,Pune,58,4000,232000,95,25,0,0,3,0,0.0,1.0
2025-03-02,Speaker,Kolkata,58,4000,232000,28,25,0,0,2,0,0.0,1.0
2025-03-02,Speaker,Ahmedabad,68,4000,272000,53,25,0,0,5,0,0.0,1.0
2025-03-03,Laptop,Hyderabad,45,55000,2475000,86,20,0,0,7,0,0.0,1.0
2025-03-03,Laptop,Mumbai,61,55000,3355000,82,20,1,0,7,0,0.0,1.0
2025-03-03,Laptop,Delhi,55,55000,3025000,31,20,0,0,5,0,0.0,1.0
2025-03-03,Laptop,Bangalore,53,55000,2915000,147,20,1,0,6,0,0.0,1.0
2025-03-03,Laptop,Chennai,53,55000,2915000,74,20,1,0,3,0,0.0,1.0
2025-03-03,Laptop,Pune,44,55000,2420000,138,20,1,0,6,0,0.0,1.0
2025-03-03,Laptop,Kolkata,54,55000,2970000,62,20,0,0,3,0,0.0,1.0
2025-03-03,Laptop,Ahmedabad,53,55000,2915000,34,20,0,0,6,0,0.0,1.0
2025-03-03,Mobile,Hyderabad,82,20000,1640000,96,30,1,0,6,0,0.0,1.0
2025-03-03,Mobile,Mumbai,86,20000,1720000,126,30,1,0,3,0,0.0,1.0
2025-03-03,Mobile,Delhi,78,20000,1560000,97,30,1,0,5,0,0.0,1.0
2025-03-03,Mobile,Bangalore,91,20000,1820000,129,30,1,0,3,0,0.0,1.0
2025-03-03,Mobile,Chennai,79,20000,1580000,82,30,1,0,6,0,0.0,1.0
2025-03-03,Mobile,Pune,77,20000,1540000,129,30,1,0,5,0,0.0,1.0
2025-03-03,Mobile,Kolkata,95,20000,1900000,46,30,1,0,5,0,0.0,1.0
2025-03-03,Mobile,Ahmedabad,80,20000,1600000,102,30,1,0,4,0,0.0,1.0
2025-03-03,Tablet,Hyderabad,56,30000,1680000,104,25,1,0,6,0,0.0,1.0
2025-03-03,Tablet,Mumbai,47,30000,1410000,33,25,0,0,2,0,0.0,1.0
2025-03-03,Tablet,Delhi,45,30000,1350000,57,25,1,0,6,0,0.0,1.0
2025-03-03,Tablet,Bangalore,42,30000,1260000,135,25,1,0,6,0,0.0,1.0
2025-03-03,Tablet,Chennai,50,30000,1500000,47,25,0,0,4,0,0.0,1.0
2025-03-03,Tablet,Pune,60,30000,1800000,71,25,0,0,2,0,0.0,1.0
2025-03-03,Tablet,Kolkata,45,30000,1350000,154,25,1,0,4,0,0.0,1.0
2025-03-03,Tablet,Ahmedabad,41,30000,1230000,78,25,1,0,4,0,0.0,1.0
2025-03-03,Headphones,Hyderabad,63,3000,189000,146,40,1,0,3,0,0.0,1.0
2025-03-03,Headphones,Mumbai,74,3000,222000,46,40,0,0,7,0,0.0,1.0
2025-03-03,Headphones,Delhi,54,3000,162000,86,40,0,0,3,0,0.0,1.0
2025-03-03,Headphones,Bangalore,65,3000,195000,47,40,0,0,3,0,0.0,1.0
2025-03-03,Headphones,Chennai,70,3000,210000,72,40,1,0,7,0,0.0,1.0
2025-03-03,Headphones,Pune,79,3000,237000,104,40,1,0,4,0,0.0,1.0
2025-03-03,Headphones,Kolkata,51,3000,153000,52,40,0,0,7,0,0.0,1.0
2025-03-03,Headphones,Ahmedabad,64,3000,192000,58,40,1,0,7,0,0.0,1.0
2025-03-03,Smartwatch,Hyderabad,43,8000,344000,87,20,0,0,3,0,0.0,1.0
2025-03-03,Smartwatch,Mumbai,36,8000,288000,100,20,0,0,6,0,0.0,1.0
2025-03-03,Smartwatch,Delhi,59,8000,472000,152,20,1,0,5,0,0.0,1.0
2025-03-03,Smartwatch,Bangalore,36,8000,288000,72,20,1,0,6,0,0.0,1.0
2025-03-03,Smartwatch,Chennai,45,8000,360000,50,20,0,0,5,0,0.0,1.0
2025-03-03,Smartwatch,Pune,43,8000,344000,67,20,1,0,7,0,0.0,1.0
2025-03-03,Smartwatch,Kolkata,45,8000,360000,95,20,0,0,2,0,0.0,1.0
2025-03-03,Smartwatch,Ahmedabad,29,8000,232000,55,20,1,0,6,0,0.0,1.0
2025-03-03,Keyboard,Hyderabad,81,1500,121500,112,35,1,0,2,0,0.0,1.0
2025-03-03,Keyboard,Mumbai,62,1500,93000,104,35,1,0,2,0,0.0,1.0
2025-03-03,Keyboard,Delhi,78,1500,117000,64,35,1,0,3,0,0.0,1.0
2025-03-03,Keyboard,Bangalore,72,1500,108000,133,35,1,0,6,0,0.0,1.0
2025-03-03,Keyboard,Chennai,75,1500,112500,128,35,1,0,5,0,0.0,1.0
2025-03-03,Keyboard,Pune,81,1500,121500,40,35,0,0,3,0,0.0,1.0
2025-03-03,Keyboard,Kolkata,80,1500,120000,53,35,0,0,7,0,0.0,1.0
2025-03-03,Keyboard,Ahmedabad,57,1500,85500,66,35,1,0,2,0,0.0,1.0
2025-03-03,Monitor,Hyderabad,50,18000,900000,31,15,0,0,7,0,0.0,1.0
2025-03-03,Monitor,Mumbai,37,18000,666000,26,15,0,0,5,0,0.0,1.0
2025-03-03,Monitor,Delhi,47,18000,846000,31,15,0,0,3,0,0.0,1.0
2025-03-03,Monitor,Bangalore,48,18000,864000,65,15,1,0,7,0,0.0,1.0
2025-03-03,Monitor,Chennai,43,18000,774000,88,15,0,0,3,0,0.0,1.0
2025-03-03,Monitor,Pune,42,18000,756000,17,15,0,0,3,0,0.0,1.0
2025-03-03,Monitor,Kolkata,45,18000,810000,25,15,0,0,7,0,0.0,1.0
2025-03-03,Monitor,Ahmedabad,40,18000,720000,19,15,0,0,6,0,0.0,1.0
2025-03-03,Mouse,Hyderabad,89,800,71200,136,50,1,0,4,0,0.0,1.0
2025-03-03,Mouse,Mumbai,100,800,80000,59,50,1,0,3,0,0.0,1.0
2025-03-03,Mouse,Delhi,76,800,60800,65,50,0,0,2,0,0.0,1.0
2025-03-03,Mouse,Bangalore,83,800,66400,133,50,1,0,7,0,0.0,1.0
2025-03-03,Mouse,Chennai,89,800,71200,96,50,1,0,6,0,0.0,1.0
2025-03-03,Mouse,Pune,91,800,72800,70,50,1,0,3,0,0.0,1.0
2025-03-03,Mouse,Kolkata,87,800,69600,68,50,1,0,2,0,0.0,1.0
2025-03-03,Mouse,Ahmedabad,83,800,66400,111,50,1,0,2,0,0.0,1.0
2025-03-03,Printer,Hyderabad,28,12000,336000,67,10,0,0,4,0,0.0,1.0
2025-03-03,Printer,Mumbai,41,12000,492000,41,10,0,0,4,0,0.0,1.0
2025-03-03,Printer,Delhi,41,12000,492000,17,10,0,0,2,0,0.0,1.0
2025-03-03,Printer,Bangalore,42,12000,504000,120,10,1,0,5,0,0.0,1.0
2025-03-03,Printer,Chennai,46,12000,552000,127,10,1,0,3,0,0.0,1.0
2025-03-03,Printer,Pune,15,12000,180000,64,10,0,0,6,0,0.0,1.0
2025-03-03,Printer,Kolkata,30,12000,360000,90,10,0,0,2,0,0.0,1.0
2025-03-03,Printer,Ahmedabad,30,12000,360000,16,10,0,0,5,0,0.0,1.0
2025-03-03,Speaker,Hyderabad,65,4000,260000,74,25,1,0,5,0,0.0,1.0
2025-03-03,Speaker,Mumbai,70,4000,280000,35,25,1,0,6,0,0.0,1.0
2025-03-03,Speaker,Delhi,43,4000,172000,89,25,0,0,3,0,0.0,1.0
2025-03-03,Speaker,Bangalore,53,4000,212000,51,25,1,0,2,0,0.0,1.0
2025-03-03,Speaker,Chennai,69,4000,276000,36,25,1,0,7,0,0.0,1.0
2025-03-03,Speaker,Pune,55,4000,220000,40,25,0,0,5,0,0.0,1.0
2025-03-03,Speaker,Kolkata,67,4000,268000,43,25,1,0,7,0,0.0,1.0
2025-03-03,Speaker,Ahmedabad,52,4000,208000,87,25,1,0,3,0,0.0,1.0
2025-03-04,Laptop,Hyderabad,65,55000,3575000,21,20,0,0,5,0,0.0,1.0
2025-03-04,Laptop,Mumbai,55,55000,3025000,27,20,0,0,3,0,0.0,1.0
2025-03-04,Laptop,Delhi,62,55000,3410000,106,20,1,0,5,0,0.0,1.0
2025-03-04,Laptop,Bangalore,48,55000,2640000,99,20,0,0,5,0,0.0,1.0
2025-03-04,Laptop,Chennai,40,55000,2200000,34,20,0,0,7,0,0.0,1.0
2025-03-04,Laptop,Pune,55,55000,3025000,83,20,0,0,5,0,0.0,1.0
2025-03-04,Laptop,Kolkata,45,55000,2475000,145,20,1,0,2,0,0.0,1.0
2025-03-04,Laptop,Ahmedabad,58,55000,3190000,105,20,1,0,2,0,0.0,1.0
2025-03-04,Mobile,Hyderabad,83,20000,1660000,103,30,1,0,7,0,0.0,1.0
2025-03-04,Mobile,Mumbai,73,20000,1460000,53,30,0,0,5,0,0.0,1.0
2025-03-04,Mobile,Delhi,85,20000,1700000,71,30,1,0,7,0,0.0,1.0
2025-03-04,Mobile,Bangalore,79,20000,1580000,50,30,0,0,4,0,0.0,1.0
2025-03-04,Mobile,Chennai,74,20000,1480000,142,30,1,0,6,0,0.0,1.0
2025-03-04,Mobile,Pune,74,20000,1480000,55,30,0,0,7,0,0.0,1.0
2025-03-04,Mobile,Kolkata,76,20000,1520000,76,30,1,0,6,0,0.0,1.0
2025-03-04,Mobile,Ahmedabad,80,20000,1600000,144,30,1,0,4,0,0.0,1.0
2025-03-04,Tablet,Hyderabad,58,30000,1740000,46,25,0,0,6,0,0.0,1.0
2025-03-04,Tablet,Mumbai,42,30000,1260000,86,25,1,0,6,0,0.0,1.0
2025-03-04,Tablet,Delhi,53,30000,1590000,114,25,1,0,2,0,0.0,1.0
2025-03-04,Tablet,Bangalore,45,30000,1350000,90,25,0,0,7,0,0.0,1.0
2025-03-04,Tablet,Chennai,53,30000,1590000,136,25,1,0,4,0,0.0,1.0
2025-03-04,Tablet,Pune,59,30000,1770000,111,25,1,0,5,0,0.0,1.0
2025-03-04,Tablet,Kolkata,46,30000,1380000,108,25,0,0,5,0,0.0,1.0
2025-03-04,Tablet,Ahmedabad,42,30000,1260000,36,25,0,0,4,0,0.0,1.0
2025-03-04,Headphones,Hyderabad,74,3000,222000,72,40,0,0,7,0,0.0,1.0
2025-03-04,Headphones,Mumbai,51,3000,153000,94,40,1,0,7,0,0.0,1.0
2025-03-04,Headphones,Delhi,62,3000,186000,107,40,1,0,3,0,0.0,1.0
2025-03-04,Headphones,Bangalore,73,3000,219000,64,40,1,0,4,0,0.0,1.0
2025-03-04,Headphones,Chennai,65,3000,195000,155,40,1,0,3,0,0.0,1.0
2025-03-04,Headphones,Pune,69,3000,207000,97,40,1,0,5,0,0.0,1.0
2025-03-04,Headphones,Kolkata,59,3000,177000,119,40,1,0,7,0,0.0,1.0
2025-03-04,Headphones,Ahmedabad,77,3000,231000,57,40,1,0,6,0,0.0,1.0
2025-03-04,Smartwatch,Hyderabad,45,8000,360000,42,20,0,0,3,0,0.0,1.0
2025-03-04,Smartwatch,Mumbai,51,8000,408000,49,20,0,0,4,0,0.0,1.0
2025-03-04,Smartwatch,Delhi,39,8000,312000,113,20,0,0,4,0,0.0,1.0
2025-03-04,Smartwatch,Bangalore,23,8000,184000,49,20,0,0,5,0,0.0,1.0
2025-03-04,Smartwatch,Chennai,38,8000,304000,139,20,1,0,7,0,0.0,1.0
2025-03-04,Smartwatch,Pune,44,8000,352000,23,20,0,0,5,0,0.0,1.0
2025-03-04,Smartwatch,Kolkata,44,8000,352000,51,20,0,0,6,0,0.0,1.0
2025-03-04,Smartwatch,Ahmedabad,47,8000,376000,138,20,1,0,7,0,0.0,1.0
2025-03-04,Keyboard,Hyderabad,73,1500,109500,39,35,0,0,3,0,0.0,1.0
2025-03-04,Keyboard,Mumbai,61,1500,91500,43,35,0,0,4,0,0.0,1.0
2025-03-04,Keyboard,Delhi,67,1500,100500,91,35,1,0,6,0,0.0,1.0
2025-03-04,Keyboard,Bangalore,75,1500,112500,58,35,0,0,2,0,0.0,1.0
2025-03-04,Keyboard,Chennai,78,1500,117000,50,35,0,0,2,0,0.0,1.0
2025-03-04,Keyboard,Pune,65,1500,97500,115,35,1,0,7,0,0.0,1.0
2025-03-04,Keyboard,Kolkata,67,1500,100500,42,35,1,0,7,0,0.0,1.0
2025-03-04,Keyboard,Ahmedabad,61,1500,91500,125,35,1,0,3,0,0.0,1.0
2025-03-04,Monitor,Hyderabad,43,18000,774000,73,15,1,0,2,0,0.0,1.0
2025-03-04,Monitor,Mumbai,34,18000,612000,123,15,1,0,6,0,0.0,1.0
2025-03-04,Monitor,Delhi,54,18000,972000,58,15,1,0,3,0,0.0,1.0
2025-03-04,Monitor,Bangalore,68,18000,1224000,61,15,1,0,6,0,0.0,1.0
2025-03-04,Monitor,Chennai,40,18000,720000,48,15,0,0,2,0,0.0,1.0
2025-03-04,Monitor,Pune,46,18000,828000,25,15,1,0,2,0,0.0,1.0
2025-03-04,Monitor,Kolkata,52,18000,936000,30,15,1,0,4,0,0.0,1.0
2025-03-04,Monitor,Ahmedabad,52,18000,936000,92,15,1,0,5,0,0.0,1.0
2025-03-04,Mouse,Hyderabad,103,800,82400,170,50,1,0,2,0,0.0,1.0
2025-03-04,Mouse,Mumbai,92,800,73600,73,50,1,0,6,0,0.0,1.0
2025-03-04,Mouse,Delhi,95,800,76000,119,50,1,0,2,0,0.0,1.0
2025-03-04,Mouse,Bangalore,96,800,76800,175,50,1,0,7,0,0.0,1.0
2025-03-04,Mouse,Chennai,90,800,72000,74,50,1,0,3,0,0.0,1.0
2025-03-04,Mouse,Pune,90,800,72000,108,50,1,0,6,0,0.0,1.0
2025-03-04,Mouse,Kolkata,91,800,72800,64,50,1,0,4,0,0.0,1.0
2025-03-04,Mouse,Ahmedabad,90,800,72000,114,50,1,0,6,0,0.0,1.0
2025-03-04,Printer,Hyderabad,29,12000,348000,38,10,0,0,3,0,0.0,1.0
2025-03-04,Printer,Mumbai,30,12000,360000,11,10,0,0,7,0,0.0,1.0
2025-03-04,Printer,Delhi,18,12000,216000,123,10,1,0,5,0,0.0,1.0
2025-03-04,Printer,Bangalore,28,12000,336000,92,10,0,0,4,0,0.0,1.0
2025-03-04,Printer,Chennai,31,12000,372000,96,10,0,0,6,0,0.0,1.0
2025-03-04,Printer,Pune,40,12000,480000,24,10,0,0,4,0,0.0,1.0
2025-03-04,Printer,Kolkata,33,12000,396000,57,10,0,0,2,0,0.0,1.0
2025-03-04,Printer,Ahmedabad,20,12000,240000,47,10,1,0,3,0,0.0,1.0
2025-03-04,Speaker,Hyderabad,59,4000,236000,125,25,1,0,6,0,0.0,1.0
2025-03-04,Speaker,Mumbai,65,4000,260000,90,25,1,0,7,0,0.0,1.0
2025-03-04,Speaker,Delhi,57,4000,228000,32,25,0,0,3,0,0.0,1.0
2025-03-04,Speaker,Bangalore,54,4000,216000,84,25,1,0,5,0,0.0,1.0
2025-03-04,Speaker,Chennai,73,4000,292000,98,25,1,0,5,0,0.0,1.0
2025-03-04,Speaker,Pune,43,4000,172000,55,25,1,0,4,0,0.0,1.0
2025-03-04,Speaker,Kolkata,65,4000,260000,43,25,1,0,5,0,0.0,1.0
2025-03-04,Speaker,Ahmedabad,51,4000,204000,36,25,0,0,3,0,0.0,1.0
2025-03-05,Laptop,Hyderabad,57,55000,3135000,80,20,1,0,7,0,0.0,1.0
2025-03-05,Laptop,Mumbai,59,55000,3245000,94,20,1,0,7,0,0.0,1.0
2025-03-05,Laptop,Delhi,34,55000,1870000,72,20,0,0,2,0,0.0,1.0
2025-03-05,Laptop,Bangalore,54,55000,2970000,45,20,0,0,2,0,0.0,1.0
2025-03-05,Laptop,Chennai,51,55000,2805000,129,20,1,0,6,0,0.0,1.0
2025-03-05,Laptop,Pune,59,55000,3245000,24,20,0,0,4,0,0.0,1.0
2025-03-05,Laptop,Kolkata,50,55000,2750000,95,20,0,0,4,0,0.0,1.0
2025-03-05,Laptop,Ahmedabad,52,55000,2860000,53,20,0,0,3,0,0.0,1.0
2025-03-05,Mobile,Hyderabad,78,20000,1560000,98,30,1,0,3,0,0.0,1.0
2025-03-05,Mobile,Mumbai,89,20000,1780000,80,30,1,0,7,0,0.0,1.0
2025-03-05,Mobile,Delhi,81,20000,1620000,113,30,1,0,6,0,0.0,1.0
2025-03-05,Mobile,Bangalore,75,20000,1500000,33,30,1,0,5,0,0.0,1.0
2025-03-05,Mobile,Chennai,81,20000,1620000,61,30,0,0,5,0,0.0,1.0
2025-03-05,Mobile,Pune,78,20000,1560000,98,30,1,0,5,0,0.0,1.0
2025-03-05,Mobile,Kolkata,70,20000,1400000,130,30,1,0,5,0,0.0,1.0
2025-03-05,Mobile,Ahmedabad,78,20000,1560000,66,30,0,0,4,0,0.0,1.0
2025-03-05,Tablet,Hyderabad,50,30000,1500000,109,25,1,0,5,0,0.0,1.0
2025-03-05,Tablet,Mumbai,47,30000,1410000,39,25,0,0,7,0,0.0,1.0
2025-03-05,Tablet,Delhi,35,30000,1050000,79,25,0,0,7,0,0.0,1.0
2025-03-05,Tablet,Bangalore,35,30000,1050000,55,25,0,0,6,0,0.0,1.0
2025-03-05,Tablet,Chennai,59,30000,1770000,77,25,0,0,4,0,0.0,1.0
2025-03-05,Tablet,Pune,50,30000,1500000,61,25,0,0,5,0,0.0,1.0
2025-03-05,Tablet,Kolkata,43,30000,1290000,65,25,0,0,6,0,0.0,1.0
2025-03-05,Tablet,Ahmedabad,46,30000,1380000,40,25,1,0,5,0,0.0,1.0
2025-03-05,Headphones,Hyderabad,59,3000,177000,72,40,1,0,3,0,0.0,1.0
2025-03-05,Headphones,Mumbai,61,3000,183000,156,40,1,0,2,0,0.0,1.0
2025-03-05,Headphones,Delhi,76,3000,228000,88,40,1,0,5,0,0.0,1.0
2025-03-05,Headphones,Bangalore,50,3000,150000,65,40,1,0,2,0,0.0,1.0
2025-03-05,Headphones,Chennai,62,3000,186000,93,40,0,0,4,0,0.0,1.0
2025-03-05,Headphones,Pune,51,3000,153000,46,40,0,0,2,0,0.0,1.0
2025-03-05,Headphones,Kolkata,54,3000,162000,65,40,0,0,6,0,0.0,1.0
2025-03-05,Headphones,Ahmedabad,67,3000,201000,135,40,1,0,6,0,0.0,1.0
2025-03-05,Smartwatch,Hyderabad,31,8000,248000,123,20,1,0,6,0,0.0,1.0
2025-03-05,Smartwatch,Mumbai,32,8000,256000,81,20,1,0,3,0,0.0,1.0
2025-03-05,Smartwatch,Delhi,45,8000,360000,68,20,0,0,4,0,0.0,1.0
2025-03-05,Smartwatch,Bangalore,34,8000,272000,95,20,1,0,5,0,0.0,1.0
2025-03-05,Smartwatch,Chennai,34,8000,272000,105,20,0,0,7,0,0.0,1.0
2025-03-05,Smartwatch,Pune,47,8000,376000,33,20,1,0,4,0,0.0,1.0
2025-03-05,Smartwatch,Kolkata,50,8000,400000,118,20,1,0,7,0,0.0,1.0
2025-03-05,Smartwatch,Ahmedabad,41,8000,328000,97,20,0,0,5,0,0.0,1.0
2025-03-05,Keyboard,Hyderabad,80,1500,120000,100,35,1,0,5,0,0.0,1.0
2025-03-05,Keyboard,Mumbai,78,1500,117000,76,35,1,0,7,0,0.0,1.0
2025-03-05,Keyboard,Delhi,68,1500,102000,166,35,1,0,4,0,0.0,1.0
2025-03-05,Keyboard,Bangalore,73,1500,109500,74,35,1,0,6,0,0.0,1.0
2025-03-05,Keyboard,Chennai,73,1500,109500,80,35,1,0,7,0,0.0,1.0
2025-03-05,Keyboard,Pune,63,1500,94500,52,35,0,0,2,0,0.0,1.0
2025-03-05,Keyboard,Kolkata,55,1500,82500,78,35,1,0,4,0,0.0,1.0
2025-03-05,Keyboard,Ahmedabad,72,1500,108000,53,35,0,0,2,0,0.0,1.0
2025-03-05,Monitor,Hyderabad,26,18000,468000,47,15,0,0,5,0,0.0,1.0
2025-03-05,Monitor,Mumbai,47,18000,846000,76,15,0,0,6,0,0.0,1.0
2025-03-05,Monitor,Delhi,53,18000,954000,152,15,1,0,5,0,0.0,1.0
2025-03-05,Monitor,Bangalore,43,18000,774000,18,15,0,0,7,0,0.0,1.0
2025-03-05,Monitor,Chennai,48,18000,864000,60,15,1,0,7,0,0.0,1.0
2025-03-05,Monitor,Pune,42,18000,756000,87,15,1,0,3,0,0.0,1.0
2025-03-05,Monitor,Kolkata,43,18000,774000,124,15,1,0,2,0,0.0,1.0
2025-03-05,Monitor,Ahmedabad,31,18000,558000,61,15,0,0,2,0,0.0,1.0
2025-03-05,Mouse,Hyderabad,89,800,71200,81,50,0,0,7,0,0.0,1.0
2025-03-05,Mouse,Mumbai,74,800,59200,112,50,1,0,2,0,0.0,1.0
2025-03-05,Mouse,Delhi,88,800,70400,153,50,1,0,2,0,0.0,1.0
2025-03-05,Mouse,Bangalore,75,800,60000,100,50,0,0,6,0,0.0,1.0
2025-03-05,Mouse,Chennai,90,800,72000,133,50,1,0,2,0,0.0,1.0
2025-03-05,Mouse,Pune,91,800,72800,70,50,1,0,6,0,0.0,1.0
2025-03-05,Mouse,Kolkata,91,800,72800,114,50,1,0,5,0,0.0,1.0
2025-03-05,Mouse,Ahmedabad,83,800,66400,170,50,1,0,7,0,0.0,1.0
2025-03-05,Printer,Hyderabad,15,12000,180000,23,10,0,0,7,0,0.0,1.0
2025-03-05,Printer,Mumbai,33,12000,396000,110,10,1,0,3,0,0.0,1.0
2025-03-05,Printer,Delhi,14,12000,168000,109,10,0,0,7,0,0.0,1.0
2025-03-05,Printer,Bangalore,29,12000,348000,63,10,0,0,2,0,0.0,1.0
2025-03-05,Printer,Chennai,25,12000,300000,71,10,0,0,4,0,0.0,1.0
2025-03-05,Printer,Pune,22,12000,264000,144,10,1,0,4,0,0.0,1.0
2025-03-05,Printer,Kolkata,33,12000,396000,24,10,0,0,5,0,0.0,1.0
2025-03-05,Printer,Ahmedabad,25,12000,300000,22,10,0,0,5,0,0.0,1.0
2025-03-05,Speaker,Hyderabad,30,4000,120000,95,25,0,0,7,0,0.0,1.0
2025-03-05,Speaker,Mumbai,67,4000,268000,76,25,1,0,6,0,0.0,1.0
2025-03-05,Speaker,Delhi,50,4000,200000,87,25,1,0,2,0,0.0,1.0
2025-03-05,Speaker,Bangalore,64,4000,256000,162,25,1,0,5,0,0.0,1.0
2025-03-05,Speaker,Chennai,59,4000,236000,39,25,0,0,3,0,0.0,1.0
2025-03-05,Speaker,Pune,66,4000,264000,41,25,1,0,2,0,0.0,1.0
2025-03-05,Speaker,Kolkata,65,4000,260000,69,25,1,0,4,0,0.0,1.0
2025-03-05,Speaker,Ahmedabad,60,4000,240000,115,25,1,0,4,0,0.0,1.0
2025-03-06,Laptop,Hyderabad,69,55000,3795000,91,20,1,0,5,0,0.0,1.0
2025-03-06,Laptop,Mumbai,43,55000,2365000,51,20,0,0,3,0,0.0,1.0
2025-03-06,Laptop,Delhi,64,55000,3520000,109,20,1,0,7,0,0.0,1.0
2025-03-06,Laptop,Bangalore,51,55000,2805000,97,20,1,0,4,0,0.0,1.0
2025-03-06,Laptop,Chennai,58,55000,3190000,71,20,0,0,3,0,0.0,1.0
2025-03-06,Laptop,Pune,60,55000,3300000,42,20,1,0,7,0,0.0,1.0
2025-03-06,Laptop,Kolkata,54,55000,2970000,41,20,0,0,5,0,0.0,1.0
2025-03-06,Laptop,Ahmedabad,41,55000,2255000,146,20,1,0,7,0,0.0,1.0
2025-03-06,Mobile,Hyderabad,67,20000,1340000,31,30,0,0,4,0,0.0,1.0
2025-03-06,Mobile,Mumbai,69,20000,1380000,144,30,1,0,5,0,0.0,1.0
2025-03-06,Mobile,Delhi,85,20000,1700000,167,30,1,0,4,0,0.0,1.0
2025-03-06,Mobile,Bangalore,59,20000,1180000,41,30,1,0,2,0,0.0,1.0
2025-03-06,Mobile,Chennai,64,20000,1280000,100,30,1,0,3,0,0.0,1.0
2025-03-06,Mobile,Pune,86,20000,1720000,154,30,1,0,7,0,0.0,1.0
2025-03-06,Mobile,Kolkata,69,20000,1380000,61,30,0,0,3,0,0.0,1.0
2025-03-06,Mobile,Ahmedabad,74,20000,1480000,124,30,1,0,4,0,0.0,1.0
2025-03-06,Tablet,Hyderabad,37,30000,1110000,72,25,0,0,7,0,0.0,1.0
2025-03-06,Tablet,Mumbai,46,30000,1380000,51,25,1,0,6,0,0.0,1.0
2025-03-06,Tablet,Delhi,45,30000,1350000,34,25,0,0,7,0,0.0,1.0
2025-03-06,Tablet,Bangalore,58,30000,1740000,65,25,1,0,6,0,0.0,1.0
2025-03-06,Tablet,Chennai,49,30000,1470000,28,25,0,0,5,0,0.0,1.0
2025-03-06,Tablet,Pune,49,30000,1470000,107,25,1,0,4,0,0.0,1.0
2025-03-06,Tablet,Kolkata,65,30000,1950000,93,25,1,0,6,0,0.0,1.0
2025-03-06,Tablet,Ahmedabad,60,30000,1800000,49,25,1,0,4,0,0.0,1.0
2025-03-06,Headphones,Hyderabad,70,3000,210000,136,40,1,0,5,0,0.0,1.0
2025-03-06,Headphones,Mumbai,68,3000,204000,88,40,0,0,5,0,0.0,1.0
2025-03-06,Headphones,Delhi,65,3000,195000,84,40,1,0,2,0,0.0,1.0
2025-03-06,Headphones,Bangalore,77,3000,231000,47,40,1,0,6,0,0.0,1.0
2025-03-06,Headphones,Chennai,64,3000,192000,116,40,1,0,2,0,0.0,1.0
2025-03-06,Headphones,Pune,65,3000,195000,38,40,1,1,2,0,0.0,1.0
2025-03-06,Headphones,Kolkata,73,3000,219000,128,40,1,0,6,0,0.0,1.0
2025-03-06,Headphones,Ahmedabad,77,3000,231000,58,40,0,0,2,0,0.0,1.0
2025-03-06,Smartwatch,Hyderabad,30,8000,240000,93,20,0,0,2,0,0.0,1.0
2025-03-06,Smartwatch,Mumbai,35,8000,280000,46,20,0,0,5,0,0.0,1.0
2025-03-06,Smartwatch,Delhi,28,8000,224000,40,20,0,0,6,0,0.0,1.0
2025-03-06,Smartwatch,Bangalore,44,8000,352000,51,20,0,0,4,0,0.0,1.0
2025-03-06,Smartwatch,Chennai,48,8000,384000,57,20,0,0,2,0,0.0,1.0
2025-03-06,Smartwatch,Pune,25,8000,200000,60,20,1,0,4,0,0.0,1.0
2025-03-06,Smartwatch,Kolkata,39,8000,312000,79,20,0,0,3,0,0.0,1.0
2025-03-06,Smartwatch,Ahmedabad,38,8000,304000,59,20,0,0,3,0,0.0,1.0
2025-03-06,Keyboard,Hyderabad,65,1500,97500,35,35,0,0,3,0,0.0,1.0
2025-03-06,Keyboard,Mumbai,63,1500,94500,124,35,1,0,4,0,0.0,1.0
2025-03-06,Keyboard,Delhi,73,1500,109500,93,35,0,0,5,0,0.0,1.0
2025-03-06,Keyboard,Bangalore,73,1500,109500,143,35,1,0,6,0,0.0,1.0
2025-03-06,Keyboard,Chennai,81,1500,121500,105,35,1,0,6,0,0.0,1.0
2025-03-06,Keyboard,Pune,60,1500,90000,107,35,1,0,7,0,0.0,1.0
2025-03-06,Keyboard,Kolkata,75,1500,112500,73,35,1,0,3,0,0.0,1.0
2025-03-06,Keyboard,Ahmedabad,63,1500,94500,102,35,1,0,4,0,0.0,1.0
2025-03-06,Monitor,Hyderabad,56,18000,1008000,129,15,1,0,6,0,0.0,1.0
2025-03-06,Monitor,Mumbai,40,18000,720000,36,15,0,0,7,0,0.0,1.0
2025-03-06,Monitor,Delhi,44,18000,792000,108,15,0,0,5,0,0.0,1.0
2025-03-06,Monitor,Bangalore,43,18000,774000,44,15,1,0,6,0,0.0,1.0
2025-03-06,Monitor,Chennai,52,18000,936000,130,15,1,0,4,0,0.0,1.0
2025-03-06,Monitor,Pune,53,18000,954000,34,15,0,0,6,0,0.0,1.0
2025-03-06,Monitor,Kolkata,38,18000,684000,86,15,0,0,4,0,0.0,1.0
2025-03-06,Monitor,Ahmedabad,36,18000,648000,25,15,0,0,5,0,0.0,1.0
2025-03-06,Mouse,Hyderabad,90,800,72000,82,50,1,0,5,0,0.0,1.0
2025-03-06,Mouse,Mumbai,84,800,67200,156,50,1,0,7,0,0.0,1.0
2025-03-06,Mouse,Delhi,91,800,72800,62,50,0,0,2,0,0.0,1.0
2025-03-06,Mouse,Bangalore,86,800,68800,69,50,1,0,5,0,0.0,1.0
2025-03-06,Mouse,Chennai,104,800,83200,175,50,1,0,5,0,0.0,1.0
2025-03-06,Mouse,Pune,85,800,68000,85,50,1,0,2,0,0.0,1.0
2025-03-06,Mouse,Kolkata,107,800,85600,135,50,1,0,3,0,0.0,1.0
2025-03-06,Mouse,Ahmedabad,99,800,79200,71,50,0,0,2,0,0.0,1.0
2025-03-06,Printer,Hyderabad,31,12000,372000,76,10,1,0,3,0,0.0,1.0
2025-03-06,Printer,Mumbai,32,12000,384000,78,10,0,0,5,0,0.0,1.0
2025-03-06,Printer,Delhi,30,12000,360000,79,10,0,0,4,0,0.0,1.0
2025-03-06,Printer,Bangalore,34,12000,408000,29,10,0,0,2,0,0.0,1.0
2025-03-06,Printer,Chennai,27,12000,324000,44,10,0,0,4,0,0.0,1.0
2025-03-06,Printer,Pune,29,12000,348000,115,10,0,0,2,0,0.0,1.0
2025-03-06,Printer,Kolkata,40,12000,480000,50,10,1,0,4,0,0.0,1.0
2025-03-06,Printer,Ahmedabad,41,12000,492000,124,10,1,0,5,0,0.0,1.0
2025-03-06,Speaker,Hyderabad,62,4000,248000,33,25,0,0,4,0,0.0,1.0
2025-03-06,Speaker,Mumbai,67,4000,268000,88,25,1,0,7,0,0.0,1.0
2025-03-06,Speaker,Delhi,61,4000,244000,26,25,0,0,2,0,0.0,1.0
2025-03-06,Speaker,Bangalore,67,4000,268000,95,25,0,0,4,0,0.0,1.0
2025-03-06,Speaker,Chennai,58,4000,232000,31,25,1,0,6,0,0.0,1.0
2025-03-06,Speaker,Pune,63,4000,252000,46,25,1,0,5,0,0.0,1.0
2025-03-06,Speaker,Kolkata,60,4000,240000,122,25,1,0,4,0,0.0,1.0
2025-03-06,Speaker,Ahmedabad,75,4000,300000,40,25,0,0,3,0,0.0,1.0
2025-03-07,Laptop,Hyderabad,68,55000,3740000,23,20,0,0,2,0,0.0,1.0
2025-03-07,Laptop,Mumbai,50,55000,2750000,63,20,1,0,5,0,0.0,1.0
2025-03-07,Laptop,Delhi,68,55000,3740000,41,20,0,0,6,0,0.0,1.0
2025-03-07,Laptop,Bangalore,51,55000,2805000,46,20,0,0,5,0,0.0,1.0
2025-03-07,Laptop,Chennai,46,55000,2530000,25,20,0,0,3,0,0.0,1.0
2025-03-07,Laptop,Pune,65,55000,3575000,75,20,1,0,3,0,0.0,1.0
2025-03-07,Laptop,Kolkata,59,55000,3245000,129,20,1,0,4,0,0.0,1.0
2025-03-07,Laptop,Ahmedabad,52,55000,2860000,94,20,0,0,7,0,0.0,1.0
2025-03-07,Mobile,Hyderabad,88,20000,1760000,58,30,1,0,7,0,0.0,1.0
2025-03-07,Mobile,Mumbai,83,20000,1660000,61,30,0,0,3,0,0.0,1.0
2025-03-07,Mobile,Delhi,87,20000,1740000,80,30,0,0,6,0,0.0,1.0
2025-03-07,Mobile,Bangalore,82,20000,1640000,72,30,1,0,3,0,0.0,1.0
2025-03-07,Mobile,Chennai,80,20000,1600000,102,30,1,0,5,0,0.0,1.0
2025-03-07,Mobile,Pune,79,20000,1580000,75,30,0,0,7,0,0.0,1.0
2025-03-07,Mobile,Kolkata,76,20000,1520000,108,30,1,0,7,0,0.0,1.0
2025-03-07,Mobile,Ahmedabad,77,20000,1540000,47,30,0,0,4,0,0.0,1.0
2025-03-07,Tablet,Hyderabad,46,30000,1380000,26,25,0,0,6,0,0.0,1.0
2025-03-07,Tablet,Mumbai,38,30000,1140000,79,25,1,0,5,0,0.0,1.0
2025-03-07,Tablet,Delhi,52,30000,1560000,84,25,1,0,6,0,0.0,1.0
2025-03-07,Tablet,Bangalore,45,30000,1350000,96,25,1,0,6,0,0.0,1.0
2025-03-07,Tablet,Chennai,58,30000,1740000,45,25,1,0,6,0,0.0,1.0
2025-03-07,Tablet,Pune,60,30000,1800000,47,25,0,0,3,0,0.0,1.0
2025-03-07,Tablet,Kolkata,37,30000,1110000,56,25,0,0,2,0,0.0,1.0
2025-03-07,Tablet,Ahmedabad,51,30000,1530000,71,25,1,0,4,0,0.0,1.0
2025-03-07,Headphones,Hyderabad,54,3000,162000,82,40,0,0,6,0,0.0,1.0
2025-03-07,Headphones,Mumbai,50,3000,150000,156,40,1,0,7,0,0.0,1.0
2025-03-07,Headphones,Delhi,72,3000,216000,97,40,1,0,6,0,0.0,1.0
2025-03-07,Headphones,Bangalore,47,3000,141000,148,40,1,0,6,0,0.0,1.0
2025-03-07,Headphones,Chennai,74,3000,222000,42,40,0,0,5,0,0.0,1.0
2025-03-07,Headphones,Pune,58,3000,174000,113,40,1,0,5,0,0.0,1.0
2025-03-07,Headphones,Kolkata,62,3000,186000,66,40,0,0,7,0,0.0,1.0
2025-03-07,Headphones,Ahmedabad,63,3000,189000,128,40,1,0,3,0,0.0,1.0
2025-03-07,Smartwatch,Hyderabad,40,8000,320000,53,20,0,0,4,0,0.0,1.0
2025-03-07,Smartwatch,Mumbai,42,8000,336000,57,20,1,0,2,0,0.0,1.0
2025-03-07,Smartwatch,Delhi,32,8000,256000,131,20,1,0,4,0,0.0,1.0
2025-03-07,Smartwatch,Bangalore,29,8000,232000,22,20,0,0,3,0,0.0,1.0
2025-03-07,Smartwatch,Chennai,32,8000,256000,25,20,0,0,2,0,0.0,1.0
2025-03-07,Smartwatch,Pune,31,8000,248000,29,20,0,0,2,0,0.0,1.0
2025-03-07,Smartwatch,Kolkata,36,8000,288000,43,20,0,0,2,0,0.0,1.0
2025-03-07,Smartwatch,Ahmedabad,28,8000,224000,31,20,0,0,5,0,0.0,1.0
2025-03-07,Keyboard,Hyderabad,66,1500,99000,63,35,1,0,4,0,0.0,1.0
2025-03-07,Keyboard,Mumbai,55,1500,82500,69,35,0,0,3,0,0.0,1.0
2025-03-07,Keyboard,Delhi,68,1500,102000,157,35,1,0,5,0,0.0,1.0
2025-03-07,Keyboard,Bangalore,68,1500,102000,75,35,0,0,3,0,0.0,1.0
2025-03-07,Keyboard,Chennai,77,1500,115500,125,35,1,0,3,0,0.0,1.0
2025-03-07,Keyboard,Pune,71,1500,106500,36,35,0,0,3,0,0.0,1.0
2025-03-07,Keyboard,Kolkata,74,1500,111000,144,35,1,0,5,0,0.0,1.0
2025-03-07,Keyboard,Ahmedabad,69,1500,103500,145,35,1,0,5,0,0.0,1.0
2025-03-07,Monitor,Hyderabad,25,18000,450000,104,15,0,0,2,0,0.0,1.0
2025-03-07,Monitor,Mumbai,53,18000,954000,38,15,1,0,4,0,0.0,1.0
2025-03-07,Monitor,Delhi,42,18000,756000,66,15,0,0,7,0,0.0,1.0
2025-03-07,Monitor,Bangalore,48,18000,864000,102,15,1,0,4,0,0.0,1.0
2025-03-07,Monitor,Chennai,47,18000,846000,83,15,0,0,3,0,0.0,1.0
2025-03-07,Monitor,Pune,45,18000,810000,66,15,1,0,3,0,0.0,1.0
2025-03-07,Monitor,Kolkata,40,18000,720000,46,15,0,0,5,0,0.0,1.0
2025-03-07,Monitor,Ahmedabad,35,18000,630000,131,15,1,0,2,0,0.0,1.0
2025-03-07,Mouse,Hyderabad,98,800,78400,76,50,1,0,2,0,0.0,1.0
2025-03-07,Mouse,Mumbai,86,800,68800,70,50,0,0,7,0,0.0,1.0
2025-03-07,Mouse,Delhi,88,800,70400,50,50,1,0,3,0,0.0,1.0
2025-03-07,Mouse,Bangalore,90,800,72000,43,50,1,1,4,0,0.0,1.0
2025-03-07,Mouse,Chennai,89,800,71200,86,50,0,0,6,0,0.0,1.0
2025-03-07,Mouse,Pune,85,800,68000,98,50,1,0,7,0,0.0,1.0
2025-03-07,Mouse,Kolkata,105,800,84000,118,50,1,0,7,0,0.0,1.0
2025-03-07,Mouse,Ahmedabad,92,800,73600,71,50,1,0,4,0,0.0,1.0
2025-03-07,Printer,Hyderabad,35,12000,420000,41,10,0,0,6,0,0.0,1.0
2025-03-07,Printer,Mumbai,22,12000,264000,56,10,0,0,5,0,0.0,1.0
2025-03-07,Printer,Delhi,34,12000,408000,45,10,0,0,4,0,0.0,1.0
2025-03-07,Printer,Bangalore,35,12000,420000,143,10,1,0,2,0,0.0,1.0
2025-03-07,Printer,Chennai,18,12000,216000,26,10,0,0,6,0,0.0,1.0
2025-03-07,Printer,Pune,29,12000,348000,86,10,0,0,5,0,0.0,1.0
2025-03-07,Printer,Kolkata,19,12000,228000,31,10,0,0,6,0,0.0,1.0
2025-03-07,Printer,Ahmedabad,29,12000,348000,95,10,0,0,3,0,0.0,1.0
2025-03-07,Speaker,Hyderabad,52,4000,208000,104,25,1,0,7,0,0.0,1.0
2025-03-07,Speaker,Mumbai,55,4000,220000,33,25,0,0,2,0,0.0,1.0
2025-03-07,Speaker,Delhi,49,4000,196000,31,25,1,0,3,0,0.0,1.0
2025-03-07,Speaker,Bangalore,59,4000,236000,36,25,0,0,2,0,0.0,1.0
2025-03-07,Speaker,Chennai,58,4000,232000,23,25,1,1,4,0,0.0,1.0
2025-03-07,Speaker,Pune,53,4000,212000,101,25,1,0,5,0,0.0,1.0
2025-03-07,Speaker,Kolkata,69,4000,276000,53,25,0,0,2,0,0.0,1.0
2025-03-07,Speaker,Ahmedabad,49,4000,196000,95,25,1,0,4,0,0.0,1.0
2025-03-08,Laptop,Hyderabad,45,55000,2475000,80,20,1,0,2,0,0.0,1.0
2025-03-08,Laptop,Mumbai,50,55000,2750000,104,20,1,0,2,0,0.0,1.0
2025-03-08,Laptop,Delhi,45,55000,2475000,105,20,1,0,4,0,0.0,1.0
2025-03-08,Laptop,Bangalore,49,55000,2695000,129,20,1,0,3,0,0.0,1.0
2025-03-08,Laptop,Chennai,40,55000,2200000,133,20,1,0,4,0,0.0,1.0
2025-03-08,Laptop,Pune,47,55000,2585000,28,20,0,0,7,0,0.0,1.0
2025-03-08,Laptop,Kolkata,48,55000,2640000,81,20,0,0,5,0,0.0,1.0
2025-03-08,Laptop,Ahmedabad,66,55000,3630000,28,20,0,0,4,0,0.0,1.0
2025-03-08,Mobile,Hyderabad,81,20000,1620000,64,30,1,0,2,0,0.0,1.0
2025-03-08,Mobile,Mumbai,85,20000,1700000,114,30,1,0,2,0,0.0,1.0
2025-03-08,Mobile,Delhi,78,20000,1560000,136,30,1,0,2,0,0.0,1.0
2025-03-08,Mobile,Bangalore,101,20000,2020000,45,30,1,0,2,0,0.0,1.0
2025-03-08,Mobile,Chennai,80,20000,1600000,131,30,1,0,6,0,0.0,1.0
2025-03-08,Mobile,Pune,76,20000,1520000,100,30,1,0,3,0,0.0,1.0
2025-03-08,Mobile,Kolkata,79,20000,1580000,148,30,1,0,4,0,0.0,1.0
2025-03-08,Mobile,Ahmedabad,79,20000,1580000,18,30,1,1,2,0,0.0,1.0
2025-03-08,Tablet,Hyderabad,55,30000,1650000,40,25,1,0,7,0,0.0,1.0
2025-03-08,Tablet,Mumbai,42,30000,1260000,37,25,0,0,2,0,0.0,1.0
2025-03-08,Tablet,Delhi,49,30000,1470000,35,25,0,0,3,0,0.0,1.0
2025-03-08,Tablet,Bangalore,41,30000,1230000,55,25,0,0,6,0,0.0,1.0
2025-03-08,Tablet,Chennai,53,30000,1590000,48,25,1,0,3,0,0.0,1.0
2025-03-08,Tablet,Pune,47,30000,1410000,108,25,1,0,6,0,0.0,1.0
2025-03-08,Tablet,Kolkata,39,30000,1170000,73,25,1,0,2,0,0.0,1.0
2025-03-08,Tablet,Ahmedabad,47,30000,1410000,83,25,1,0,4,0,0.0,1.0
2025-03-08,Headphones,Hyderabad,73,3000,219000,67,40,1,0,6,0,0.0,1.0
2025-03-08,Headphones,Mumbai,51,3000,153000,105,40,0,0,2,0,0.0,1.0
2025-03-08,Headphones,Delhi,48,3000,144000,49,40,0,0,3,0,0.0,1.0
2025-03-08,Headphones,Bangalore,62,3000,186000,86,40,0,0,5,0,0.0,1.0
2025-03-08,Headphones,Chennai,76,3000,228000,94,40,1,0,7,0,0.0,1.0
2025-03-08,Headphones,Pune,67,3000,201000,46,40,0,0,6,0,0.0,1.0
2025-03-08,Headphones,Kolkata,86,3000,258000,113,40,1,0,2,0,0.0,1.0
2025-03-08,Headphones,Ahmedabad,70,3000,210000,58,40,0,0,4,0,0.0,1.0
2025-03-08,Smartwatch,Hyderabad,20,8000,160000,33,20,0,0,7,0,0.0,1.0
2025-03-08,Smartwatch,Mumbai,37,8000,296000,20,20,0,0,5,0,0.0,1.0
2025-03-08,Smartwatch,Delhi,44,8000,352000,87,20,0,0,4,0,0.0,1.0
2025-03-08,Smartwatch,Bangalore,53,8000,424000,107,20,1,0,7,0,0.0,1.0
2025-03-08,Smartwatch,Chennai,27,8000,216000,127,20,1,0,4,0,0.0,1.0
2025-03-08,Smartwatch,Pune,40,8000,320000,72,20,1,0,4,0,0.0,1.0
2025-03-08,Smartwatch,Kolkata,33,8000,264000,145,20,1,0,2,0,0.0,1.0
2025-03-08,Smartwatch,Ahmedabad,42,8000,336000,136,20,1,0,3,0,0.0,1.0
2025-03-08,Keyboard,Hyderabad,80,1500,120000,54,35,1,0,6,0,0.0,1.0
2025-03-08,Keyboard,Mumbai,74,1500,111000,72,35,1,0,7,0,0.0,1.0
2025-03-08,Keyboard,Delhi,74,1500,111000,83,35,0,0,3,0,0.0,1.0
2025-03-08,Keyboard,Bangalore,70,1500,105000,138,35,1,0,6,0,0.0,1.0
2025-03-08,Keyboard,Chennai,67,1500,100500,58,35,0,0,4,0,0.0,1.0
2025-03-08,Keyboard,Pune,82,1500,123000,47,35,1,0,7,0,0.0,1.0
2025-03-08,Keyboard,Kolkata,66,1500,99000,78,35,0,0,3,0,0.0,1.0
2025-03-08,Keyboard,Ahmedabad,60,1500,90000,85,35,0,0,4,0,0.0,1.0
2025-03-08,Monitor,Hyderabad,48,18000,864000,56,15,0,0,7,0,0.0,1.0
2025-03-08,Monitor,Mumbai,40,18000,720000,93,15,1,0,3,0,0.0,1.0
2025-03-08,Monitor,Delhi,55,18000,990000,126,15,1,0,5,0,0.0,1.0
2025-03-08,Monitor,Bangalore,34,18000,612000,68,15,0,0,5,0,0.0,1.0
2025-03-08,Monitor,Chennai,51,18000,918000,32,15,0,0,5,0,0.0,1.0
2025-03-08,Monitor,Pune,32,18000,576000,34,15,0,0,5,0,0.0,1.0
2025-03-08,Monitor,Kolkata,39,18000,702000,112,15,1,0,6,0,0.0,1.0
2025-03-08,Monitor,Ahmedabad,29,18000,522000,102,15,0,0,6,0,0.0,1.0
2025-03-08,Mouse,Hyderabad,85,800,68000,46,50,1,1,3,0,0.0,1.0
2025-03-08,Mouse,Mumbai,94,800,75200,78,50,1,0,6,0,0.0,1.0
2025-03-08,Mouse,Delhi,92,800,73600,24,50,1,1,7,0,0.0,1.0
2025-03-08,Mouse,Bangalore,97,800,77600,66,50,1,0,4,0,0.0,1.0
2025-03-08,Mouse,Chennai,109,800,87200,109,50,1,0,2,0,0.0,1.0
2025-03-08,Mouse,Pune,86,800,68800,147,50,1,0,4,0,0.0,1.0
2025-03-08,Mouse,Kolkata,85,800,68000,137,50,1,0,2,0,0.0,1.0
2025-03-08,Mouse,Ahmedabad,93,800,74400,107,50,1,0,5,0,0.0,1.0
2025-03-08,Printer,Hyderabad,34,12000,408000,97,10,1,0,5,0,0.0,1.0
2025-03-08,Printer,Mumbai,34,12000,408000,22,10,0,0,2,0,0.0,1.0
2025-03-08,Printer,Delhi,16,12000,192000,29,10,0,0,6,0,0.0,1.0
2025-03-08,Printer,Bangalore,29,12000,348000,114,10,0,0,7,0,0.0,1.0
2025-03-08,Printer,Chennai,36,12000,432000,69,10,1,0,7,0,0.0,1.0
2025-03-08,Printer,Pune,49,12000,588000,37,10,0,0,3,0,0.0,1.0
2025-03-08,Printer,Kolkata,34,12000,408000,112,10,1,0,5,0,0.0,1.0
2025-03-08,Printer,Ahmedabad,16,12000,192000,79,10,0,0,5,0,0.0,1.0
2025-03-08,Speaker,Hyderabad,65,4000,260000,39,25,0,0,6,0,0.0,1.0
2025-03-08,Speaker,Mumbai,68,4000,272000,108,25,1,0,4,0,0.0,1.0
2025-03-08,Speaker,Delhi,56,4000,224000,48,25,1,0,4,0,0.0,1.0
2025-03-08,Speaker,Bangalore,68,4000,272000,79,25,1,0,3,0,0.0,1.0
2025-03-08,Speaker,Chennai,67,4000,268000,88,25,1,0,6,0,0.0,1.0
2025-03-08,Speaker,Pune,67,4000,268000,34,25,0,0,3,0,0.0,1.0
2025-03-08,Speaker,Kolkata,45,4000,180000,95,25,1,0,7,0,0.0,1.0
2025-03-08,Speaker,Ahmedabad,58,4000,232000,37,25,0,0,4,0,0.0,1.0
2025-03-09,Laptop,Hyderabad,44,55000,2420000,36,20,0,0,3,0,0.0,1.0
2025-03-09,Laptop,Mumbai,56,55000,3080000,48,20,0,0,3,0,0.0,1.0
2025-03-09,Laptop,Delhi,53,55000,2915000,52,20,0,0,3,0,0.0,1.0
2025-03-09,Laptop,Bangalore,61,55000,3355000,68,20,0,0,3,0,0.0,1.0
2025-03-09,Laptop,Chennai,48,55000,2640000,85,20,0,0,6,0,0.0,1.0
2025-03-09,Laptop,Pune,63,55000,3465000,26,20,1,0,2,0,0.0,1.0
2025-03-09,Laptop,Kolkata,50,55000,2750000,31,20,0,0,6,0,0.0,1.0
2025-03-09,Laptop,Ahmedabad,47,55000,2585000,77,20,1,0,4,0,0.0,1.0
2025-03-09,Mobile,Hyderabad,81,20000,1620000,106,30,1,0,2,0,0.0,1.0
2025-03-09,Mobile,Mumbai,69,20000,1380000,45,30,0,0,5,0,0.0,1.0
2025-03-09,Mobile,Delhi,74,20000,1480000,62,30,0,0,6,0,0.0,1.0
2025-03-09,Mobile,Bangalore,86,20000,1720000,18,30,1,1,5,0,0.0,1.0
2025-03-09,Mobile,Chennai,73,20000,1460000,58,30,0,0,2,0,0.0,1.0
2025-03-09,Mobile,Pune,80,20000,1600000,85,30,1,0,5,0,0.0,1.0
2025-03-09,Mobile,Kolkata,85,20000,1700000,63,30,0,0,6,0,0.0,1.0
2025-03-09,Mobile,Ahmedabad,86,20000,1720000,73,30,1,0,3,0,0.0,1.0
2025-03-09,Tablet,Hyderabad,41,30000,1230000,49,25,1,0,6,0,0.0,1.0
2025-03-09,Tablet,Mumbai,43,30000,1290000,124,25,1,0,3,0,0.0,1.0
2025-03-09,Tablet,Delhi,53,30000,1590000,33,25,1,0,7,0,0.0,1.0
2025-03-09,Tablet,Bangalore,62,30000,1860000,105,25,1,0,2,0,0.0,1.0
2025-03-09,Tablet,Chennai,49,30000,1470000,66,25,1,0,2,0,0.0,1.0
2025-03-09,Tablet,Pune,39,30000,1170000,69,25,0,0,4,0,0.0,1.0
2025-03-09,Tablet,Kolkata,52,30000,1560000,148,25,1,0,2,0,0.0,1.0
2025-03-09,Tablet,Ahmedabad,55,30000,1650000,28,25,0,0,7,0,0.0,1.0
2025-03-09,Headphones,Hyderabad,57,3000,171000,150,40,1,0,4,0,0.0,1.0
2025-03-09,Headphones,Mumbai,63,3000,189000,42,40,0,0,7,0,0.0,1.0
2025-03-09,Headphones,Delhi,63,3000,189000,87,40,1,0,5,0,0.0,1.0
2025-03-09,Headphones,Bangalore,42,3000,126000,44,40,0,0,6,0,0.0,1.0
2025-03-09,Headphones,Chennai,50,3000,150000,44,40,0,0,6,0,0.0,1.0
2025-03-09,Headphones,Pune,66,3000,198000,73,40,1,0,3,0,0.0,1.0
2025-03-09,Headphones,Kolkata,68,3000,204000,45,40,0,0,6,0,0.0,1.0
2025-03-09,Headphones,Ahmedabad,50,3000,150000,78,40,1,0,7,0,0.0,1.0
2025-03-09,Smartwatch,Hyderabad,42,8000,336000,42,20,1,0,5,0,0.0,1.0
2025-03-09,Smartwatch,Mumbai,31,8000,248000,118,20,1,0,2,0,0.0,1.0
2025-03-09,Smartwatch,Delhi,49,8000,392000,38,20,0,0,4,0,0.0,1.0
2025-03-09,Smartwatch,Bangalore,38,8000,304000,69,20,0,0,6,0,0.0,1.0
2025-03-09,Smartwatch,Chennai,33,8000,264000,94,20,0,0,4,0,0.0,1.0
2025-03-09,Smartwatch,Pune,39,8000,312000,33,20,0,0,2,0,0.0,1.0
2025-03-09,Smartwatch,Kolkata,34,8000,272000,111,20,0,0,2,0,0.0,1.0
2025-03-09,Smartwatch,Ahmedabad,34,8000,272000,102,20,0,0,3,0,0.0,1.0
2025-03-09,Keyboard,Hyderabad,84,1500,126000,53,35,1,0,2,0,0.0,1.0
2025-03-09,Keyboard,Mumbai,65,1500,97500,66,35,1,0,7,0,0.0,1.0
2025-03-09,Keyboard,Delhi,69,1500,103500,92,35,1,0,2,0,0.0,1.0
2025-03-09,Keyboard,Bangalore,58,1500,87000,80,35,0,0,4,0,0.0,1.0
2025-03-09,Keyboard,Chennai,72,1500,108000,86,35,1,0,5,0,0.0,1.0
2025-03-09,Keyboard,Pune,67,1500,100500,57,35,1,0,3,0,0.0,1.0
2025-03-09,Keyboard,Kolkata,84,1500,126000,98,35,1,0,6,0,0.0,1.0
2025-03-09,Keyboard,Ahmedabad,76,1500,114000,114,35,1,0,5,0,0.0,1.0
2025-03-09,Monitor,Hyderabad,56,18000,1008000,108,15,1,0,5,0,0.0,1.0
2025-03-09,Monitor,Mumbai,41,18000,738000,52,15,0,0,5,0,0.0,1.0
2025-03-09,Monitor,Delhi,54,18000,972000,72,15,0,0,4,0,0.0,1.0
2025-03-09,Monitor,Bangalore,46,18000,828000,22,15,0,0,7,0,0.0,1.0
2025-03-09,Monitor,Chennai,46,18000,828000,112,15,1,0,7,0,0.0,1.0
2025-03-09,Monitor,Pune,37,18000,666000,97,15,1,0,6,0,0.0,1.0
2025-03-09,Monitor,Kolkata,46,18000,828000,66,15,0,0,2,0,0.0,1.0
2025-03-09,Monitor,Ahmedabad,53,18000,954000,49,15,0,0,5,0,0.0,1.0
2025-03-09,Mouse,Hyderabad,88,800,70400,35,50,1,1,7,0,0.0,1.0
2025-03-09,Mouse,Mumbai,85,800,68000,142,50,1,0,7,0,0.0,1.0
2025-03-09,Mouse,Delhi,83,800,66400,40,50,1,1,4,0,0.0,1.0
2025-03-09,Mouse,Bangalore,98,800,78400,113,50,1,0,3,0,0.0,1.0
2025-03-09,Mouse,Chennai,78,800,62400,105,50,1,0,7,0,0.0,1.0
2025-03-09,Mouse,Pune,88,800,70400,59,50,0,0,7,0,0.0,1.0
2025-03-09,Mouse,Kolkata,83,800,66400,54,50,0,0,5,0,0.0,1.0
2025-03-09,Mouse,Ahmedabad,104,800,83200,127,50,1,0,3,0,0.0,1.0
2025-03-09,Printer,Hyderabad,31,12000,372000,66,10,0,0,7,0,0.0,1.0
2025-03-09,Printer,Mumbai,27,12000,324000,64,10,1,0,2,0,0.0,1.0
2025-03-09,Printer,Delhi,27,12000,324000,128,10,1,0,2,0,0.0,1.0
2025-03-09,Printer,Bangalore,37,12000,444000,77,10,0,0,4,0,0.0,1.0
2025-03-09,Printer,Chennai,30,12000,360000,39,10,0,0,4,0,0.0,1.0
2025-03-09,Printer,Pune,27,12000,324000,10,10,0,0,7,0,0.0,1.0
2025-03-09,Printer,Kolkata,32,12000,384000,80,10,0,0,7,0,0.0,1.0
2025-03-09,Printer,Ahmedabad,30,12000,360000,49,10,0,0,4,0,0.0,1.0
2025-03-09,Speaker,Hyderabad,57,4000,228000,57,25,1,0,3,0,0.0,1.0
2025-03-09,Speaker,Mumbai,57,4000,228000,51,25,0,0,4,0,0.0,1.0
2025-03-09,Speaker,Delhi,73,4000,292000,97,25,1,0,7,0,0.0,1.0
2025-03-09,Speaker,Bangalore,60,4000,240000,156,25,1,0,6,0,0.0,1.0
2025-03-09,Speaker,Chennai,53,4000,212000,35,25,0,0,6,0,0.0,1.0
2025-03-09,Speaker,Pune,61,4000,244000,115,25,1,0,5,0,0.0,1.0
2025-03-09,Speaker,Kolkata,62,4000,248000,33,25,0,0,3,0,0.0,1.0
2025-03-09,Speaker,Ahmedabad,50,4000,200000,50,25,1,0,7,0,0.0,1.0
2025-03-10,Laptop,Hyderabad,60,55000,3300000,117,20,1,0,5,0,0.0,1.0
2025-03-10,Laptop,Mumbai,56,55000,3080000,45,20,1,0,4,0,0.0,1.0
2025-03-10,Laptop,Delhi,54,55000,2970000,133,20,1,0,2,0,0.0,1.0
2025-03-10,Laptop,Bangalore,47,55000,2585000,21,20,0,0,2,0,0.0,1.0
2025-03-10,Laptop,Chennai,63,55000,3465000,22,20,0,0,5,0,0.0,1.0
2025-03-10,Laptop,Pune,53,55000,2915000,39,20,1,0,4,0,0.0,1.0
2025-03-10,Laptop,Kolkata,67,55000,3685000,105,20,1,0,2,0,0.0,1.0
2025-03-10,Laptop,Ahmedabad,46,55000,2530000,31,20,0,0,6,0,0.0,1.0
2025-03-10,Mobile,Hyderabad,79,20000,1580000,89,30,1,0,4,0,0.0,1.0
2025-03-10,Mobile,Mumbai,88,20000,1760000,47,30,1,0,7,0,0.0,1.0
2025-03-10,Mobile,Delhi,95,20000,1900000,99,30,1,0,3,0,0.0,1.0
2025-03-10,Mobile,Bangalore,79,20000,1580000,14,30,1,1,7,0,0.0,1.0
2025-03-10,Mobile,Chennai,74,20000,1480000,131,30,1,0,4,0,0.0,1.0
2025-03-10,Mobile,Pune,81,20000,1620000,60,30,1,0,7,0,0.0,1.0
2025-03-10,Mobile,Kolkata,60,20000,1200000,143,30,1,0,7,0,0.0,1.0
2025-03-10,Mobile,Ahmedabad,70,20000,1400000,91,30,1,0,5,0,0.0,1.0
2025-03-10,Tablet,Hyderabad,48,30000,1440000,89,25,1,0,3,0,0.0,1.0
2025-03-10,Tablet,Mumbai,49,30000,1470000,75,25,0,0,6,0,0.0,1.0
2025-03-10,Tablet,Delhi,38,30000,1140000,97,25,1,0,3,0,0.0,1.0
2025-03-10,Tablet,Bangalore,44,30000,1320000,61,25,0,0,5,0,0.0,1.0
2025-03-10,Tablet,Chennai,53,30000,1590000,155,25,1,0,6,0,0.0,1.0
2025-03-10,Tablet,Pune,60,30000,1800000,79,25,1,0,7,0,0.0,1.0
2025-03-10,Tablet,Kolkata,38,30000,1140000,110,25,0,0,4,0,0.0,1.0
2025-03-10,Tablet,Ahmedabad,38,30000,1140000,48,25,1,0,4,0,0.0,1.0
2025-03-10,Headphones,Hyderabad,70,3000,210000,80,40,0,0,5,0,0.0,1.0
2025-03-10,Headphones,Mumbai,59,3000,177000,83,40,1,0,3,0,0.0,1.0
2025-03-10,Headphones,Delhi,61,3000,183000,121,40,1,0,5,0,0.0,1.0
2025-03-10,Headphones,Bangalore,62,3000,186000,123,40,1,0,2,0,0.0,1.0
2025-03-10,Headphones,Chennai,66,3000,198000,90,40,1,0,2,0,0.0,1.0
2025-03-10,Headphones,Pune,60,3000,180000,74,40,1,0,4,0,0.0,1.0
2025-03-10,Headphones,Kolkata,62,3000,186000,93,40,1,0,7,0,0.0,1.0
2025-03-10,Headphones,Ahmedabad,58,3000,174000,70,40,1,0,6,0,0.0,1.0
2025-03-10,Smartwatch,Hyderabad,49,8000,392000,123,20,1,0,4,0,0.0,1.0
2025-03-10,Smartwatch,Mumbai,39,8000,312000,79,20,0,0,7,0,0.0,1.0
2025-03-10,Smartwatch,Delhi,42,8000,336000,108,20,1,0,4,0,0.0,1.0
2025-03-10,Smartwatch,Bangalore,36,8000,288000,33,20,0,0,7,0,0.0,1.0
2025-03-10,Smartwatch,Chennai,33,8000,264000,61,20,0,0,4,0,0.0,1.0
2025-03-10,Smartwatch,Pune,35,8000,280000,88,20,1,0,7,0,0.0,1.0
2025-03-10,Smartwatch,Kolkata,26,8000,208000,85,20,0,0,5,0,0.0,1.0
2025-03-10,Smartwatch,Ahmedabad,30,8000,240000,72,20,0,0,2,0,0.0,1.0
2025-03-10,Keyboard,Hyderabad,87,1500,130500,94,35,1,0,7,0,0.0,1.0
2025-03-10,Keyboard,Mumbai,73,1500,109500,56,35,1,0,7,0,0.0,1.0
2025-03-10,Keyboard,Delhi,69,1500,103500,163,35,1,0,6,0,0.0,1.0
2025-03-10,Keyboard,Bangalore,72,1500,108000,152,35,1,0,7,0,0.0,1.0
2025-03-10,Keyboard,Chennai,67,1500,100500,131,35,1,0,2,0,0.0,1.0
2025-03-10,Keyboard,Pune,76,1500,114000,40,35,1,0,3,0,0.0,1.0
2025-03-10,Keyboard,Kolkata,83,1500,124500,73,35,1,0,6,0,0.0,1.0
2025-03-10,Keyboard,Ahmedabad,70,1500,105000,44,35,0,0,2,0,0.0,1.0
2025-03-10,Monitor,Hyderabad,58,18000,1044000,50,15,0,0,7,0,0.0,1.0
2025-03-10,Monitor,Mumbai,48,18000,864000,136,15,1,0,7,0,0.0,1.0
2025-03-10,Monitor,Delhi,52,18000,936000,20,15,0,0,6,0,0.0,1.0
2025-03-10,Monitor,Bangalore,39,18000,702000,82,15,1,0,4,0,0.0,1.0
2025-03-10,Monitor,Chennai,60,18000,1080000,52,15,0,0,2,0,0.0,1.0
2025-03-10,Monitor,Pune,48,18000,864000,49,15,0,0,6,0,0.0,1.0
2025-03-10,Monitor,Kolkata,40,18000,720000,26,15,0,0,2,0,0.0,1.0
2025-03-10,Monitor,Ahmedabad,50,18000,900000,90,15,1,0,2,0,0.0,1.0
2025-03-10,Mouse,Hyderabad,79,800,63200,29,50,1,1,3,0,0.0,1.0
2025-03-10,Mouse,Mumbai,84,800,67200,58,50,0,0,6,0,0.0,1.0
2025-03-10,Mouse,Delhi,88,800,70400,19,50,1,1,7,0,0.0,1.0
2025-03-10,Mouse,Bangalore,95,800,76000,112,50,1,0,2,0,0.0,1.0
2025-03-10,Mouse,Chennai,78,800,62400,112,50,1,0,6,0,0.0,1.0
2025-03-10,Mouse,Pune,86,800,68800,54,50,1,0,6,0,0.0,1.0
2025-03-10,Mouse,Kolkata,97,800,77600,58,50,1,0,6,0,0.0,1.0
2025-03-10,Mouse,Ahmedabad,79,800,63200,163,50,1,0,2,0,0.0,1.0
2025-03-10,Printer,Hyderabad,18,12000,216000,48,10,0,0,7,0,0.0,1.0
2025-03-10,Printer,Mumbai,27,12000,324000,37,10,0,0,6,0,0.0,1.0
2025-03-10,Printer,Delhi,16,12000,192000,112,10,0,0,6,0,0.0,1.0
2025-03-10,Printer,Bangalore,34,12000,408000,43,10,0,0,4,0,0.0,1.0
2025-03-10,Printer,Chennai,31,12000,372000,91,10,1,0,7,0,0.0,1.0
2025-03-10,Printer,Pune,18,12000,216000,129,10,1,0,6,0,0.0,1.0
2025-03-10,Printer,Kolkata,36,12000,432000,44,10,0,0,4,0,0.0,1.0
2025-03-10,Printer,Ahmedabad,40,12000,480000,74,10,1,0,6,0,0.0,1.0
2025-03-10,Speaker,Hyderabad,74,4000,296000,105,25,1,0,5,0,0.0,1.0
2025-03-10,Speaker,Mumbai,69,4000,276000,126,25,1,0,7,0,0.0,1.0
2025-03-10,Speaker,Delhi,70,4000,280000,27,25,0,0,4,0,0.0,1.0
2025-03-10,Speaker,Bangalore,76,4000,304000,80,25,0,0,3,0,0.0,1.0
2025-03-10,Speaker,Chennai,55,4000,220000,125,25,1,0,3,0,0.0,1.0
2025-03-10,Speaker,Pune,59,4000,236000,56,25,0,0,2,0,0.0,1.0
2025-03-10,Speaker,Kolkata,50,4000,200000,50,25,1,0,3,0,0.0,1.0
2025-03-10,Speaker,Ahmedabad,50,4000,200000,115,25,1,0,4,0,0.0,1.0
2025-03-11,Laptop,Hyderabad,48,55000,2640000,69,20,0,0,3,0,0.0,1.0
2025-03-11,Laptop,Mumbai,48,55000,2640000,112,20,1,0,6,0,0.0,1.0
2025-03-11,Laptop,Delhi,50,55000,2750000,83,20,0,0,3,0,0.0,1.0
2025-03-11,Laptop,Bangalore,53,55000,2915000,113,20,1,0,2,0,0.0,1.0
2025-03-11,Laptop,Chennai,44,55000,2420000,64,20,1,0,7,0,0.0,1.0
2025-03-11,Laptop,Pune,70,55000,3850000,62,20,1,0,5,0,0.0,1.0
2025-03-11,Laptop,Kolkata,56,55000,3080000,49,20,0,0,4,0,0.0,1.0
2025-03-11,Laptop,Ahmedabad,73,55000,4015000,52,20,1,0,3,0,0.0,1.0
2025-03-11,Mobile,Hyderabad,83,20000,1660000,130,30,1,0,5,0,0.0,1.0
2025-03-11,Mobile,Mumbai,86,20000,1720000,95,30,1,0,4,0,0.0,1.0
2025-03-11,Mobile,Delhi,72,20000,1440000,94,30,1,0,3,0,0.0,1.0
2025-03-11,Mobile,Bangalore,75,20000,1500000,57,30,1,0,6,0,0.0,1.0
2025-03-11,Mobile,Chennai,77,20000,1540000,54,30,0,0,5,0,0.0,1.0
2025-03-11,Mobile,Pune,72,20000,1440000,135,30,1,0,6,0,0.0,1.0
2025-03-11,Mobile,Kolkata,77,20000,1540000,66,30,0,0,3,0,0.0,1.0
2025-03-11,Mobile,Ahmedabad,91,20000,1820000,51,30,1,0,4,0,0.0,1.0
2025-03-11,Tablet,Hyderabad,41,30000,1230000,48,25,0,0,5,0,0.0,1.0
2025-03-11,Tablet,Mumbai,36,30000,1080000,39,25,0,0,4,0,0.0,1.0
2025-03-11,Tablet,Delhi,44,30000,1320000,53,25,0,0,2,0,0.0,1.0
2025-03-11,Tablet,Bangalore,47,30000,1410000,80,25,1,0,3,0,0.0,1.0
2025-03-11,Tablet,Chennai,44,30000,1320000,111,25,0,0,4,0,0.0,1.0
2025-03-11,Tablet,Pune,53,30000,1590000,26,25,0,0,3,0,0.0,1.0
2025-03-11,Tablet,Kolkata,46,30000,1380000,64,25,0,0,2,0,0.0,1.0
2025-03-11,Tablet,Ahmedabad,53,30000,1590000,88,25,1,0,6,0,0.0,1.0
2025-03-11,Headphones,Hyderabad,51,3000,153000,116,40,1,0,5,0,0.0,1.0
2025-03-11,Headphones,Mumbai,69,3000,207000,85,40,1,0,7,0,0.0,1.0
2025-03-11,Headphones,Delhi,76,3000,228000,45,40,0,0,2,0,0.0,1.0
2025-03-11,Headphones,Bangalore,62,3000,186000,61,40,0,0,2,0,0.0,1.0
2025-03-11,Headphones,Chennai,62,3000,186000,141,40,1,0,3,0,0.0,1.0
2025-03-11,Headphones,Pune,52,3000,156000,94,40,1,0,4,0,0.0,1.0
2025-03-11,Headphones,Kolkata,69,3000,207000,165,40,1,0,4,0,0.0,1.0
2025-03-11,Headphones,Ahmedabad,61,3000,183000,151,40,1,0,2,0,0.0,1.0
2025-03-11,Smartwatch,Hyderabad,28,8000,224000,95,20,0,0,5,0,0.0,1.0
2025-03-11,Smartwatch,Mumbai,36,8000,288000,43,20,0,0,2,0,0.0,1.0
2025-03-11,Smartwatch,Delhi,41,8000,328000,67,20,0,0,7,0,0.0,1.0
2025-03-11,Smartwatch,Bangalore,46,8000,368000,109,20,1,0,7,0,0.0,1.0
2025-03-11,Smartwatch,Chennai,39,8000,312000,22,20,0,0,7,0,0.0,1.0
2025-03-11,Smartwatch,Pune,38,8000,304000,50,20,0,0,3,0,0.0,1.0
2025-03-11,Smartwatch,Kolkata,36,8000,288000,49,20,0,0,2,0,0.0,1.0
2025-03-11,Smartwatch,Ahmedabad,39,8000,312000,33,20,0,0,4,0,0.0,1.0
2025-03-11,Keyboard,Hyderabad,72,1500,108000,94,35,1,0,3,0,0.0,1.0
2025-03-11,Keyboard,Mumbai,79,1500,118500,100,35,1,0,7,0,0.0,1.0
2025-03-11,Keyboard,Delhi,74,1500,111000,89,35,0,0,7,0,0.0,1.0
2025-03-11,Keyboard,Bangalore,78,1500,117000,74,35,0,0,5,0,0.0,1.0
2025-03-11,Keyboard,Chennai,64,1500,96000,67,35,0,0,7,0,0.0,1.0
2025-03-11,Keyboard,Pune,63,1500,94500,99,35,1,0,7,0,0.0,1.0
2025-03-11,Keyboard,Kolkata,71,1500,106500,78,35,1,0,6,0,0.0,1.0
2025-03-11,Keyboard,Ahmedabad,56,1500,84000,118,35,1,0,7,0,0.0,1.0
2025-03-11,Monitor,Hyderabad,54,18000,972000,54,15,1,0,3,0,0.0,1.0
2025-03-11,Monitor,Mumbai,37,18000,666000,99,15,0,0,5,0,0.0,1.0
2025-03-11,Monitor,Delhi,39,18000,702000,106,15,1,0,3,0,0.0,1.0
2025-03-11,Monitor,Bangalore,40,18000,720000,42,15,0,0,7,0,0.0,1.0
2025-03-11,Monitor,Chennai,54,18000,972000,129,15,1,0,2,0,0.0,1.0
2025-03-11,Monitor,Pune,44,18000,792000,155,15,1,0,7,0,0.0,1.0
2025-03-11,Monitor,Kolkata,47,18000,846000,119,15,1,0,3,0,0.0,1.0
2025-03-11,Monitor,Ahmedabad,53,18000,954000,37,15,0,0,3,0,0.0,1.0
2025-03-11,Mouse,Hyderabad,88,800,70400,75,50,1,0,3,0,0.0,1.0
2025-03-11,Mouse,Mumbai,94,800,75200,17,50,1,1,5,0,0.0,1.0
2025-03-11,Mouse,Delhi,85,800,68000,41,50,1,1,6,0,0.0,1.0
2025-03-11,Mouse,Bangalore,87,800,69600,99,50,1,0,6,0,0.0,1.0
2025-03-11,Mouse,Chennai,90,800,72000,160,50,1,0,7,0,0.0,1.0
2025-03-11,Mouse,Pune,86,800,68800,112,50,1,0,5,0,0.0,1.0
2025-03-11,Mouse,Kolkata,88,800,70400,49,50,1,1,6,0,0.0,1.0
2025-03-11,Mouse,Ahmedabad,89,800,71200,74,50,0,0,6,0,0.0,1.0
2025-03-11,Printer,Hyderabad,28,12000,336000,20,10,0,0,3,0,0.0,1.0
2025-03-11,Printer,Mumbai,29,12000,348000,136,10,1,0,6,0,0.0,1.0
2025-03-11,Printer,Delhi,21,12000,252000,91,10,0,0,7,0,0.0,1.0
2025-03-11,Printer,Bangalore,30,12000,360000,13,10,0,0,6,0,0.0,1.0
2025-03-11,Printer,Chennai,35,12000,420000,56,10,0,0,6,0,0.0,1.0
2025-03-11,Printer,Pune,36,12000,432000,93,10,0,0,6,0,0.0,1.0
2025-03-11,Printer,Kolkata,33,12000,396000,11,10,0,0,5,0,0.0,1.0
2025-03-11,Printer,Ahmedabad,23,12000,276000,51,10,0,0,7,0,0.0,1.0
2025-03-11,Speaker,Hyderabad,59,4000,236000,46,25,0,0,6,0,0.0,1.0
2025-03-11,Speaker,Mumbai,69,4000,276000,57,25,0,0,2,0,0.0,1.0
2025-03-11,Speaker,Delhi,59,4000,236000,62,25,1,0,6,0,0.0,1.0
2025-03-11,Speaker,Bangalore,72,4000,288000,93,25,1,0,6,0,0.0,1.0
2025-03-11,Speaker,Chennai,80,4000,320000,45,25,0,0,4,0,0.0,1.0
2025-03-11,Speaker,Pune,69,4000,276000,122,25,1,0,4,0,0.0,1.0
2025-03-11,Speaker,Kolkata,65,4000,260000,42,25,1,0,4,0,0.0,1.0
2025-03-11,Speaker,Ahmedabad,60,4000,240000,55,25,0,0,5,0,0.0,1.0
2025-03-12,Laptop,Hyderabad,61,55000,3355000,136,20,1,0,5,0,0.0,1.0
2025-03-12,Laptop,Mumbai,50,55000,2750000,62,20,0,0,4,0,0.0,1.0
2025-03-12,Laptop,Delhi,54,55000,2970000,29,20,0,0,5,0,0.0,1.0
2025-03-12,Laptop,Bangalore,59,55000,3245000,54,20,0,0,4,0,0.0,1.0
2025-03-12,Laptop,Chennai,58,55000,3190000,145,20,1,0,2,0,0.0,1.0
2025-03-12,Laptop,Pune,62,55000,3410000,134,20,1,0,7,0,0.0,1.0
2025-03-12,Laptop,Kolkata,53,55000,2915000,97,20,1,0,3,0,0.0,1.0
2025-03-12,Laptop,Ahmedabad,55,55000,3025000,145,20,1,0,3,0,0.0,1.0
2025-03-12,Mobile,Hyderabad,74,20000,1480000,56,30,0,0,6,0,0.0,1.0
2025-03-12,Mobile,Mumbai,85,20000,1700000,86,30,1,0,5,0,0.0,1.0
2025-03-12,Mobile,Delhi,82,20000,1640000,160,30,1,0,2,0,0.0,1.0
2025-03-12,Mobile,Bangalore,80,20000,1600000,88,30,1,0,3,0,0.0,1.0
2025-03-12,Mobile,Chennai,63,20000,1260000,92,30,1,0,5,0,0.0,1.0
2025-03-12,Mobile,Pune,76,20000,1520000,59,30,0,0,2,0,0.0,1.0
2025-03-12,Mobile,Kolkata,80,20000,1600000,73,30,1,0,6,0,0.0,1.0
2025-03-12,Mobile,Ahmedabad,74,20000,1480000,45,30,1,0,3,0,0.0,1.0
2025-03-12,Tablet,Hyderabad,33,30000,990000,130,25,1,0,7,0,0.0,1.0
2025-03-12,Tablet,Mumbai,40,30000,1200000,80,25,1,0,2,0,0.0,1.0
2025-03-12,Tablet,Delhi,60,30000,1800000,119,25,1,0,5,0,0.0,1.0
2025-03-12,Tablet,Bangalore,55,30000,1650000,25,25,0,0,7,0,0.0,1.0
2025-03-12,Tablet,Chennai,40,30000,1200000,71,25,0,0,5,0,0.0,1.0
2025-03-12,Tablet,Pune,45,30000,1350000,127,25,1,0,3,0,0.0,1.0
2025-03-12,Tablet,Kolkata,41,30000,1230000,173,25,1,0,2,0,0.0,1.0
2025-03-12,Tablet,Ahmedabad,46,30000,1380000,42,25,0,0,7,0,0.0,1.0
2025-03-12,Headphones,Hyderabad,62,3000,186000,54,40,0,0,6,0,0.0,1.0
2025-03-12,Headphones,Mumbai,64,3000,192000,164,40,1,0,4,0,0.0,1.0
2025-03-12,Headphones,Delhi,74,3000,222000,77,40,1,0,7,0,0.0,1.0
2025-03-12,Headphones,Bangalore,65,3000,195000,139,40,1,0,4,0,0.0,1.0
2025-03-12,Headphones,Chennai,63,3000,189000,78,40,0,0,6,0,0.0,1.0
2025-03-12,Headphones,Pune,57,3000,171000,94,40,1,0,7,0,0.0,1.0
2025-03-12,Headphones,Kolkata,67,3000,201000,98,40,0,0,6,0,0.0,1.0
2025-03-12,Headphones,Ahmedabad,66,3000,198000,85,40,0,0,6,0,0.0,1.0
2025-03-12,Smartwatch,Hyderabad,51,8000,408000,44,20,0,0,5,0,0.0,1.0
2025-03-12,Smartwatch,Mumbai,45,8000,360000,147,20,1,0,7,0,0.0,1.0
2025-03-12,Smartwatch,Delhi,33,8000,264000,34,20,0,0,3,0,0.0,1.0
2025-03-12,Smartwatch,Bangalore,52,8000,416000,57,20,0,0,5,0,0.0,1.0
2025-03-12,Smartwatch,Chennai,42,8000,336000,32,20,1,0,3,0,0.0,1.0
2025-03-12,Smartwatch,Pune,46,8000,368000,57,20,1,0,4,0,0.0,1.0
2025-03-12,Smartwatch,Kolkata,34,8000,272000,137,20,1,0,6,0,0.0,1.0
2025-03-12,Smartwatch,Ahmedabad,36,8000,288000,85,20,1,0,4,0,0.0,1.0
2025-03-12,Keyboard,Hyderabad,74,1500,111000,135,35,1,0,3,0,0.0,1.0
2025-03-12,Keyboard,Mumbai,70,1500,105000,155,35,1,0,6,0,0.0,1.0
2025-03-12,Keyboard,Delhi,51,1500,76500,38,35,0,0,6,0,0.0,1.0
2025-03-12,Keyboard,Bangalore,67,1500,100500,143,35,1,0,3,0,0.0,1.0
2025-03-12,Keyboard,Chennai,54,1500,81000,113,35,1,0,7,0,0.0,1.0
2025-03-12,Keyboard,Pune,69,1500,103500,83,35,1,0,7,0,0.0,1.0
2025-03-12,Keyboard,Kolkata,77,1500,115500,147,35,1,0,7,0,0.0,1.0
2025-03-12,Keyboard,Ahmedabad,61,1500,91500,57,35,0,0,6,0,0.0,1.0
2025-03-12,Monitor,Hyderabad,47,18000,846000,150,15,1,0,5,0,0.0,1.0
2025-03-12,Monitor,Mumbai,51,18000,918000,48,15,0,0,2,0,0.0,1.0
2025-03-12,Monitor,Delhi,36,18000,648000,70,15,0,0,7,0,0.0,1.0
2025-03-12,Monitor,Bangalore,41,18000,738000,97,15,1,0,5,0,0.0,1.0
2025-03-12,Monitor,Chennai,66,18000,1188000,63,15,0,0,3,0,0.0,1.0
2025-03-12,Monitor,Pune,47,18000,846000,108,15,0,0,7,0,0.0,1.0
2025-03-12,Monitor,Kolkata,49,18000,882000,70,15,0,0,5,0,0.0,1.0
2025-03-12,Monitor,Ahmedabad,59,18000,1062000,125,15,1,0,2,0,0.0,1.0
2025-03-12,Mouse,Hyderabad,93,800,74400,60,50,1,0,4,0,0.0,1.0
2025-03-12,Mouse,Mumbai,86,800,68800,8,50,1,1,7,0,0.0,1.0
2025-03-12,Mouse,Delhi,86,800,68800,70,50,1,0,4,0,0.0,1.0
2025-03-12,Mouse,Bangalore,87,800,69600,135,50,1,0,5,0,0.0,1.0
2025-03-12,Mouse,Chennai,98,800,78400,62,50,0,0,3,0,0.0,1.0
2025-03-12,Mouse,Pune,74,800,59200,89,50,1,0,7,0,0.0,1.0
2025-03-12,Mouse,Kolkata,83,800,66400,39,50,1,1,6,0,0.0,1.0
2025-03-12,Mouse,Ahmedabad,94,800,75200,44,50,1,1,6,0,0.0,1.0
2025-03-12,Printer,Hyderabad,24,12000,288000,115,10,1,0,4,0,0.0,1.0
2025-03-12,Printer,Mumbai,18,12000,216000,118,10,0,0,2,0,0.0,1.0
2025-03-12,Printer,Delhi,32,12000,384000,59,10,0,0,4,0,0.0,1.0
2025-03-12,Printer,Bangalore,21,12000,252000,142,10,1,0,5,0,0.0,1.0
2025-03-12,Printer,Chennai,52,12000,624000,149,10,1,0,6,0,0.0,1.0
2025-03-12,Printer,Pune,41,12000,492000,52,10,0,0,4,0,0.0,1.0
2025-03-12,Printer,Kolkata,41,12000,492000,96,10,1,0,6,0,0.0,1.0
2025-03-12,Printer,Ahmedabad,22,12000,264000,29,10,0,0,2,0,0.0,1.0
2025-03-12,Speaker,Hyderabad,62,4000,248000,99,25,1,0,3,0,0.0,1.0
2025-03-12,Speaker,Mumbai,63,4000,252000,124,25,1,0,3,0,0.0,1.0
2025-03-12,Speaker,Delhi,60,4000,240000,126,25,1,0,6,0,0.0,1.0
2025-03-12,Speaker,Bangalore,57,4000,228000,36,25,0,0,2,0,0.0,1.0
2025-03-12,Speaker,Chennai,70,4000,280000,25,25,1,0,5,0,0.0,1.0
2025-03-12,Speaker,Pune,49,4000,196000,73,25,0,0,7,0,0.0,1.0
2025-03-12,Speaker,Kolkata,65,4000,260000,34,25,1,0,4,0,0.0,1.0
2025-03-12,Speaker,Ahmedabad,57,4000,228000,139,25,1,0,4,0,0.0,1.0
2025-03-13,Laptop,Hyderabad,45,55000,2475000,91,20,0,0,2,0,0.0,1.0
2025-03-13,Laptop,Mumbai,43,55000,2365000,145,20,1,0,6,0,0.0,1.0
2025-03-13,Laptop,Delhi,52,55000,2860000,55,20,1,0,2,0,0.0,1.0
2025-03-13,Laptop,Bangalore,62,55000,3410000,106,20,1,0,3,0,0.0,1.0
2025-03-13,Laptop,Chennai,51,55000,2805000,94,20,0,0,3,0,0.0,1.0
2025-03-13,Laptop,Pune,57,55000,3135000,77,20,0,0,7,0,0.0,1.0
2025-03-13,Laptop,Kolkata,57,55000,3135000,40,20,0,0,6,0,0.0,1.0
2025-03-13,Laptop,Ahmedabad,42,55000,2310000,103,20,0,0,5,0,0.0,1.0
2025-03-13,Mobile,Hyderabad,81,20000,1620000,83,30,1,0,6,0,0.0,1.0
2025-03-13,Mobile,Mumbai,77,20000,1540000,155,30,1,0,7,0,0.0,1.0
2025-03-13,Mobile,Delhi,75,20000,1500000,85,30,0,0,5,0,0.0,1.0
2025-03-13,Mobile,Bangalore,72,20000,1440000,66,30,1,0,7,0,0.0,1.0
2025-03-13,Mobile,Chennai,83,20000,1660000,100,30,1,0,5,0,0.0,1.0
2025-03-13,Mobile,Pune,75,20000,1500000,113,30,1,0,3,0,0.0,1.0
2025-03-13,Mobile,Kolkata,77,20000,1540000,87,30,1,0,5,0,0.0,1.0
2025-03-13,Mobile,Ahmedabad,88,20000,1760000,16,30,1,1,6,0,0.0,1.0
2025-03-13,Tablet,Hyderabad,49,30000,1470000,81,25,0,0,4,0,0.0,1.0
2025-03-13,Tablet,Mumbai,53,30000,1590000,27,25,0,0,2,0,0.0,1.0
2025-03-13,Tablet,Delhi,57,30000,1710000,62,25,0,0,5,0,0.0,1.0
2025-03-13,Tablet,Bangalore,27,30000,810000,114,25,1,0,6,0,0.0,1.0
2025-03-13,Tablet,Chennai,36,30000,1080000,35,25,0,0,5,0,0.0,1.0
2025-03-13,Tablet,Pune,49,30000,1470000,78,25,0,0,4,0,0.0,1.0
2025-03-13,Tablet,Kolkata,48,30000,1440000,125,25,0,0,3,0,0.0,1.0
2025-03-13,Tablet,Ahmedabad,55,30000,1650000,119,25,1,0,2,0,0.0,1.0
2025-03-13,Headphones,Hyderabad,65,3000,195000,65,40,1,0,6,0,0.0,1.0
2025-03-13,Headphones,Mumbai,70,3000,210000,94,40,0,0,4,0,0.0,1.0
2025-03-13,Headphones,Delhi,72,3000,216000,114,40,1,0,6,0,0.0,1.0
2025-03-13,Headphones,Bangalore,70,3000,210000,69,40,0,0,3,0,0.0,1.0
2025-03-13,Headphones,Chennai,67,3000,201000,81,40,1,0,2,0,0.0,1.0
2025-03-13,Headphones,Pune,65,3000,195000,93,40,1,0,7,0,0.0,1.0
2025-03-13,Headphones,Kolkata,64,3000,192000,178,40,1,0,7,0,0.0,1.0
2025-03-13,Headphones,Ahmedabad,60,3000,180000,145,40,1,0,5,0,0.0,1.0
2025-03-13,Smartwatch,Hyderabad,38,8000,304000,149,20,1,0,7,0,0.0,1.0
2025-03-13,Smartwatch,Mumbai,43,8000,344000,104,20,0,0,4,0,0.0,1.0
2025-03-13,Smartwatch,Delhi,33,8000,264000,83,20,1,0,5,0,0.0,1.0
2025-03-13,Smartwatch,Bangalore,32,8000,256000,25,20,0,0,7,0,0.0,1.0
2025-03-13,Smartwatch,Chennai,46,8000,368000,56,20,1,0,4,0,0.0,1.0
2025-03-13,Smartwatch,Pune,34,8000,272000,23,20,0,0,3,0,0.0,1.0
2025-03-13,Smartwatch,Kolkata,49,8000,392000,88,20,0,0,7,0,0.0,1.0
2025-03-13,Smartwatch,Ahmedabad,61,8000,488000,24,20,0,0,4,0,0.0,1.0
2025-03-13,Keyboard,Hyderabad,79,1500,118500,56,35,0,0,6,0,0.0,1.0
2025-03-13,Keyboard,Mumbai,77,1500,115500,78,35,0,0,7,0,0.0,1.0
2025-03-13,Keyboard,Delhi,68,1500,102000,72,35,1,0,5,0,0.0,1.0
2025-03-13,Keyboard,Bangalore,90,1500,135000,53,35,0,0,4,0,0.0,1.0
2025-03-13,Keyboard,Chennai,76,1500,114000,37,35,0,0,4,0,0.0,1.0
2025-03-13,Keyboard,Pune,68,1500,102000,162,35,1,0,2,0,0.0,1.0
2025-03-13,Keyboard,Kolkata,76,1500,114000,71,35,0,0,4,0,0.0,1.0
2025-03-13,Keyboard,Ahmedabad,66,1500,99000,88,35,1,0,4,0,0.0,1.0
2025-03-13,Monitor,Hyderabad,41,18000,738000,109,15,0,0,3,0,0.0,1.0
2025-03-13,Monitor,Mumbai,51,18000,918000,50,15,1,0,5,0,0.0,1.0
2025-03-13,Monitor,Delhi,35,18000,630000,35,15,0,0,2,0,0.0,1.0
2025-03-13,Monitor,Bangalore,58,18000,1044000,39,15,0,0,5,0,0.0,1.0
2025-03-13,Monitor,Chennai,54,18000,972000,114,15,1,0,4,0,0.0,1.0
2025-03-13,Monitor,Pune,43,18000,774000,65,15,0,0,5,0,0.0,1.0
2025-03-13,Monitor,Kolkata,34,18000,612000,36,15,0,0,3,0,0.0,1.0
2025-03-13,Monitor,Ahmedabad,38,18000,684000,87,15,0,0,2,0,0.0,1.0
2025-03-13,Mouse,Hyderabad,97,800,77600,73,50,1,0,2,0,0.0,1.0
2025-03-13,Mouse,Mumbai,85,800,68000,0,50,1,1,4,0,0.0,1.0
2025-03-13,Mouse,Delhi,90,800,72000,75,50,1,0,4,0,0.0,1.0
2025-03-13,Mouse,Bangalore,85,800,68000,50,50,0,0,2,0,0.0,1.0
2025-03-13,Mouse,Chennai,95,800,76000,57,50,1,0,3,0,0.0,1.0
2025-03-13,Mouse,Pune,77,800,61600,145,50,1,0,2,0,0.0,1.0
2025-03-13,Mouse,Kolkata,90,800,72000,55,50,1,0,2,0,0.0,1.0
2025-03-13,Mouse,Ahmedabad,101,800,80800,68,50,1,0,3,0,0.0,1.0
2025-03-13,Printer,Hyderabad,37,12000,444000,78,10,0,0,4,0,0.0,1.0
2025-03-13,Printer,Mumbai,20,12000,240000,98,10,0,0,4,0,0.0,1.0
2025-03-13,Printer,Delhi,21,12000,252000,38,10,0,0,6,0,0.0,1.0
2025-03-13,Printer,Bangalore,45,12000,540000,97,10,0,0,2,0,0.0,1.0
2025-03-13,Printer,Chennai,35,12000,420000,114,10,0,0,5,0,0.0,1.0
2025-03-13,Printer,Pune,28,12000,336000,24,10,0,0,6,0,0.0,1.0
2025-03-13,Printer,Kolkata,15,12000,180000,81,10,0,0,4,0,0.0,1.0
2025-03-13,Printer,Ahmedabad,36,12000,432000,114,10,1,0,6,0,0.0,1.0
2025-03-13,Speaker,Hyderabad,74,4000,296000,25,25,0,0,3,0,0.0,1.0
2025-03-13,Speaker,Mumbai,69,4000,276000,55,25,0,0,2,0,0.0,1.0
2025-03-13,Speaker,Delhi,58,4000,232000,68,25,0,0,4,0,0.0,1.0
2025-03-13,Speaker,Bangalore,63,4000,252000,55,25,1,0,2,0,0.0,1.0
2025-03-13,Speaker,Chennai,60,4000,240000,87,25,1,0,4,0,0.0,1.0
2025-03-13,Speaker,Pune,58,4000,232000,165,25,1,0,4,0,0.0,1.0
2025-03-13,Speaker,Kolkata,63,4000,252000,61,25,1,0,6,0,0.0,1.0
2025-03-13,Speaker,Ahmedabad,74,4000,296000,65,25,0,0,6,0,0.0,1.0
2025-03-14,Laptop,Hyderabad,58,55000,3190000,33,20,0,0,5,0,0.0,1.0
2025-03-14,Laptop,Mumbai,48,55000,2640000,97,20,0,0,6,0,0.0,1.0
2025-03-14,Laptop,Delhi,54,55000,2970000,123,20,1,0,4,0,0.0,1.0
2025-03-14,Laptop,Bangalore,53,55000,2915000,53,20,0,0,3,0,0.0,1.0
2025-03-14,Laptop,Chennai,50,55000,2750000,44,20,0,0,7,0,0.0,1.0
2025-03-14,Laptop,Pune,64,55000,3520000,92,20,1,0,3,0,0.0,1.0
2025-03-14,Laptop,Kolkata,59,55000,3245000,71,20,1,0,3,0,0.0,1.0
2025-03-14,Laptop,Ahmedabad,58,55000,3190000,45,20,0,0,7,0,0.0,1.0
2025-03-14,Mobile,Hyderabad,90,20000,1800000,48,30,1,0,5,0,0.0,1.0
2025-03-14,Mobile,Mumbai,79,20000,1580000,76,30,0,0,3,0,0.0,1.0
2025-03-14,Mobile,Delhi,80,20000,1600000,117,30,1,0,6,0,0.0,1.0
2025-03-14,Mobile,Bangalore,77,20000,1540000,111,30,1,0,7,0,0.0,1.0
2025-03-14,Mobile,Chennai,80,20000,1600000,170,30,1,0,4,0,0.0,1.0
2025-03-14,Mobile,Pune,61,20000,1220000,52,30,0,0,6,0,0.0,1.0
2025-03-14,Mobile,Kolkata,79,20000,1580000,65,30,1,0,4,0,0.0,1.0
2025-03-14,Mobile,Ahmedabad,69,20000,1380000,62,30,1,0,3,0,0.0,1.0
2025-03-14,Tablet,Hyderabad,51,30000,1530000,30,25,0,0,5,0,0.0,1.0
2025-03-14,Tablet,Mumbai,35,30000,1050000,61,25,1,0,6,0,0.0,1.0
2025-03-14,Tablet,Delhi,61,30000,1830000,124,25,1,0,6,0,0.0,1.0
2025-03-14,Tablet,Bangalore,59,30000,1770000,55,25,0,0,7,0,0.0,1.0
2025-03-14,Tablet,Chennai,49,30000,1470000,94,25,1,0,3,0,0.0,1.0
2025-03-14,Tablet,Pune,42,30000,1260000,36,25,0,0,6,0,0.0,1.0
2025-03-14,Tablet,Kolkata,45,30000,1350000,80,25,0,0,3,0,0.0,1.0
2025-03-14,Tablet,Ahmedabad,51,30000,1530000,68,25,0,0,3,0,0.0,1.0
2025-03-14,Headphones,Hyderabad,51,3000,153000,104,40,1,0,5,0,0.0,1.0
2025-03-14,Headphones,Mumbai,58,3000,174000,157,40,1,0,4,0,0.0,1.0
2025-03-14,Headphones,Delhi,68,3000,204000,46,40,0,0,5,0,0.0,1.0
2025-03-14,Headphones,Bangalore,64,3000,192000,121,40,1,0,5,0,0.0,1.0
2025-03-14,Headphones,Chennai,68,3000,204000,90,40,1,0,7,0,0.0,1.0
2025-03-14,Headphones,Pune,68,3000,204000,163,40,1,0,3,0,0.0,1.0
2025-03-14,Headphones,Kolkata,62,3000,186000,116,40,0,0,2,0,0.0,1.0
2025-03-14,Headphones,Ahmedabad,55,3000,165000,90,40,0,0,2,0,0.0,1.0
2025-03-14,Smartwatch,Hyderabad,40,8000,320000,109,20,0,0,2,0,0.0,1.0
2025-03-14,Smartwatch,Mumbai,50,8000,400000,54,20,0,0,7,0,0.0,1.0
2025-03-14,Smartwatch,Delhi,37,8000,296000,46,20,0,0,6,0,0.0,1.0
2025-03-14,Smartwatch,Bangalore,35,8000,280000,71,20,1,0,3,0,0.0,1.0
2025-03-14,Smartwatch,Chennai,33,8000,264000,23,20,0,0,5,0,0.0,1.0
2025-03-14,Smartwatch,Pune,37,8000,296000,47,20,1,0,4,0,0.0,1.0
2025-03-14,Smartwatch,Kolkata,47,8000,376000,41,20,0,0,6,0,0.0,1.0
2025-03-14,Smartwatch,Ahmedabad,41,8000,328000,122,20,1,0,6,0,0.0,1.0
2025-03-14,Keyboard,Hyderabad,76,1500,114000,81,35,1,0,7,0,0.0,1.0
2025-03-14,Keyboard,Mumbai,74,1500,111000,112,35,1,0,6,0,0.0,1.0
2025-03-14,Keyboard,Delhi,69,1500,103500,137,35,1,0,6,0,0.0,1.0
2025-03-14,Keyboard,Bangalore,81,1500,121500,76,35,1,0,6,0,0.0,1.0
2025-03-14,Keyboard,Chennai,65,1500,97500,68,35,1,0,5,0,0.0,1.0
2025-03-14,Keyboard,Pune,68,1500,102000,94,35,0,0,7,0,0.0,1.0
2025-03-14,Keyboard,Kolkata,65,1500,97500,149,35,1,0,4,0,0.0,1.0
2025-03-14,Keyboard,Ahmedabad,75,1500,112500,97,35,1,0,7,0,0.0,1.0
2025-03-14,Monitor,Hyderabad,41,18000,738000,68,15,0,0,2,0,0.0,1.0
2025-03-14,Monitor,Mumbai,43,18000,774000,86,15,1,0,2,0,0.0,1.0
2025-03-14,Monitor,Delhi,41,18000,738000,115,15,1,0,3,0,0.0,1.0
2025-03-14,Monitor,Bangalore,33,18000,594000,143,15,1,0,2,0,0.0,1.0
2025-03-14,Monitor,Chennai,42,18000,756000,72,15,0,0,3,0,0.0,1.0
2025-03-14,Monitor,Pune,44,18000,792000,21,15,0,0,4,0,0.0,1.0
2025-03-14,Monitor,Kolkata,53,18000,954000,129,15,1,0,5,0,0.0,1.0
2025-03-14,Monitor,Ahmedabad,59,18000,1062000,28,15,0,0,3,0,0.0,1.0
2025-03-14,Mouse,Hyderabad,82,800,65600,135,50,1,0,2,0,0.0,1.0
2025-03-14,Mouse,Mumbai,81,800,64800,25,50,1,1,7,0,0.0,1.0
2025-03-14,Mouse,Delhi,99,800,79200,94,50,1,0,3,0,0.0,1.0
2025-03-14,Mouse,Bangalore,90,800,72000,67,50,1,0,3,0,0.0,1.0
2025-03-14,Mouse,Chennai,87,800,69600,53,50,1,0,2,0,0.0,1.0
2025-03-14,Mouse,Pune,98,800,78400,161,50,1,0,5,0,0.0,1.0
2025-03-14,Mouse,Kolkata,88,800,70400,90,50,1,0,2,0,0.0,1.0
2025-03-14,Mouse,Ahmedabad,91,800,72800,101,50,1,0,2,0,0.0,1.0
2025-03-14,Printer,Hyderabad,38,12000,456000,40,10,0,0,6,0,0.0,1.0
2025-03-14,Printer,Mumbai,37,12000,444000,61,10,0,0,2,0,0.0,1.0
2025-03-14,Printer,Delhi,23,12000,276000,15,10,0,0,6,0,0.0,1.0
2025-03-14,Printer,Bangalore,34,12000,408000,63,10,0,0,6,0,0.0,1.0
2025-03-14,Printer,Chennai,29,12000,348000,85,10,0,0,7,0,0.0,1.0
2025-03-14,Printer,Pune,16,12000,192000,142,10,1,0,3,0,0.0,1.0
2025-03-14,Printer,Kolkata,37,12000,444000,44,10,0,0,3,0,0.0,1.0
2025-03-14,Printer,Ahmedabad,15,12000,180000,99,10,0,0,7,0,0.0,1.0
2025-03-14,Speaker,Hyderabad,60,4000,240000,29,25,1,0,3,0,0.0,1.0
2025-03-14,Speaker,Mumbai,48,4000,192000,98,25,1,0,2,0,0.0,1.0
2025-03-14,Speaker,Delhi,52,4000,208000,109,25,1,0,6,0,0.0,1.0
2025-03-14,Speaker,Bangalore,63,4000,252000,51,25,1,0,3,0,0.0,1.0
2025-03-14,Speaker,Chennai,67,4000,268000,138,25,1,0,7,0,0.0,1.0
2025-03-14,Speaker,Pune,55,4000,220000,110,25,0,0,3,0,0.0,1.0
2025-03-14,Speaker,Kolkata,64,4000,256000,92,25,1,0,3,0,0.0,1.0
2025-03-14,Speaker,Ahmedabad,57,4000,228000,122,25,1,0,6,0,0.0,1.0
2025-03-15,Laptop,Hyderabad,81,55000,4455000,74,20,1,0,2,1,9.8,1.0
2025-03-15,Laptop,Mumbai,66,55000,3630000,31,20,0,0,2,1,9.8,1.0
2025-03-15,Laptop,Delhi,55,55000,3025000,68,20,0,0,5,1,9.8,1.0
2025-03-15,Laptop,Bangalore,62,55000,3410000,104,20,1,0,3,1,9.8,1.0
2025-03-15,Laptop,Chennai,77,55000,4235000,33,20,1,0,2,1,9.8,1.0
2025-03-15,Laptop,Pune,70,55000,3850000,22,20,0,0,4,1,9.8,1.0
2025-03-15,Laptop,Kolkata,70,55000,3850000,70,20,1,0,3,1,9.8,1.0
2025-03-15,Laptop,Ahmedabad,56,55000,3080000,94,20,1,0,2,1,9.8,1.0
2025-03-15,Mobile,Hyderabad,89,20000,1780000,55,30,1,0,3,1,9.8,1.0
2025-03-15,Mobile,Mumbai,74,20000,1480000,84,30,1,0,2,1,9.8,1.0
2025-03-15,Mobile,Delhi,91,20000,1820000,91,30,1,0,5,1,9.8,1.0
2025-03-15,Mobile,Bangalore,95,20000,1900000,84,30,1,0,2,1,9.8,1.0
2025-03-15,Mobile,Chennai,92,20000,1840000,78,30,0,0,7,1,9.8,1.0
2025-03-15,Mobile,Pune,99,20000,1980000,13,30,1,1,6,1,9.8,1.0
2025-03-15,Mobile,Kolkata,98,20000,1960000,87,30,1,0,3,1,9.8,1.0
2025-03-15,Mobile,Ahmedabad,104,20000,2080000,104,30,1,0,5,1,9.8,1.0
2025-03-15,Tablet,Hyderabad,60,30000,1800000,21,25,1,1,4,1,9.8,1.0
2025-03-15,Tablet,Mumbai,64,30000,1920000,90,25,1,0,6,1,9.8,1.0
2025-03-15,Tablet,Delhi,55,30000,1650000,69,25,0,0,4,1,9.8,1.0
2025-03-15,Tablet,Bangalore,61,30000,1830000,111,25,1,0,6,1,9.8,1.0
2025-03-15,Tablet,Chennai,53,30000,1590000,41,25,0,0,5,1,9.8,1.0
2025-03-15,Tablet,Pune,52,30000,1560000,60,25,1,0,4,1,9.8,1.0
2025-03-15,Tablet,Kolkata,57,30000,1710000,143,25,1,0,7,1,9.8,1.0
2025-03-15,Tablet,Ahmedabad,56,30000,1680000,100,25,1,0,7,1,9.8,1.0
2025-03-15,Headphones,Hyderabad,63,3000,189000,41,40,0,0,6,1,9.8,1.0
2025-03-15,Headphones,Mumbai,75,3000,225000,82,40,0,0,4,1,9.8,1.0
2025-03-15,Headphones,Delhi,82,3000,246000,96,40,1,0,7,1,9.8,1.0
2025-03-15,Headphones,Bangalore,79,3000,237000,42,40,0,0,5,1,9.8,1.0
2025-03-15,Headphones,Chennai,70,3000,210000,136,40,1,0,4,1,9.8,1.0
2025-03-15,Headphones,Pune,86,3000,258000,77,40,0,0,5,1,9.8,1.0
2025-03-15,Headphones,Kolkata,84,3000,252000,181,40,1,0,4,1,9.8,1.0
2025-03-15,Headphones,Ahmedabad,81,3000,243000,100,40,1,0,7,1,9.8,1.0
2025-03-15,Smartwatch,Hyderabad,46,8000,368000,63,20,0,0,7,1,9.8,1.0
2025-03-15,Smartwatch,Mumbai,49,8000,392000,121,20,1,0,2,1,9.8,1.0
2025-03-15,Smartwatch,Delhi,47,8000,376000,139,20,1,0,3,1,9.8,1.0
2025-03-15,Smartwatch,Bangalore,41,8000,328000,30,20,0,0,7,1,9.8,1.0
2025-03-15,Smartwatch,Chennai,49,8000,392000,83,20,1,0,4,1,9.8,1.0
2025-03-15,Smartwatch,Pune,48,8000,384000,77,20,1,0,3,1,9.8,1.0
2025-03-15,Smartwatch,Kolkata,56,8000,448000,78,20,1,0,5,1,9.8,1.0
2025-03-15,Smartwatch,Ahmedabad,35,8000,280000,87,20,0,0,2,1,9.8,1.0
2025-03-15,Keyboard,Hyderabad,93,1500,139500,122,35,1,0,7,1,9.8,1.0
2025-03-15,Keyboard,Mumbai,86,1500,129000,128,35,1,0,7,1,9.8,1.0
2025-03-15,Keyboard,Delhi,91,1500,136500,46,35,0,0,4,1,9.8,1.0
2025-03-15,Keyboard,Bangalore,77,1500,115500,110,35,1,0,7,1,9.8,1.0
2025-03-15,Keyboard,Chennai,76,1500,114000,118,35,1,0,5,1,9.8,1.0
2025-03-15,Keyboard,Pune,85,1500,127500,144,35,1,0,3,1,9.8,1.0
2025-03-15,Keyboard,Kolkata,90,1500,135000,59,35,0,0,7,1,9.8,1.0
2025-03-15,Keyboard,Ahmedabad,69,1500,103500,169,35,1,0,4,1,9.8,1.0
2025-03-15,Monitor,Hyderabad,58,18000,1044000,82,15,1,0,4,1,9.8,1.0
2025-03-15,Monitor,Mumbai,50,18000,900000,36,15,0,0,6,1,9.8,1.0
2025-03-15,Monitor,Delhi,54,18000,972000,61,15,0,0,2,1,9.8,1.0
2025-03-15,Monitor,Bangalore,61,18000,1098000,82,15,0,0,7,1,9.8,1.0
2025-03-15,Monitor,Chennai,70,18000,1260000,109,15,1,0,2,1,9.8,1.0
2025-03-15,Monitor,Pune,56,18000,1008000,113,15,1,0,5,1,9.8,1.0
2025-03-15,Monitor,Kolkata,31,18000,558000,98,15,0,0,4,1,9.8,1.0
2025-03-15,Monitor,Ahmedabad,45,18000,810000,100,15,1,0,6,1,9.8,1.0
2025-03-15,Mouse,Hyderabad,109,800,87200,135,50,1,0,6,1,9.8,1.0
2025-03-15,Mouse,Mumbai,103,800,82400,35,50,1,1,7,1,9.8,1.0
2025-03-15,Mouse,Delhi,110,800,88000,119,50,1,0,4,1,9.8,1.0
2025-03-15,Mouse,Bangalore,110,800,88000,80,50,1,0,2,1,9.8,1.0
2025-03-15,Mouse,Chennai,109,800,87200,57,50,1,0,7,1,9.8,1.0
2025-03-15,Mouse,Pune,106,800,84800,55,50,0,0,5,1,9.8,1.0
2025-03-15,Mouse,Kolkata,110,800,88000,77,50,1,0,3,1,9.8,1.0
2025-03-15,Mouse,Ahmedabad,109,800,87200,111,50,1,0,4,1,9.8,1.0
2025-03-15,Printer,Hyderabad,31,12000,372000,73,10,1,0,3,1,9.8,1.0
2025-03-15,Printer,Mumbai,46,12000,552000,15,10,0,0,6,1,9.8,1.0
2025-03-15,Printer,Delhi,29,12000,348000,82,10,1,0,6,1,9.8,1.0
2025-03-15,Printer,Bangalore,35,12000,420000,28,10,0,0,2,1,9.8,1.0
2025-03-15,Printer,Chennai,35,12000,420000,50,10,0,0,5,1,9.8,1.0
2025-03-15,Printer,Pune,35,12000,420000,107,10,0,0,2,1,9.8,1.0
2025-03-15,Printer,Kolkata,33,12000,396000,11,10,0,0,7,1,9.8,1.0
2025-03-15,Printer,Ahmedabad,28,12000,336000,71,10,0,0,5,1,9.8,1.0
2025-03-15,Speaker,Hyderabad,77,4000,308000,70,25,1,0,4,1,9.8,1.0
2025-03-15,Speaker,Mumbai,75,4000,300000,172,25,1,0,4,1,9.8,1.0
2025-03-15,Speaker,Delhi,77,4000,308000,32,25,0,0,4,1,9.8,1.0
2025-03-15,Speaker,Bangalore,61,4000,244000,85,25,1,0,7,1,9.8,1.0
2025-03-15,Speaker,Chennai,63,4000,252000,75,25,0,0,5,1,9.8,1.0
2025-03-15,Speaker,Pune,68,4000,272000,42,25,0,0,6,1,9.8,1.0
2025-03-15,Speaker,Kolkata,61,4000,244000,31,25,0,0,6,1,9.8,1.0
2025-03-15,Speaker,Ahmedabad,59,4000,236000,63,25,0,0,7,1,9.8,1.0
2025-03-16,Laptop,Hyderabad,42,55000,2310000,32,20,0,0,6,0,0.0,1.0
2025-03-16,Laptop,Mumbai,54,55000,2970000,31,20,1,0,3,0,0.0,1.0
2025-03-16,Laptop,Delhi,43,55000,2365000,25,20,0,0,4,0,0.0,1.0
2025-03-16,Laptop,Bangalore,69,55000,3795000,35,20,0,0,2,0,0.0,1.0
2025-03-16,Laptop,Chennai,70,55000,3850000,63,20,1,0,4,0,0.0,1.0
2025-03-16,Laptop,Pune,56,55000,3080000,60,20,1,0,4,0,0.0,1.0
2025-03-16,Laptop,Kolkata,56,55000,3080000,86,20,1,0,7,0,0.0,1.0
2025-03-16,Laptop,Ahmedabad,61,55000,3355000,33,20,0,0,6,0,0.0,1.0
2025-03-16,Mobile,Hyderabad,79,20000,1580000,45,30,1,0,2,0,0.0,1.0
2025-03-16,Mobile,Mumbai,95,20000,1900000,51,30,1,0,4,0,0.0,1.0
2025-03-16,Mobile,Delhi,77,20000,1540000,114,30,1,0,2,0,0.0,1.0
2025-03-16,Mobile,Bangalore,77,20000,1540000,65,30,1,0,5,0,0.0,1.0
2025-03-16,Mobile,Chennai,73,20000,1460000,152,30,1,0,5,0,0.0,1.0
2025-03-16,Mobile,Pune,77,20000,1540000,66,30,1,0,5,0,0.0,1.0
2025-03-16,Mobile,Kolkata,88,20000,1760000,145,30,1,0,7,0,0.0,1.0
2025-03-16,Mobile,Ahmedabad,76,20000,1520000,119,30,1,0,6,0,0.0,1.0
2025-03-16,Tablet,Hyderabad,52,30000,1560000,104,25,1,0,3,0,0.0,1.0
2025-03-16,Tablet,Mumbai,46,30000,1380000,44,25,0,0,2,0,0.0,1.0
2025-03-16,Tablet,Delhi,40,30000,1200000,29,25,0,0,4,0,0.0,1.0
2025-03-16,Tablet,Bangalore,46,30000,1380000,65,25,0,0,4,0,0.0,1.0
2025-03-16,Tablet,Chennai,51,30000,1530000,119,25,1,0,5,0,0.0,1.0
2025-03-16,Tablet,Pune,31,30000,930000,29,25,0,0,3,0,0.0,1.0
2025-03-16,Tablet,Kolkata,52,30000,1560000,91,25,0,0,6,0,0.0,1.0
2025-03-16,Tablet,Ahmedabad,55,30000,1650000,45,25,0,0,4,0,0.0,1.0
2025-03-16,Headphones,Hyderabad,74,3000,222000,112,40,1,0,3,0,0.0,1.0
2025-03-16,Headphones,Mumbai,62,3000,186000,166,40,1,0,7,0,0.0,1.0
2025-03-16,Headphones,Delhi,61,3000,183000,119,40,1,0,4,0,0.0,1.0
2025-03-16,Headphones,Bangalore,70,3000,210000,115,40,1,0,3,0,0.0,1.0
2025-03-16,Headphones,Chennai,70,3000,210000,66,40,0,0,6,0,0.0,1.0
2025-03-16,Headphones,Pune,60,3000,180000,139,40,1,0,7,0,0.0,1.0
2025-03-16,Headphones,Kolkata,57,3000,171000,124,40,0,0,2,0,0.0,1.0
2025-03-16,Headphones,Ahmedabad,72,3000,216000,98,40,1,0,4,0,0.0,1.0
2025-03-16,Smartwatch,Hyderabad,38,8000,304000,25,20,0,0,2,0,0.0,1.0
2025-03-16,Smartwatch,Mumbai,38,8000,304000,83,20,0,0,4,0,0.0,1.0
2025-03-16,Smartwatch,Delhi,49,8000,392000,90,20,0,0,7,0,0.0,1.0
2025-03-16,Smartwatch,Bangalore,41,8000,328000,98,20,1,0,2,0,0.0,1.0
2025-03-16,Smartwatch,Chennai,54,8000,432000,29,20,0,0,2,0,0.0,1.0
2025-03-16,Smartwatch,Pune,42,8000,336000,35,20,0,0,7,0,0.0,1.0
2025-03-16,Smartwatch,Kolkata,37,8000,296000,41,20,0,0,2,0,0.0,1.0
2025-03-16,Smartwatch,Ahmedabad,30,8000,240000,57,20,0,0,3,0,0.0,1.0
2025-03-16,Keyboard,Hyderabad,68,1500,102000,54,35,0,0,2,0,0.0,1.0
2025-03-16,Keyboard,Mumbai,80,1500,120000,48,35,0,0,4,0,0.0,1.0
2025-03-16,Keyboard,Delhi,88,1500,132000,71,35,1,0,7,0,0.0,1.0
2025-03-16,Keyboard,Bangalore,61,1500,91500,49,35,0,0,3,0,0.0,1.0
2025-03-16,Keyboard,Chennai,78,1500,117000,40,35,0,0,4,0,0.0,1.0
2025-03-16,Keyboard,Pune,64,1500,96000,80,35,0,0,4,0,0.0,1.0
2025-03-16,Keyboard,Kolkata,72,1500,108000,96,35,1,0,6,0,0.0,1.0
2025-03-16,Keyboard,Ahmedabad,49,1500,73500,120,35,0,0,3,0,0.0,1.0
2025-03-16,Monitor,Hyderabad,46,18000,828000,36,15,0,0,7,0,0.0,1.0
2025-03-16,Monitor,Mumbai,39,18000,702000,75,15,1,0,7,0,0.0,1.0
2025-03-16,Monitor,Delhi,37,18000,666000,24,15,0,0,2,0,0.0,1.0
2025-03-16,Monitor,Bangalore,50,18000,900000,32,15,0,0,4,0,0.0,1.0
2025-03-16,Monitor,Chennai,58,18000,1044000,51,15,0,0,5,0,0.0,1.0
2025-03-16,Monitor,Pune,38,18000,684000,75,15,0,0,5,0,0.0,1.0
2025-03-16,Monitor,Kolkata,48,18000,864000,50,15,0,0,7,0,0.0,1.0
2025-03-16,Monitor,Ahmedabad,41,18000,738000,59,15,0,0,7,0,0.0,1.0
2025-03-16,Mouse,Hyderabad,87,800,69600,139,50,1,0,5,0,0.0,1.0
2025-03-16,Mouse,Mumbai,86,800,68800,11,50,1,1,2,0,0.0,1.0
2025-03-16,Mouse,Delhi,86,800,68800,109,50,1,0,5,0,0.0,1.0
2025-03-16,Mouse,Bangalore,97,800,77600,108,50,1,0,2,0,0.0,1.0
2025-03-16,Mouse,Chennai,87,800,69600,48,50,1,1,5,0,0.0,1.0
2025-03-16,Mouse,Pune,93,800,74400,37,50,1,1,3,0,0.0,1.0
2025-03-16,Mouse,Kolkata,97,800,77600,101,50,1,0,3,0,0.0,1.0
2025-03-16,Mouse,Ahmedabad,90,800,72000,160,50,1,0,5,0,0.0,1.0
2025-03-16,Printer,Hyderabad,14,12000,168000,59,10,0,0,4,0,0.0,1.0
2025-03-16,Printer,Mumbai,37,12000,444000,54,10,1,0,7,0,0.0,1.0
2025-03-16,Printer,Delhi,42,12000,504000,40,10,0,0,6,0,0.0,1.0
2025-03-16,Printer,Bangalore,34,12000,408000,135,10,1,0,4,0,0.0,1.0
2025-03-16,Printer,Chennai,24,12000,288000,26,10,0,0,7,0,0.0,1.0
2025-03-16,Printer,Pune,15,12000,180000,92,10,0,0,2,0,0.0,1.0
2025-03-16,Printer,Kolkata,39,12000,468000,89,10,1,0,3,0,0.0,1.0
2025-03-16,Printer,Ahmedabad,29,12000,348000,42,10,0,0,6,0,0.0,1.0
2025-03-16,Speaker,Hyderabad,50,4000,200000,164,25,1,0,5,0,0.0,1.0
2025-03-16,Speaker,Mumbai,61,4000,244000,111,25,0,0,7,0,0.0,1.0
2025-03-16,Speaker,Delhi,61,4000,244000,98,25,1,0,3,0,0.0,1.0
2025-03-16,Speaker,Bangalore,62,4000,248000,141,25,1,0,7,0,0.0,1.0
2025-03-16,Speaker,Chennai,66,4000,264000,67,25,1,0,7,0,0.0,1.0
2025-03-16,Speaker,Pune,58,4000,232000,41,25,1,0,7,0,0.0,1.0
2025-03-16,Speaker,Kolkata,58,4000,232000,26,25,1,0,5,0,0.0,1.0
2025-03-16,Speaker,Ahmedabad,68,4000,272000,121,25,1,0,6,0,0.0,1.0
2025-03-17,Laptop,Hyderabad,55,55000,3025000,102,20,1,0,4,0,0.0,1.0
2025-03-17,Laptop,Mumbai,43,55000,2365000,51,20,1,0,5,0,0.0,1.0
2025-03-17,Laptop,Delhi,55,55000,3025000,109,20,1,0,6,0,0.0,1.0
2025-03-17,Laptop,Bangalore,42,55000,2310000,60,20,1,0,6,0,0.0,1.0
2025-03-17,Laptop,Chennai,48,55000,2640000,79,20,1,0,6,0,0.0,1.0
2025-03-17,Laptop,Pune,59,55000,3245000,89,20,1,0,3,0,0.0,1.0
2025-03-17,Laptop,Kolkata,63,55000,3465000,23,20,0,0,7,0,0.0,1.0
2025-03-17,Laptop,Ahmedabad,62,55000,3410000,117,20,1,0,6,0,0.0,1.0
2025-03-17,Mobile,Hyderabad,75,20000,1500000,59,30,1,0,5,0,0.0,1.0
2025-03-17,Mobile,Mumbai,79,20000,1580000,82,30,1,0,6,0,0.0,1.0
2025-03-17,Mobile,Delhi,87,20000,1740000,135,30,1,0,6,0,0.0,1.0
2025-03-17,Mobile,Bangalore,76,20000,1520000,53,30,1,0,4,0,0.0,1.0
2025-03-17,Mobile,Chennai,70,20000,1400000,82,30,0,0,3,0,0.0,1.0
2025-03-17,Mobile,Pune,88,20000,1760000,30,30,1,0,2,0,0.0,1.0
2025-03-17,Mobile,Kolkata,74,20000,1480000,71,30,0,0,6,0,0.0,1.0
2025-03-17,Mobile,Ahmedabad,70,20000,1400000,49,30,0,0,3,0,0.0,1.0
2025-03-17,Tablet,Hyderabad,58,30000,1740000,46,25,0,0,2,0,0.0,1.0
2025-03-17,Tablet,Mumbai,51,30000,1530000,68,25,1,0,6,0,0.0,1.0
2025-03-17,Tablet,Delhi,56,30000,1680000,115,25,1,0,3,0,0.0,1.0
2025-03-17,Tablet,Bangalore,42,30000,1260000,97,25,1,0,2,0,0.0,1.0
2025-03-17,Tablet,Chennai,45,30000,1350000,74,25,0,0,7,0,0.0,1.0
2025-03-17,Tablet,Pune,39,30000,1170000,113,25,1,0,4,0,0.0,1.0
2025-03-17,Tablet,Kolkata,53,30000,1590000,38,25,0,0,5,0,0.0,1.0
2025-03-17,Tablet,Ahmedabad,43,30000,1290000,130,25,1,0,5,0,0.0,1.0
2025-03-17,Headphones,Hyderabad,75,3000,225000,116,40,1,0,5,0,0.0,1.0
2025-03-17,Headphones,Mumbai,43,3000,129000,123,40,0,0,5,0,0.0,1.0
2025-03-17,Headphones,Delhi,79,3000,237000,40,40,0,0,7,0,0.0,1.0
2025-03-17,Headphones,Bangalore,63,3000,189000,52,40,0,0,6,0,0.0,1.0
2025-03-17,Headphones,Chennai,57,3000,171000,78,40,1,0,2,0,0.0,1.0
2025-03-17,Headphones,Pune,76,3000,228000,63,40,0,0,3,0,0.0,1.0
2025-03-17,Headphones,Kolkata,68,3000,204000,56,40,0,0,3,0,0.0,1.0
2025-03-17,Headphones,Ahmedabad,67,3000,201000,97,40,1,0,4,0,0.0,1.0
2025-03-17,Smartwatch,Hyderabad,24,8000,192000,84,20,1,0,3,0,0.0,1.0
2025-03-17,Smartwatch,Mumbai,31,8000,248000,52,20,0,0,4,0,0.0,1.0
2025-03-17,Smartwatch,Delhi,47,8000,376000,43,20,0,0,3,0,0.0,1.0
2025-03-17,Smartwatch,Bangalore,58,8000,464000,40,20,0,0,3,0,0.0,1.0
2025-03-17,Smartwatch,Chennai,47,8000,376000,32,20,1,0,5,0,0.0,1.0
2025-03-17,Smartwatch,Pune,45,8000,360000,95,20,1,0,2,0,0.0,1.0
2025-03-17,Smartwatch,Kolkata,43,8000,344000,95,20,1,0,5,0,0.0,1.0
2025-03-17,Smartwatch,Ahmedabad,39,8000,312000,153,20,1,0,3,0,0.0,1.0
2025-03-17,Keyboard,Hyderabad,59,1500,88500,100,35,1,0,2,0,0.0,1.0
2025-03-17,Keyboard,Mumbai,56,1500,84000,137,35,1,0,7,0,0.0,1.0
2025-03-17,Keyboard,Delhi,74,1500,111000,57,35,1,0,5,0,0.0,1.0
2025-03-17,Keyboard,Bangalore,62,1500,93000,97,35,1,0,6,0,0.0,1.0
2025-03-17,Keyboard,Chennai,72,1500,108000,86,35,1,0,4,0,0.0,1.0
2025-03-17,Keyboard,Pune,69,1500,103500,158,35,1,0,7,0,0.0,1.0
2025-03-17,Keyboard,Kolkata,81,1500,121500,103,35,1,0,2,0,0.0,1.0
2025-03-17,Keyboard,Ahmedabad,78,1500,117000,42,35,0,0,3,0,0.0,1.0
2025-03-17,Monitor,Hyderabad,52,18000,936000,81,15,1,0,5,0,0.0,1.0
2025-03-17,Monitor,Mumbai,45,18000,810000,30,15,0,0,5,0,0.0,1.0
2025-03-17,Monitor,Delhi,49,18000,882000,32,15,1,0,6,0,0.0,1.0
2025-03-17,Monitor,Bangalore,43,18000,774000,100,15,1,0,3,0,0.0,1.0
2025-03-17,Monitor,Chennai,49,18000,882000,58,15,1,0,4,0,0.0,1.0
2025-03-17,Monitor,Pune,47,18000,846000,28,15,0,0,4,0,0.0,1.0
2025-03-17,Monitor,Kolkata,41,18000,738000,72,15,1,0,4,0,0.0,1.0
2025-03-17,Monitor,Ahmedabad,46,18000,828000,79,15,1,0,5,0,0.0,1.0
2025-03-17,Mouse,Hyderabad,89,800,71200,50,50,0,0,3,0,0.0,1.0
2025-03-17,Mouse,Mumbai,97,800,77600,6,50,1,1,3,0,0.0,1.0
2025-03-17,Mouse,Delhi,85,800,68000,148,50,1,0,5,0,0.0,1.0
2025-03-17,Mouse,Bangalore,87,800,69600,107,50,1,0,3,0,0.0,1.0
2025-03-17,Mouse,Chennai,80,800,64000,70,50,1,0,2,0,0.0,1.0
2025-03-17,Mouse,Pune,78,800,62400,66,50,1,0,2,0,0.0,1.0
2025-03-17,Mouse,Kolkata,87,800,69600,83,50,1,0,5,0,0.0,1.0
2025-03-17,Mouse,Ahmedabad,107,800,85600,53,50,0,0,4,0,0.0,1.0
2025-03-17,Printer,Hyderabad,23,12000,276000,36,10,0,0,3,0,0.0,1.0
2025-03-17,Printer,Mumbai,21,12000,252000,33,10,0,0,2,0,0.0,1.0
2025-03-17,Printer,Delhi,40,12000,480000,90,10,1,0,6,0,0.0,1.0
2025-03-17,Printer,Bangalore,31,12000,372000,104,10,0,0,6,0,0.0,1.0
2025-03-17,Printer,Chennai,35,12000,420000,67,10,1,0,3,0,0.0,1.0
2025-03-17,Printer,Pune,39,12000,468000,53,10,0,0,2,0,0.0,1.0
2025-03-17,Printer,Kolkata,37,12000,444000,52,10,0,0,4,0,0.0,1.0
2025-03-17,Printer,Ahmedabad,29,12000,348000,13,10,0,0,6,0,0.0,1.0
2025-03-17,Speaker,Hyderabad,61,4000,244000,103,25,0,0,6,0,0.0,1.0
2025-03-17,Speaker,Mumbai,56,4000,224000,55,25,0,0,6,0,0.0,1.0
2025-03-17,Speaker,Delhi,60,4000,240000,38,25,0,0,5,0,0.0,1.0
2025-03-17,Speaker,Bangalore,56,4000,224000,85,25,0,0,3,0,0.0,1.0
2025-03-17,Speaker,Chennai,72,4000,288000,46,25,1,0,3,0,0.0,1.0
2025-03-17,Speaker,Pune,65,4000,260000,115,25,1,0,2,0,0.0,1.0
2025-03-17,Speaker,Kolkata,56,4000,224000,104,25,1,0,7,0,0.0,1.0
2025-03-17,Speaker,Ahmedabad,63,4000,252000,58,25,0,0,6,0,0.0,1.0
2025-03-18,Laptop,Hyderabad,53,55000,2915000,49,20,0,0,5,0,0.0,1.0
2025-03-18,Laptop,Mumbai,70,55000,3850000,79,20,1,0,6,0,0.0,1.0
2025-03-18,Laptop,Delhi,64,55000,3520000,45,20,0,0,4,0,0.0,1.0
2025-03-18,Laptop,Bangalore,67,55000,3685000,48,20,1,0,6,0,0.0,1.0
2025-03-18,Laptop,Chennai,58,55000,3190000,21,20,0,0,5,0,0.0,1.0
2025-03-18,Laptop,Pune,63,55000,3465000,26,20,0,0,2,0,0.0,1.0
2025-03-18,Laptop,Kolkata,63,55000,3465000,33,20,1,0,5,0,0.0,1.0
2025-03-18,Laptop,Ahmedabad,65,55000,3575000,52,20,0,0,5,0,0.0,1.0
2025-03-18,Mobile,Hyderabad,83,20000,1660000,90,30,1,0,2,0,0.0,1.0
2025-03-18,Mobile,Mumbai,83,20000,1660000,58,30,1,0,4,0,0.0,1.0
2025-03-18,Mobile,Delhi,80,20000,1600000,55,30,0,0,6,0,0.0,1.0
2025-03-18,Mobile,Bangalore,78,20000,1560000,120,30,1,0,6,0,0.0,1.0
2025-03-18,Mobile,Chennai,82,20000,1640000,106,30,1,0,3,0,0.0,1.0
2025-03-18,Mobile,Pune,69,20000,1380000,65,30,1,0,5,0,0.0,1.0
2025-03-18,Mobile,Kolkata,75,20000,1500000,47,30,1,0,5,0,0.0,1.0
2025-03-18,Mobile,Ahmedabad,79,20000,1580000,106,30,1,0,5,0,0.0,1.0
2025-03-18,Tablet,Hyderabad,48,30000,1440000,106,25,1,0,3,0,0.0,1.0
2025-03-18,Tablet,Mumbai,41,30000,1230000,27,25,0,0,5,0,0.0,1.0
2025-03-18,Tablet,Delhi,36,30000,1080000,79,25,0,0,5,0,0.0,1.0
2025-03-18,Tablet,Bangalore,46,30000,1380000,51,25,0,0,4,0,0.0,1.0
2025-03-18,Tablet,Chennai,46,30000,1380000,28,25,0,0,6,0,0.0,1.0
2025-03-18,Tablet,Pune,61,30000,1830000,52,25,0,0,6,0,0.0,1.0
2025-03-18,Tablet,Kolkata,28,30000,840000,139,25,1,0,3,0,0.0,1.0
2025-03-18,Tablet,Ahmedabad,38,30000,1140000,92,25,0,0,4,0,0.0,1.0
2025-03-18,Headphones,Hyderabad,52,3000,156000,64,40,0,0,2,0,0.0,1.0
2025-03-18,Headphones,Mumbai,76,3000,228000,47,40,0,0,4,0,0.0,1.0
2025-03-18,Headphones,Delhi,75,3000,225000,111,40,1,0,7,0,0.0,1.0
2025-03-18,Headphones,Bangalore,75,3000,225000,107,40,1,0,6,0,0.0,1.0
2025-03-18,Headphones,Chennai,55,3000,165000,147,40,1,0,7,0,0.0,1.0
2025-03-18,Headphones,Pune,54,3000,162000,156,40,1,0,2,0,0.0,1.0
2025-03-18,Headphones,Kolkata,59,3000,177000,94,40,1,0,4,0,0.0,1.0
2025-03-18,Headphones,Ahmedabad,69,3000,207000,171,40,1,0,4,0,0.0,1.0
2025-03-18,Smartwatch,Hyderabad,31,8000,248000,53,20,0,0,2,0,0.0,1.0
2025-03-18,Smartwatch,Mumbai,37,8000,296000,82,20,1,0,7,0,0.0,1.0
2025-03-18,Smartwatch,Delhi,42,8000,336000,106,20,1,0,7,0,0.0,1.0
2025-03-18,Smartwatch,Bangalore,42,8000,336000,114,20,1,0,6,0,0.0,1.0
2025-03-18,Smartwatch,Chennai,53,8000,424000,49,20,1,0,6,0,0.0,1.0
2025-03-18,Smartwatch,Pune,31,8000,248000,64,20,0,0,7,0,0.0,1.0
2025-03-18,Smartwatch,Kolkata,58,8000,464000,37,20,0,0,2,0,0.0,1.0
2025-03-18,Smartwatch,Ahmedabad,45,8000,360000,108,20,0,0,6,0,0.0,1.0
2025-03-18,Keyboard,Hyderabad,73,1500,109500,88,35,1,0,4,0,0.0,1.0
2025-03-18,Keyboard,Mumbai,63,1500,94500,74,35,0,0,5,0,0.0,1.0
2025-03-18,Keyboard,Delhi,64,1500,96000,103,35,1,0,2,0,0.0,1.0
2025-03-18,Keyboard,Bangalore,60,1500,90000,37,35,0,0,5,0,0.0,1.0
2025-03-18,Keyboard,Chennai,67,1500,100500,153,35,1,0,2,0,0.0,1.0
2025-03-18,Keyboard,Pune,71,1500,106500,87,35,0,0,7,0,0.0,1.0
2025-03-18,Keyboard,Kolkata,77,1500,115500,101,35,1,0,6,0,0.0,1.0
2025-03-18,Keyboard,Ahmedabad,69,1500,103500,122,35,1,0,7,0,0.0,1.0
2025-03-18,Monitor,Hyderabad,42,18000,756000,39,15,0,0,5,0,0.0,1.0
2025-03-18,Monitor,Mumbai,49,18000,882000,38,15,1,0,7,0,0.0,1.0
2025-03-18,Monitor,Delhi,47,18000,846000,90,15,1,0,6,0,0.0,1.0
2025-03-18,Monitor,Bangalore,36,18000,648000,64,15,0,0,5,0,0.0,1.0
2025-03-18,Monitor,Chennai,50,18000,900000,84,15,1,0,6,0,0.0,1.0
2025-03-18,Monitor,Pune,40,18000,720000,47,15,1,0,4,0,0.0,1.0
2025-03-18,Monitor,Kolkata,28,18000,504000,44,15,0,0,5,0,0.0,1.0
2025-03-18,Monitor,Ahmedabad,37,18000,666000,42,15,0,0,6,0,0.0,1.0
2025-03-18,Mouse,Hyderabad,90,800,72000,15,50,1,1,5,0,0.0,1.0
2025-03-18,Mouse,Mumbai,81,800,64800,0,50,1,1,2,0,0.0,1.0
2025-03-18,Mouse,Delhi,97,800,77600,51,50,0,0,7,0,0.0,1.0
2025-03-18,Mouse,Bangalore,96,800,76800,149,50,1,0,2,0,0.0,1.0
2025-03-18,Mouse,Chennai,92,800,73600,63,50,1,0,5,0,0.0,1.0
2025-03-18,Mouse,Pune,90,800,72000,122,50,1,0,4,0,0.0,1.0
2025-03-18,Mouse,Kolkata,92,800,73600,47,50,1,1,4,0,0.0,1.0
2025-03-18,Mouse,Ahmedabad,100,800,80000,22,50,1,1,6,0,0.0,1.0
2025-03-18,Printer,Hyderabad,25,12000,300000,11,10,0,0,3,0,0.0,1.0
2025-03-18,Printer,Mumbai,20,12000,240000,13,10,0,0,6,0,0.0,1.0
2025-03-18,Printer,Delhi,31,12000,372000,59,10,0,0,5,0,0.0,1.0
2025-03-18,Printer,Bangalore,31,12000,372000,73,10,0,0,3,0,0.0,1.0
2025-03-18,Printer,Chennai,12,12000,144000,55,10,0,0,2,0,0.0,1.0
2025-03-18,Printer,Pune,34,12000,408000,19,10,0,0,5,0,0.0,1.0
2025-03-18,Printer,Kolkata,21,12000,252000,31,10,0,0,7,0,0.0,1.0
2025-03-18,Printer,Ahmedabad,32,12000,384000,50,10,1,0,2,0,0.0,1.0
2025-03-18,Speaker,Hyderabad,44,4000,176000,59,25,0,0,4,0,0.0,1.0
2025-03-18,Speaker,Mumbai,56,4000,224000,145,25,1,0,2,0,0.0,1.0
2025-03-18,Speaker,Delhi,67,4000,268000,51,25,1,0,3,0,0.0,1.0
2025-03-18,Speaker,Bangalore,59,4000,236000,26,25,0,0,6,0,0.0,1.0
2025-03-18,Speaker,Chennai,65,4000,260000,129,25,1,0,6,0,0.0,1.0
2025-03-18,Speaker,Pune,57,4000,228000,58,25,0,0,3,0,0.0,1.0
2025-03-18,Speaker,Kolkata,70,4000,280000,34,25,0,0,2,0,0.0,1.0
2025-03-18,Speaker,Ahmedabad,59,4000,236000,94,25,1,0,6,0,0.0,1.0
2025-03-19,Laptop,Hyderabad,59,55000,3245000,42,20,1,0,6,0,0.0,1.0
2025-03-19,Laptop,Mumbai,71,55000,3905000,110,20,1,0,4,0,0.0,1.0
2025-03-19,Laptop,Delhi,58,55000,3190000,90,20,1,0,2,0,0.0,1.0
2025-03-19,Laptop,Bangalore,55,55000,3025000,98,20,1,0,7,0,0.0,1.0
2025-03-19,Laptop,Chennai,54,55000,2970000,52,20,1,0,6,0,0.0,1.0
2025-03-19,Laptop,Pune,68,55000,3740000,49,20,1,0,7,0,0.0,1.0
2025-03-19,Laptop,Kolkata,45,55000,2475000,67,20,1,0,3,0,0.0,1.0
2025-03-19,Laptop,Ahmedabad,47,55000,2585000,91,20,1,0,5,0,0.0,1.0
2025-03-19,Mobile,Hyderabad,77,20000,1540000,67,30,1,0,4,0,0.0,1.0
2025-03-19,Mobile,Mumbai,75,20000,1500000,74,30,1,0,5,0,0.0,1.0
2025-03-19,Mobile,Delhi,98,20000,1960000,87,30,1,0,4,0,0.0,1.0
2025-03-19,Mobile,Bangalore,76,20000,1520000,44,30,0,0,6,0,0.0,1.0
2025-03-19,Mobile,Chennai,72,20000,1440000,34,30,0,0,4,0,0.0,1.0
2025-03-19,Mobile,Pune,86,20000,1720000,33,30,1,0,7,0,0.0,1.0
2025-03-19,Mobile,Kolkata,71,20000,1420000,117,30,1,0,3,0,0.0,1.0
2025-03-19,Mobile,Ahmedabad,85,20000,1700000,157,30,1,0,2,0,0.0,1.0
2025-03-19,Tablet,Hyderabad,52,30000,1560000,54,25,0,0,5,0,0.0,1.0
2025-03-19,Tablet,Mumbai,54,30000,1620000,40,25,1,0,4,0,0.0,1.0
2025-03-19,Tablet,Delhi,53,30000,1590000,26,25,0,0,4,0,0.0,1.0
2025-03-19,Tablet,Bangalore,45,30000,1350000,155,25,1,0,6,0,0.0,1.0
2025-03-19,Tablet,Chennai,39,30000,1170000,138,25,1,0,5,0,0.0,1.0
2025-03-19,Tablet,Pune,48,30000,1440000,67,25,1,0,2,0,0.0,1.0
2025-03-19,Tablet,Kolkata,45,30000,1350000,94,25,0,0,5,0,0.0,1.0
2025-03-19,Tablet,Ahmedabad,37,30000,1110000,55,25,0,0,4,0,0.0,1.0
2025-03-19,Headphones,Hyderabad,68,3000,204000,145,40,1,0,3,0,0.0,1.0
2025-03-19,Headphones,Mumbai,58,3000,174000,79,40,1,0,3,0,0.0,1.0
2025-03-19,Headphones,Delhi,69,3000,207000,42,40,0,0,7,0,0.0,1.0
2025-03-19,Headphones,Bangalore,75,3000,225000,140,40,1,0,3,0,0.0,1.0
2025-03-19,Headphones,Chennai,68,3000,204000,79,40,0,0,5,0,0.0,1.0
2025-03-19,Headphones,Pune,58,3000,174000,98,40,0,0,4,0,0.0,1.0
2025-03-19,Headphones,Kolkata,53,3000,159000,41,40,0,0,7,0,0.0,1.0
2025-03-19,Headphones,Ahmedabad,68,3000,204000,103,40,0,0,3,0,0.0,1.0
2025-03-19,Smartwatch,Hyderabad,39,8000,312000,83,20,1,0,4,0,0.0,1.0
2025-03-19,Smartwatch,Mumbai,34,8000,272000,48,20,0,0,2,0,0.0,1.0
2025-03-19,Smartwatch,Delhi,35,8000,280000,71,20,0,0,4,0,0.0,1.0
2025-03-19,Smartwatch,Bangalore,33,8000,264000,81,20,0,0,3,0,0.0,1.0
2025-03-19,Smartwatch,Chennai,49,8000,392000,54,20,1,0,4,0,0.0,1.0
2025-03-19,Smartwatch,Pune,44,8000,352000,20,20,0,0,7,0,0.0,1.0
2025-03-19,Smartwatch,Kolkata,51,8000,408000,115,20,1,0,2,0,0.0,1.0
2025-03-19,Smartwatch,Ahmedabad,26,8000,208000,82,20,0,0,2,0,0.0,1.0
2025-03-19,Keyboard,Hyderabad,65,1500,97500,136,35,1,0,6,0,0.0,1.0
2025-03-19,Keyboard,Mumbai,75,1500,112500,146,35,1,0,3,0,0.0,1.0
2025-03-19,Keyboard,Delhi,62,1500,93000,41,35,0,0,3,0,0.0,1.0
2025-03-19,Keyboard,Bangalore,76,1500,114000,28,35,1,1,4,0,0.0,1.0
2025-03-19,Keyboard,Chennai,72,1500,108000,81,35,0,0,2,0,0.0,1.0
2025-03-19,Keyboard,Pune,64,1500,96000,152,35,1,0,3,0,0.0,1.0
2025-03-19,Keyboard,Kolkata,59,1500,88500,42,35,0,0,6,0,0.0,1.0
2025-03-19,Keyboard,Ahmedabad,74,1500,111000,48,35,0,0,2,0,0.0,1.0
2025-03-19,Monitor,Hyderabad,59,18000,1062000,90,15,1,0,2,0,0.0,1.0
2025-03-19,Monitor,Mumbai,52,18000,936000,78,15,1,0,5,0,0.0,1.0
2025-03-19,Monitor,Delhi,50,18000,900000,40,15,0,0,4,0,0.0,1.0
2025-03-19,Monitor,Bangalore,31,18000,558000,33,15,0,0,3,0,0.0,1.0
2025-03-19,Monitor,Chennai,42,18000,756000,42,15,0,0,2,0,0.0,1.0
2025-03-19,Monitor,Pune,57,18000,1026000,127,15,1,0,6,0,0.0,1.0
2025-03-19,Monitor,Kolkata,53,18000,954000,92,15,1,0,4,0,0.0,1.0
2025-03-19,Monitor,Ahmedabad,34,18000,612000,95,15,1,0,7,0,0.0,1.0
2025-03-19,Mouse,Hyderabad,93,800,74400,0,50,1,1,5,0,0.0,1.0
2025-03-19,Mouse,Mumbai,77,800,61600,34,50,1,1,6,0,0.0,1.0
2025-03-19,Mouse,Delhi,90,800,72000,41,50,1,1,7,0,0.0,1.0
2025-03-19,Mouse,Bangalore,78,800,62400,71,50,0,0,2,0,0.0,1.0
2025-03-19,Mouse,Chennai,102,800,81600,80,50,1,0,6,0,0.0,1.0
2025-03-19,Mouse,Pune,94,800,75200,154,50,1,0,4,0,0.0,1.0
2025-03-19,Mouse,Kolkata,96,800,76800,27,50,1,1,5,0,0.0,1.0
2025-03-19,Mouse,Ahmedabad,89,800,71200,73,50,1,0,3,0,0.0,1.0
2025-03-19,Printer,Hyderabad,30,12000,360000,73,10,1,0,7,0,0.0,1.0
2025-03-19,Printer,Mumbai,34,12000,408000,116,10,1,0,2,0,0.0,1.0
2025-03-19,Printer,Delhi,28,12000,336000,31,10,0,0,5,0,0.0,1.0
2025-03-19,Printer,Bangalore,29,12000,348000,44,10,0,0,4,0,0.0,1.0
2025-03-19,Printer,Chennai,20,12000,240000,35,10,0,0,7,0,0.0,1.0
2025-03-19,Printer,Pune,27,12000,324000,50,10,1,0,6,0,0.0,1.0
2025-03-19,Printer,Kolkata,35,12000,420000,53,10,1,0,2,0,0.0,1.0
2025-03-19,Printer,Ahmedabad,14,12000,168000,36,10,0,0,3,0,0.0,1.0
2025-03-19,Speaker,Hyderabad,62,4000,248000,76,25,1,0,4,0,0.0,1.0
2025-03-19,Speaker,Mumbai,67,4000,268000,78,25,0,0,3,0,0.0,1.0
2025-03-19,Speaker,Delhi,66,4000,264000,58,25,1,0,6,0,0.0,1.0
2025-03-19,Speaker,Bangalore,61,4000,244000,104,25,1,0,3,0,0.0,1.0
2025-03-19,Speaker,Chennai,51,4000,204000,78,25,0,0,4,0,0.0,1.0
2025-03-19,Speaker,Pune,54,4000,216000,111,25,1,0,2,0,0.0,1.0
2025-03-19,Speaker,Kolkata,64,4000,256000,49,25,1,0,6,0,0.0,1.0
2025-03-19,Speaker,Ahmedabad,77,4000,308000,165,25,1,0,4,0,0.0,1.0
2025-03-20,Laptop,Hyderabad,64,55000,3520000,109,20,1,0,3,0,0.0,1.0
2025-03-20,Laptop,Mumbai,44,55000,2420000,66,20,0,0,2,0,0.0,1.0
2025-03-20,Laptop,Delhi,42,55000,2310000,48,20,0,0,3,0,0.0,1.0
2025-03-20,Laptop,Bangalore,63,55000,3465000,35,20,0,0,2,0,0.0,1.0
2025-03-20,Laptop,Chennai,50,55000,2750000,105,20,1,0,6,0,0.0,1.0
2025-03-20,Laptop,Pune,52,55000,2860000,70,20,1,0,4,0,0.0,1.0
2025-03-20,Laptop,Kolkata,44,55000,2420000,23,20,0,0,3,0,0.0,1.0
2025-03-20,Laptop,Ahmedabad,44,55000,2420000,47,20,0,0,2,0,0.0,1.0
2025-03-20,Mobile,Hyderabad,66,20000,1320000,131,30,1,0,3,0,0.0,1.0
2025-03-20,Mobile,Mumbai,83,20000,1660000,114,30,1,0,3,0,0.0,1.0
2025-03-20,Mobile,Delhi,70,20000,1400000,69,30,1,0,5,0,0.0,1.0
2025-03-20,Mobile,Bangalore,79,20000,1580000,48,30,1,0,7,0,0.0,1.0
2025-03-20,Mobile,Chennai,82,20000,1640000,40,30,1,0,7,0,0.0,1.0
2025-03-20,Mobile,Pune,85,20000,1700000,44,30,1,0,6,0,0.0,1.0
2025-03-20,Mobile,Kolkata,79,20000,1580000,38,30,0,0,4,0,0.0,1.0
2025-03-20,Mobile,Ahmedabad,66,20000,1320000,91,30,0,0,7,0,0.0,1.0
2025-03-20,Tablet,Hyderabad,48,30000,1440000,81,25,1,0,7,0,0.0,1.0
2025-03-20,Tablet,Mumbai,59,30000,1770000,101,25,1,0,5,0,0.0,1.0
2025-03-20,Tablet,Delhi,53,30000,1590000,43,25,1,0,6,0,0.0,1.0
2025-03-20,Tablet,Bangalore,46,30000,1380000,109,25,0,0,6,0,0.0,1.0
2025-03-20,Tablet,Chennai,52,30000,1560000,86,25,0,0,3,0,0.0,1.0
2025-03-20,Tablet,Pune,48,30000,1440000,80,25,1,0,4,0,0.0,1.0
2025-03-20,Tablet,Kolkata,52,30000,1560000,42,25,0,0,6,0,0.0,1.0
2025-03-20,Tablet,Ahmedabad,63,30000,1890000,53,25,1,0,4,0,0.0,1.0
2025-03-20,Headphones,Hyderabad,70,3000,210000,75,40,0,0,6,0,0.0,1.0
2025-03-20,Headphones,Mumbai,69,3000,207000,86,40,1,0,7,0,0.0,1.0
2025-03-20,Headphones,Delhi,50,3000,150000,73,40,1,0,6,0,0.0,1.0
2025-03-20,Headphones,Bangalore,76,3000,228000,64,40,0,0,5,0,0.0,1.0
2025-03-20,Headphones,Chennai,63,3000,189000,117,40,1,0,7,0,0.0,1.0
2025-03-20,Headphones,Pune,59,3000,177000,177,40,1,0,4,0,0.0,1.0
2025-03-20,Headphones,Kolkata,61,3000,183000,109,40,1,0,5,0,0.0,1.0
2025-03-20,Headphones,Ahmedabad,71,3000,213000,152,40,1,0,3,0,0.0,1.0
2025-03-20,Smartwatch,Hyderabad,51,8000,408000,32,20,0,0,6,0,0.0,1.0
2025-03-20,Smartwatch,Mumbai,33,8000,264000,80,20,1,0,2,0,0.0,1.0
2025-03-20,Smartwatch,Delhi,41,8000,328000,30,20,0,0,7,0,0.0,1.0
2025-03-20,Smartwatch,Bangalore,44,8000,352000,37,20,0,0,6,0,0.0,1.0
2025-03-20,Smartwatch,Chennai,37,8000,296000,154,20,1,0,2,0,0.0,1.0
2025-03-20,Smartwatch,Pune,33,8000,264000,43,20,1,0,3,0,0.0,1.0
2025-03-20,Smartwatch,Kolkata,31,8000,248000,84,20,0,0,7,0,0.0,1.0
2025-03-20,Smartwatch,Ahmedabad,39,8000,312000,43,20,0,0,4,0,0.0,1.0
2025-03-20,Keyboard,Hyderabad,68,1500,102000,68,35,0,0,2,0,0.0,1.0
2025-03-20,Keyboard,Mumbai,74,1500,111000,72,35,0,0,6,0,0.0,1.0
2025-03-20,Keyboard,Delhi,80,1500,120000,88,35,1,0,5,0,0.0,1.0
2025-03-20,Keyboard,Bangalore,77,1500,115500,49,35,1,0,3,0,0.0,1.0
2025-03-20,Keyboard,Chennai,72,1500,108000,100,35,1,0,2,0,0.0,1.0
2025-03-20,Keyboard,Pune,79,1500,118500,73,35,0,0,4,0,0.0,1.0
2025-03-20,Keyboard,Kolkata,73,1500,109500,55,35,1,0,4,0,0.0,1.0
2025-03-20,Keyboard,Ahmedabad,59,1500,88500,129,35,1,0,7,0,0.0,1.0
2025-03-20,Monitor,Hyderabad,47,18000,846000,43,15,0,0,4,0,0.0,1.0
2025-03-20,Monitor,Mumbai,52,18000,936000,26,15,0,0,4,0,0.0,1.0
2025-03-20,Monitor,Delhi,39,18000,702000,91,15,1,0,4,0,0.0,1.0
2025-03-20,Monitor,Bangalore,38,18000,684000,140,15,1,0,4,0,0.0,1.0
2025-03-20,Monitor,Chennai,33,18000,594000,79,15,1,0,2,0,0.0,1.0
2025-03-20,Monitor,Pune,36,18000,648000,91,15,0,0,4,0,0.0,1.0
2025-03-20,Monitor,Kolkata,27,18000,486000,65,15,0,0,3,0,0.0,1.0
2025-03-20,Monitor,Ahmedabad,50,18000,900000,45,15,0,0,7,0,0.0,1.0
2025-03-20,Mouse,Hyderabad,93,800,74400,6,50,1,1,4,0,0.0,1.0
2025-03-20,Mouse,Mumbai,86,800,68800,49,50,1,1,3,0,0.0,1.0
2025-03-20,Mouse,Delhi,89,800,71200,94,50,1,0,2,0,0.0,1.0
2025-03-20,Mouse,Bangalore,74,800,59200,51,50,1,0,5,0,0.0,1.0
2025-03-20,Mouse,Chennai,82,800,65600,102,50,1,0,4,0,0.0,1.0
2025-03-20,Mouse,Pune,98,800,78400,56,50,0,0,3,0,0.0,1.0
2025-03-20,Mouse,Kolkata,82,800,65600,0,50,1,1,4,0,0.0,1.0
2025-03-20,Mouse,Ahmedabad,96,800,76800,52,50,1,0,3,0,0.0,1.0
2025-03-20,Printer,Hyderabad,36,12000,432000,37,10,0,0,3,0,0.0,1.0
2025-03-20,Printer,Mumbai,32,12000,384000,84,10,0,0,6,0,0.0,1.0
2025-03-20,Printer,Delhi,21,12000,252000,10,10,0,0,3,0,0.0,1.0
2025-03-20,Printer,Bangalore,28,12000,336000,16,10,0,0,5,0,0.0,1.0
2025-03-20,Printer,Chennai,39,12000,468000,82,10,1,0,2,0,0.0,1.0
2025-03-20,Printer,Pune,28,12000,336000,22,10,0,0,4,0,0.0,1.0
2025-03-20,Printer,Kolkata,25,12000,300000,28,10,0,0,2,0,0.0,1.0
2025-03-20,Printer,Ahmedabad,25,12000,300000,11,10,0,0,7,0,0.0,1.0
2025-03-20,Speaker,Hyderabad,52,4000,208000,169,25,1,0,2,0,0.0,1.0
2025-03-20,Speaker,Mumbai,71,4000,284000,66,25,1,0,6,0,0.0,1.0
2025-03-20,Speaker,Delhi,68,4000,272000,110,25,1,0,4,0,0.0,1.0
2025-03-20,Speaker,Bangalore,56,4000,224000,48,25,0,0,3,0,0.0,1.0
2025-03-20,Speaker,Chennai,55,4000,220000,79,25,1,0,3,0,0.0,1.0
2025-03-20,Speaker,Pune,72,4000,288000,39,25,0,0,3,0,0.0,1.0
2025-03-20,Speaker,Kolkata,62,4000,248000,63,25,1,0,7,0,0.0,1.0
2025-03-20,Speaker,Ahmedabad,62,4000,248000,103,25,0,0,2,0,0.0,1.0
2025-03-21,Laptop,Hyderabad,62,55000,3410000,47,20,0,0,4,0,0.0,1.0
2025-03-21,Laptop,Mumbai,74,55000,4070000,127,20,1,0,7,0,0.0,1.0
2025-03-21,Laptop,Delhi,80,55000,4400000,73,20,1,0,4,0,0.0,1.0
2025-03-21,Laptop,Bangalore,66,55000,3630000,101,20,1,0,2,0,0.0,1.0
2025-03-21,Laptop,Chennai,52,55000,2860000,53,20,0,0,3,0,0.0,1.0
2025-03-21,Laptop,Pune,64,55000,3520000,148,20,1,0,2,0,0.0,1.0
2025-03-21,Laptop,Kolkata,57,55000,3135000,57,20,1,0,4,0,0.0,1.0
2025-03-21,Laptop,Ahmedabad,41,55000,2255000,136,20,1,0,3,0,0.0,1.0
2025-03-21,Mobile,Hyderabad,72,20000,1440000,59,30,0,0,3,0,0.0,1.0
2025-03-21,Mobile,Mumbai,84,20000,1680000,30,30,0,0,6,0,0.0,1.0
2025-03-21,Mobile,Delhi,83,20000,1660000,71,30,1,0,3,0,0.0,1.0
2025-03-21,Mobile,Bangalore,73,20000,1460000,33,30,1,0,4,0,0.0,1.0
2025-03-21,Mobile,Chennai,89,20000,1780000,81,30,1,0,6,0,0.0,1.0
2025-03-21,Mobile,Pune,97,20000,1940000,17,30,1,1,3,0,0.0,1.0
2025-03-21,Mobile,Kolkata,81,20000,1620000,84,30,1,0,4,0,0.0,1.0
2025-03-21,Mobile,Ahmedabad,74,20000,1480000,143,30,1,0,6,0,0.0,1.0
2025-03-21,Tablet,Hyderabad,52,30000,1560000,29,25,0,0,4,0,0.0,1.0
2025-03-21,Tablet,Mumbai,52,30000,1560000,49,25,0,0,4,0,0.0,1.0
2025-03-21,Tablet,Delhi,41,30000,1230000,78,25,1,0,6,0,0.0,1.0
2025-03-21,Tablet,Bangalore,50,30000,1500000,59,25,0,0,3,0,0.0,1.0
2025-03-21,Tablet,Chennai,42,30000,1260000,44,25,0,0,2,0,0.0,1.0
2025-03-21,Tablet,Pune,52,30000,1560000,28,25,0,0,5,0,0.0,1.0
2025-03-21,Tablet,Kolkata,52,30000,1560000,57,25,1,0,7,0,0.0,1.0
2025-03-21,Tablet,Ahmedabad,36,30000,1080000,112,25,1,0,4,0,0.0,1.0
2025-03-21,Headphones,Hyderabad,72,3000,216000,116,40,1,0,4,0,0.0,1.0
2025-03-21,Headphones,Mumbai,57,3000,171000,110,40,1,0,6,0,0.0,1.0
2025-03-21,Headphones,Delhi,78,3000,234000,103,40,1,0,5,0,0.0,1.0
2025-03-21,Headphones,Bangalore,59,3000,177000,112,40,1,0,6,0,0.0,1.0
2025-03-21,Headphones,Chennai,62,3000,186000,55,40,0,0,6,0,0.0,1.0
2025-03-21,Headphones,Pune,71,3000,213000,106,40,0,0,4,0,0.0,1.0
2025-03-21,Headphones,Kolkata,73,3000,219000,92,40,1,0,2,0,0.0,1.0
2025-03-21,Headphones,Ahmedabad,63,3000,189000,89,40,0,0,4,0,0.0,1.0
2025-03-21,Smartwatch,Hyderabad,38,8000,304000,88,20,1,0,6,0,0.0,1.0
2025-03-21,Smartwatch,Mumbai,35,8000,280000,45,20,0,0,3,0,0.0,1.0
2025-03-21,Smartwatch,Delhi,32,8000,256000,111,20,1,0,6,0,0.0,1.0
2025-03-21,Smartwatch,Bangalore,35,8000,280000,85,20,1,0,6,0,0.0,1.0
2025-03-21,Smartwatch,Chennai,37,8000,296000,117,20,0,0,3,0,0.0,1.0
2025-03-21,Smartwatch,Pune,52,8000,416000,57,20,1,0,5,0,0.0,1.0
2025-03-21,Smartwatch,Kolkata,46,8000,368000,38,20,0,0,4,0,0.0,1.0
2025-03-21,Smartwatch,Ahmedabad,34,8000,272000,106,20,1,0,3,0,0.0,1.0
2025-03-21,Keyboard,Hyderabad,69,1500,103500,123,35,1,0,3,0,0.0,1.0
2025-03-21,Keyboard,Mumbai,74,1500,111000,52,35,1,0,6,0,0.0,1.0
2025-03-21,Keyboard,Delhi,55,1500,82500,99,35,1,0,3,0,0.0,1.0
2025-03-21,Keyboard,Bangalore,70,1500,105000,123,35,1,0,4,0,0.0,1.0
2025-03-21,Keyboard,Chennai,55,1500,82500,45,35,0,0,3,0,0.0,1.0
2025-03-21,Keyboard,Pune,65,1500,97500,72,35,1,0,7,0,0.0,1.0
2025-03-21,Keyboard,Kolkata,67,1500,100500,49,35,1,0,4,0,0.0,1.0
2025-03-21,Keyboard,Ahmedabad,64,1500,96000,65,35,0,0,7,0,0.0,1.0
2025-03-21,Monitor,Hyderabad,35,18000,630000,110,15,1,0,3,0,0.0,1.0
2025-03-21,Monitor,Mumbai,50,18000,900000,37,15,1,0,6,0,0.0,1.0
2025-03-21,Monitor,Delhi,43,18000,774000,48,15,0,0,2,0,0.0,1.0
2025-03-21,Monitor,Bangalore,40,18000,720000,100,15,0,0,5,0,0.0,1.0
2025-03-21,Monitor,Chennai,45,18000,810000,34,15,0,0,7,0,0.0,1.0
2025-03-21,Monitor,Pune,37,18000,666000,54,15,0,0,4,0,0.0,1.0
2025-03-21,Monitor,Kolkata,45,18000,810000,20,15,0,0,2,0,0.0,1.0
2025-03-21,Monitor,Ahmedabad,28,18000,504000,17,15,0,0,4,0,0.0,1.0
2025-03-21,Mouse,Hyderabad,95,800,76000,61,50,1,0,2,0,0.0,1.0
2025-03-21,Mouse,Mumbai,97,800,77600,10,50,1,1,4,0,0.0,1.0
2025-03-21,Mouse,Delhi,94,800,75200,68,50,1,0,2,0,0.0,1.0
2025-03-21,Mouse,Bangalore,81,800,64800,58,50,1,0,3,0,0.0,1.0
2025-03-21,Mouse,Chennai,82,800,65600,126,50,1,0,7,0,0.0,1.0
2025-03-21,Mouse,Pune,66,800,52800,137,50,1,0,6,0,0.0,1.0
2025-03-21,Mouse,Kolkata,74,800,59200,62,50,1,0,3,0,0.0,1.0
2025-03-21,Mouse,Ahmedabad,88,800,70400,77,50,1,0,5,0,0.0,1.0
2025-03-21,Printer,Hyderabad,33,12000,396000,123,10,1,0,7,0,0.0,1.0
2025-03-21,Printer,Mumbai,24,12000,288000,60,10,0,0,6,0,0.0,1.0
2025-03-21,Printer,Delhi,34,12000,408000,93,10,1,0,5,0,0.0,1.0
2025-03-21,Printer,Bangalore,31,12000,372000,53,10,1,0,3,0,0.0,1.0
2025-03-21,Printer,Chennai,26,12000,312000,56,10,0,0,6,0,0.0,1.0
2025-03-21,Printer,Pune,36,12000,432000,43,10,1,0,5,0,0.0,1.0
2025-03-21,Printer,Kolkata,29,12000,348000,97,10,1,0,4,0,0.0,1.0
2025-03-21,Printer,Ahmedabad,25,12000,300000,50,10,1,0,4,0,0.0,1.0
2025-03-21,Speaker,Hyderabad,71,4000,284000,98,25,0,0,4,0,0.0,1.0
2025-03-21,Speaker,Mumbai,62,4000,248000,117,25,1,0,6,0,0.0,1.0
2025-03-21,Speaker,Delhi,46,4000,184000,64,25,0,0,7,0,0.0,1.0
2025-03-21,Speaker,Bangalore,58,4000,232000,67,25,1,0,6,0,0.0,1.0
2025-03-21,Speaker,Chennai,67,4000,268000,125,25,1,0,3,0,0.0,1.0
2025-03-21,Speaker,Pune,50,4000,200000,121,25,1,0,7,0,0.0,1.0
2025-03-21,Speaker,Kolkata,54,4000,216000,85,25,1,0,2,0,0.0,1.0
2025-03-21,Speaker,Ahmedabad,67,4000,268000,36,25,0,0,4,0,0.0,1.0
2025-03-22,Laptop,Hyderabad,47,55000,2585000,133,20,1,0,5,0,0.0,1.0
2025-03-22,Laptop,Mumbai,55,55000,3025000,72,20,0,0,6,0,0.0,1.0
2025-03-22,Laptop,Delhi,52,55000,2860000,21,20,0,0,5,0,0.0,1.0
2025-03-22,Laptop,Bangalore,47,55000,2585000,54,20,0,0,4,0,0.0,1.0
2025-03-22,Laptop,Chennai,50,55000,2750000,86,20,1,0,6,0,0.0,1.0
2025-03-22,Laptop,Pune,56,55000,3080000,92,20,0,0,7,0,0.0,1.0
2025-03-22,Laptop,Kolkata,57,55000,3135000,133,20,1,0,2,0,0.0,1.0
2025-03-22,Laptop,Ahmedabad,62,55000,3410000,74,20,0,0,2,0,0.0,1.0
2025-03-22,Mobile,Hyderabad,79,20000,1580000,36,30,1,0,2,0,0.0,1.0
2025-03-22,Mobile,Mumbai,71,20000,1420000,93,30,1,0,2,0,0.0,1.0
2025-03-22,Mobile,Delhi,95,20000,1900000,57,30,1,0,6,0,0.0,1.0
2025-03-22,Mobile,Bangalore,85,20000,1700000,17,30,1,1,4,0,0.0,1.0
2025-03-22,Mobile,Chennai,72,20000,1440000,133,30,1,0,3,0,0.0,1.0
2025-03-22,Mobile,Pune,79,20000,1580000,69,30,1,0,4,0,0.0,1.0
2025-03-22,Mobile,Kolkata,85,20000,1700000,55,30,1,0,3,0,0.0,1.0
2025-03-22,Mobile,Ahmedabad,90,20000,1800000,53,30,0,0,4,0,0.0,1.0
2025-03-22,Tablet,Hyderabad,62,30000,1860000,61,25,1,0,7,0,0.0,1.0
2025-03-22,Tablet,Mumbai,41,30000,1230000,147,25,1,0,2,0,0.0,1.0
2025-03-22,Tablet,Delhi,47,30000,1410000,31,25,0,0,2,0,0.0,1.0
2025-03-22,Tablet,Bangalore,51,30000,1530000,75,25,1,0,7,0,0.0,1.0
2025-03-22,Tablet,Chennai,36,30000,1080000,157,25,1,0,3,0,0.0,1.0
2025-03-22,Tablet,Pune,40,30000,1200000,52,25,1,0,2,0,0.0,1.0
2025-03-22,Tablet,Kolkata,51,30000,1530000,72,25,1,0,3,0,0.0,1.0
2025-03-22,Tablet,Ahmedabad,39,30000,1170000,73,25,0,0,6,0,0.0,1.0
2025-03-22,Headphones,Hyderabad,65,3000,195000,51,40,0,0,3,0,0.0,1.0
2025-03-22,Headphones,Mumbai,58,3000,174000,52,40,0,0,6,0,0.0,1.0
2025-03-22,Headphones,Delhi,48,3000,144000,55,40,0,0,6,0,0.0,1.0
2025-03-22,Headphones,Bangalore,69,3000,207000,43,40,0,0,3,0,0.0,1.0
2025-03-22,Headphones,Chennai,52,3000,156000,102,40,1,0,2,0,0.0,1.0
2025-03-22,Headphones,Pune,86,3000,258000,159,40,1,0,6,0,0.0,1.0
2025-03-22,Headphones,Kolkata,58,3000,174000,154,40,1,0,5,0,0.0,1.0
2025-03-22,Headphones,Ahmedabad,71,3000,213000,90,40,1,0,5,0,0.0,1.0
2025-03-22,Smartwatch,Hyderabad,19,8000,152000,69,20,0,0,2,0,0.0,1.0
2025-03-22,Smartwatch,Mumbai,48,8000,384000,91,20,1,0,2,0,0.0,1.0
2025-03-22,Smartwatch,Delhi,38,8000,304000,73,20,0,0,3,0,0.0,1.0
2025-03-22,Smartwatch,Bangalore,35,8000,280000,50,20,0,0,2,0,0.0,1.0
2025-03-22,Smartwatch,Chennai,32,8000,256000,85,20,0,0,5,0,0.0,1.0
2025-03-22,Smartwatch,Pune,35,8000,280000,22,20,0,0,2,0,0.0,1.0
2025-03-22,Smartwatch,Kolkata,49,8000,392000,130,20,1,0,7,0,0.0,1.0
2025-03-22,Smartwatch,Ahmedabad,41,8000,328000,65,20,0,0,6,0,0.0,1.0
2025-03-22,Keyboard,Hyderabad,85,1500,127500,38,35,0,0,6,0,0.0,1.0
2025-03-22,Keyboard,Mumbai,66,1500,99000,124,35,1,0,7,0,0.0,1.0
2025-03-22,Keyboard,Delhi,70,1500,105000,160,35,1,0,6,0,0.0,1.0
2025-03-22,Keyboard,Bangalore,60,1500,90000,63,35,0,0,7,0,0.0,1.0
2025-03-22,Keyboard,Chennai,73,1500,109500,39,35,1,0,3,0,0.0,1.0
2025-03-22,Keyboard,Pune,65,1500,97500,86,35,1,0,4,0,0.0,1.0
2025-03-22,Keyboard,Kolkata,71,1500,106500,125,35,1,0,5,0,0.0,1.0
2025-03-22,Keyboard,Ahmedabad,61,1500,91500,64,35,1,0,6,0,0.0,1.0
2025-03-22,Monitor,Hyderabad,51,18000,918000,59,15,0,0,4,0,0.0,1.0
2025-03-22,Monitor,Mumbai,44,18000,792000,75,15,1,0,2,0,0.0,1.0
2025-03-22,Monitor,Delhi,44,18000,792000,74,15,1,0,4,0,0.0,1.0
2025-03-22,Monitor,Bangalore,41,18000,738000,59,15,0,0,6,0,0.0,1.0
2025-03-22,Monitor,Chennai,46,18000,828000,43,15,1,0,5,0,0.0,1.0
2025-03-22,Monitor,Pune,28,18000,504000,26,15,0,0,3,0,0.0,1.0
2025-03-22,Monitor,Kolkata,49,18000,882000,36,15,1,0,4,0,0.0,1.0
2025-03-22,Monitor,Ahmedabad,39,18000,702000,35,15,1,0,6,0,0.0,1.0
2025-03-22,Mouse,Hyderabad,98,800,78400,16,50,1,1,2,0,0.0,1.0
2025-03-22,Mouse,Mumbai,103,800,82400,49,50,1,1,2,0,0.0,1.0
2025-03-22,Mouse,Delhi,93,800,74400,88,50,1,0,6,0,0.0,1.0
2025-03-22,Mouse,Bangalore,90,800,72000,29,50,1,1,2,0,0.0,1.0
2025-03-22,Mouse,Chennai,87,800,69600,163,50,1,0,3,0,0.0,1.0
2025-03-22,Mouse,Pune,79,800,63200,58,50,0,0,3,0,0.0,1.0
2025-03-22,Mouse,Kolkata,91,800,72800,114,50,1,0,7,0,0.0,1.0
2025-03-22,Mouse,Ahmedabad,84,800,67200,45,50,1,1,3,0,0.0,1.0
2025-03-22,Printer,Hyderabad,32,12000,384000,91,10,0,0,7,0,0.0,1.0
2025-03-22,Printer,Mumbai,10,12000,120000,50,10,0,0,7,0,0.0,1.0
2025-03-22,Printer,Delhi,37,12000,444000,56,10,0,0,3,0,0.0,1.0
2025-03-22,Printer,Bangalore,20,12000,240000,33,10,0,0,6,0,0.0,1.0
2025-03-22,Printer,Chennai,26,12000,312000,30,10,0,0,4,0,0.0,1.0
2025-03-22,Printer,Pune,31,12000,372000,12,10,0,0,3,0,0.0,1.0
2025-03-22,Printer,Kolkata,25,12000,300000,72,10,0,0,6,0,0.0,1.0
2025-03-22,Printer,Ahmedabad,36,12000,432000,14,10,0,0,3,0,0.0,1.0
2025-03-22,Speaker,Hyderabad,63,4000,252000,35,25,0,0,7,0,0.0,1.0
2025-03-22,Speaker,Mumbai,53,4000,212000,64,25,0,0,6,0,0.0,1.0
2025-03-22,Speaker,Delhi,80,4000,320000,117,25,1,0,3,0,0.0,1.0
2025-03-22,Speaker,Bangalore,44,4000,176000,155,25,1,0,4,0,0.0,1.0
2025-03-22,Speaker,Chennai,45,4000,180000,80,25,0,0,5,0,0.0,1.0
2025-03-22,Speaker,Pune,44,4000,176000,77,25,0,0,2,0,0.0,1.0
2025-03-22,Speaker,Kolkata,66,4000,264000,143,25,1,0,2,0,0.0,1.0
2025-03-22,Speaker,Ahmedabad,63,4000,252000,84,25,1,0,3,0,0.0,1.0
2025-03-23,Laptop,Hyderabad,50,55000,2750000,83,20,0,0,5,0,0.0,1.0
2025-03-23,Laptop,Mumbai,59,55000,3245000,85,20,1,0,5,0,0.0,1.0
2025-03-23,Laptop,Delhi,58,55000,3190000,17,20,1,1,5,0,0.0,1.0
2025-03-23,Laptop,Bangalore,56,55000,3080000,48,20,1,0,7,0,0.0,1.0
2025-03-23,Laptop,Chennai,53,55000,2915000,33,20,0,0,2,0,0.0,1.0
2025-03-23,Laptop,Pune,67,55000,3685000,25,20,0,0,3,0,0.0,1.0
2025-03-23,Laptop,Kolkata,57,55000,3135000,76,20,0,0,3,0,0.0,1.0
2025-03-23,Laptop,Ahmedabad,59,55000,3245000,140,20,1,0,4,0,0.0,1.0
2025-03-23,Mobile,Hyderabad,71,20000,1420000,81,30,1,0,3,0,0.0,1.0
2025-03-23,Mobile,Mumbai,78,20000,1560000,161,30,1,0,7,0,0.0,1.0
2025-03-23,Mobile,Delhi,97,20000,1940000,19,30,1,1,6,0,0.0,1.0
2025-03-23,Mobile,Bangalore,72,20000,1440000,48,30,1,0,7,0,0.0,1.0
2025-03-23,Mobile,Chennai,77,20000,1540000,56,30,0,0,2,0,0.0,1.0
2025-03-23,Mobile,Pune,75,20000,1500000,71,30,1,0,2,0,0.0,1.0
2025-03-23,Mobile,Kolkata,78,20000,1560000,70,30,1,0,6,0,0.0,1.0
2025-03-23,Mobile,Ahmedabad,93,20000,1860000,92,30,1,0,5,0,0.0,1.0
2025-03-23,Tablet,Hyderabad,41,30000,1230000,129,25,1,0,5,0,0.0,1.0
2025-03-23,Tablet,Mumbai,60,30000,1800000,87,25,0,0,4,0,0.0,1.0
2025-03-23,Tablet,Delhi,40,30000,1200000,75,25,1,0,6,0,0.0,1.0
2025-03-23,Tablet,Bangalore,37,30000,1110000,38,25,0,0,5,0,0.0,1.0
2025-03-23,Tablet,Chennai,52,30000,1560000,105,25,0,0,2,0,0.0,1.0
2025-03-23,Tablet,Pune,49,30000,1470000,68,25,1,0,2,0,0.0,1.0
2025-03-23,Tablet,Kolkata,39,30000,1170000,33,25,0,0,2,0,0.0,1.0
2025-03-23,Tablet,Ahmedabad,43,30000,1290000,30,25,0,0,2,0,0.0,1.0
2025-03-23,Headphones,Hyderabad,72,3000,216000,114,40,1,0,3,0,0.0,1.0
2025-03-23,Headphones,Mumbai,81,3000,243000,74,40,1,0,3,0,0.0,1.0
2025-03-23,Headphones,Delhi,60,3000,180000,67,40,1,0,3,0,0.0,1.0
2025-03-23,Headphones,Bangalore,65,3000,195000,113,40,1,0,6,0,0.0,1.0
2025-03-23,Headphones,Chennai,65,3000,195000,163,40,1,0,6,0,0.0,1.0
2025-03-23,Headphones,Pune,54,3000,162000,105,40,0,0,6,0,0.0,1.0
2025-03-23,Headphones,Kolkata,66,3000,198000,88,40,0,0,5,0,0.0,1.0
2025-03-23,Headphones,Ahmedabad,58,3000,174000,86,40,1,0,7,0,0.0,1.0
2025-03-23,Smartwatch,Hyderabad,47,8000,376000,22,20,0,0,6,0,0.0,1.0
2025-03-23,Smartwatch,Mumbai,44,8000,352000,47,20,0,0,5,0,0.0,1.0
2025-03-23,Smartwatch,Delhi,43,8000,344000,30,20,0,0,2,0,0.0,1.0
2025-03-23,Smartwatch,Bangalore,46,8000,368000,95,20,1,0,3,0,0.0,1.0
2025-03-23,Smartwatch,Chennai,24,8000,192000,61,20,0,0,3,0,0.0,1.0
2025-03-23,Smartwatch,Pune,47,8000,376000,34,20,1,0,2,0,0.0,1.0
2025-03-23,Smartwatch,Kolkata,49,8000,392000,81,20,0,0,7,0,0.0,1.0
2025-03-23,Smartwatch,Ahmedabad,34,8000,272000,31,20,0,0,5,0,0.0,1.0
2025-03-23,Keyboard,Hyderabad,65,1500,97500,60,35,1,0,7,0,0.0,1.0
2025-03-23,Keyboard,Mumbai,89,1500,133500,35,35,0,0,5,0,0.0,1.0
2025-03-23,Keyboard,Delhi,79,1500,118500,81,35,0,0,5,0,0.0,1.0
2025-03-23,Keyboard,Bangalore,69,1500,103500,130,35,1,0,5,0,0.0,1.0
2025-03-23,Keyboard,Chennai,69,1500,103500,31,35,1,1,4,0,0.0,1.0
2025-03-23,Keyboard,Pune,68,1500,102000,142,35,1,0,3,0,0.0,1.0
2025-03-23,Keyboard,Kolkata,72,1500,108000,53,35,0,0,7,0,0.0,1.0
2025-03-23,Keyboard,Ahmedabad,75,1500,112500,139,35,1,0,7,0,0.0,1.0
2025-03-23,Monitor,Hyderabad,42,18000,756000,17,15,0,0,5,0,0.0,1.0
2025-03-23,Monitor,Mumbai,48,18000,864000,27,15,0,0,4,0,0.0,1.0
2025-03-23,Monitor,Delhi,48,18000,864000,26,15,0,0,5,0,0.0,1.0
2025-03-23,Monitor,Bangalore,46,18000,828000,97,15,1,0,3,0,0.0,1.0
2025-03-23,Monitor,Chennai,50,18000,900000,65,15,1,0,7,0,0.0,1.0
2025-03-23,Monitor,Pune,42,18000,756000,80,15,1,0,6,0,0.0,1.0
2025-03-23,Monitor,Kolkata,57,18000,1026000,117,15,1,0,2,0,0.0,1.0
2025-03-23,Monitor,Ahmedabad,35,18000,630000,79,15,1,0,4,0,0.0,1.0
2025-03-23,Mouse,Hyderabad,99,800,79200,0,50,1,1,6,0,0.0,1.0
2025-03-23,Mouse,Mumbai,88,800,70400,37,50,1,1,7,0,0.0,1.0
2025-03-23,Mouse,Delhi,90,800,72000,123,50,1,0,2,0,0.0,1.0
2025-03-23,Mouse,Bangalore,85,800,68000,8,50,1,1,5,0,0.0,1.0
2025-03-23,Mouse,Chennai,93,800,74400,70,50,0,0,2,0,0.0,1.0
2025-03-23,Mouse,Pune,92,800,73600,95,50,1,0,3,0,0.0,1.0
2025-03-23,Mouse,Kolkata,84,800,67200,88,50,1,0,6,0,0.0,1.0
2025-03-23,Mouse,Ahmedabad,97,800,77600,19,50,1,1,6,0,0.0,1.0
2025-03-23,Printer,Hyderabad,26,12000,312000,65,10,0,0,7,0,0.0,1.0
2025-03-23,Printer,Mumbai,42,12000,504000,109,10,1,0,5,0,0.0,1.0
2025-03-23,Printer,Delhi,34,12000,408000,22,10,0,0,2,0,0.0,1.0
2025-03-23,Printer,Bangalore,42,12000,504000,60,10,1,0,7,0,0.0,1.0
2025-03-23,Printer,Chennai,31,12000,372000,149,10,1,0,6,0,0.0,1.0
2025-03-23,Printer,Pune,16,12000,192000,109,10,1,0,5,0,0.0,1.0
2025-03-23,Printer,Kolkata,35,12000,420000,37,10,0,0,6,0,0.0,1.0
2025-03-23,Printer,Ahmedabad,33,12000,396000,56,10,1,0,7,0,0.0,1.0
2025-03-23,Speaker,Hyderabad,55,4000,220000,85,25,1,0,5,0,0.0,1.0
2025-03-23,Speaker,Mumbai,57,4000,228000,127,25,1,0,5,0,0.0,1.0
2025-03-23,Speaker,Delhi,47,4000,188000,70,25,0,0,4,0,0.0,1.0
2025-03-23,Speaker,Bangalore,46,4000,184000,109,25,0,0,4,0,0.0,1.0
2025-03-23,Speaker,Chennai,48,4000,192000,32,25,0,0,6,0,0.0,1.0
2025-03-23,Speaker,Pune,59,4000,236000,79,25,1,0,5,0,0.0,1.0
2025-03-23,Speaker,Kolkata,76,4000,304000,67,25,0,0,6,0,0.0,1.0
2025-03-23,Speaker,Ahmedabad,54,4000,216000,30,25,0,0,4,0,0.0,1.0
2025-03-24,Laptop,Hyderabad,53,55000,2915000,30,20,0,0,7,0,0.0,1.0
2025-03-24,Laptop,Mumbai,59,55000,3245000,26,20,0,0,2,0,0.0,1.0
2025-03-24,Laptop,Delhi,58,55000,3190000,32,20,1,0,6,0,0.0,1.0
2025-03-24,Laptop,Bangalore,47,55000,2585000,109,20,1,0,3,0,0.0,1.0
2025-03-24,Laptop,Chennai,64,55000,3520000,61,20,1,0,4,0,0.0,1.0
2025-03-24,Laptop,Pune,53,55000,2915000,30,20,1,0,5,0,0.0,1.0
2025-03-24,Laptop,Kolkata,45,55000,2475000,31,20,0,0,2,0,0.0,1.0
2025-03-24,Laptop,Ahmedabad,54,55000,2970000,86,20,0,0,3,0,0.0,1.0
2025-03-24,Mobile,Hyderabad,85,20000,1700000,71,30,1,0,5,0,0.0,1.0
2025-03-24,Mobile,Mumbai,85,20000,1700000,76,30,0,0,6,0,0.0,1.0
2025-03-24,Mobile,Delhi,84,20000,1680000,0,30,1,1,2,0,0.0,1.0
2025-03-24,Mobile,Bangalore,75,20000,1500000,39,30,1,0,5,0,0.0,1.0
2025-03-24,Mobile,Chennai,76,20000,1520000,68,30,1,0,3,0,0.0,1.0
2025-03-24,Mobile,Pune,76,20000,1520000,51,30,1,0,3,0,0.0,1.0
2025-03-24,Mobile,Kolkata,75,20000,1500000,57,30,1,0,5,0,0.0,1.0
2025-03-24,Mobile,Ahmedabad,87,20000,1740000,145,30,1,0,2,0,0.0,1.0
2025-03-24,Tablet,Hyderabad,48,30000,1440000,81,25,0,0,7,0,0.0,1.0
2025-03-24,Tablet,Mumbai,51,30000,1530000,36,25,0,0,5,0,0.0,1.0
2025-03-24,Tablet,Delhi,45,30000,1350000,30,25,0,0,2,0,0.0,1.0
2025-03-24,Tablet,Bangalore,62,30000,1860000,91,25,1,0,4,0,0.0,1.0
2025-03-24,Tablet,Chennai,42,30000,1260000,63,25,0,0,3,0,0.0,1.0
2025-03-24,Tablet,Pune,45,30000,1350000,168,25,1,0,4,0,0.0,1.0
2025-03-24,Tablet,Kolkata,68,30000,2040000,91,25,1,0,6,0,0.0,1.0
2025-03-24,Tablet,Ahmedabad,57,30000,1710000,28,25,1,0,7,0,0.0,1.0
2025-03-24,Headphones,Hyderabad,61,3000,183000,53,40,0,0,7,0,0.0,1.0
2025-03-24,Headphones,Mumbai,76,3000,228000,53,40,1,0,3,0,0.0,1.0
2025-03-24,Headphones,Delhi,57,3000,171000,68,40,1,0,5,0,0.0,1.0
2025-03-24,Headphones,Bangalore,63,3000,189000,50,40,0,0,7,0,0.0,1.0
2025-03-24,Headphones,Chennai,36,3000,108000,127,40,0,0,4,0,0.0,1.0
2025-03-24,Headphones,Pune,66,3000,198000,89,40,1,0,4,0,0.0,1.0
2025-03-24,Headphones,Kolkata,82,3000,246000,76,40,1,0,4,0,0.0,1.0
2025-03-24,Headphones,Ahmedabad,62,3000,186000,144,40,1,0,2,0,0.0,1.0
2025-03-24,Smartwatch,Hyderabad,26,8000,208000,49,20,1,0,2,0,0.0,1.0
2025-03-24,Smartwatch,Mumbai,42,8000,336000,136,20,1,0,2,0,0.0,1.0
2025-03-24,Smartwatch,Delhi,48,8000,384000,79,20,1,0,5,0,0.0,1.0
2025-03-24,Smartwatch,Bangalore,46,8000,368000,49,20,0,0,6,0,0.0,1.0
2025-03-24,Smartwatch,Chennai,41,8000,328000,20,20,0,0,6,0,0.0,1.0
2025-03-24,Smartwatch,Pune,45,8000,360000,130,20,1,0,4,0,0.0,1.0
2025-03-24,Smartwatch,Kolkata,31,8000,248000,50,20,0,0,7,0,0.0,1.0
2025-03-24,Smartwatch,Ahmedabad,46,8000,368000,92,20,1,0,3,0,0.0,1.0
2025-03-24,Keyboard,Hyderabad,68,1500,102000,94,35,1,0,7,0,0.0,1.0
2025-03-24,Keyboard,Mumbai,68,1500,102000,117,35,1,0,6,0,0.0,1.0
2025-03-24,Keyboard,Delhi,56,1500,84000,158,35,1,0,6,0,0.0,1.0
2025-03-24,Keyboard,Bangalore,73,1500,109500,57,35,0,0,3,0,0.0,1.0
2025-03-24,Keyboard,Chennai,66,1500,99000,67,35,1,0,7,0,0.0,1.0
2025-03-24,Keyboard,Pune,67,1500,100500,75,35,0,0,2,0,0.0,1.0
2025-03-24,Keyboard,Kolkata,75,1500,112500,73,35,1,0,3,0,0.0,1.0
2025-03-24,Keyboard,Ahmedabad,73,1500,109500,66,35,0,0,5,0,0.0,1.0
2025-03-24,Monitor,Hyderabad,42,18000,756000,107,15,1,0,2,0,0.0,1.0
2025-03-24,Monitor,Mumbai,36,18000,648000,52,15,1,0,5,0,0.0,1.0
2025-03-24,Monitor,Delhi,38,18000,684000,136,15,1,0,7,0,0.0,1.0
2025-03-24,Monitor,Bangalore,65,18000,1170000,32,15,0,0,2,0,0.0,1.0
2025-03-24,Monitor,Chennai,54,18000,972000,65,15,1,0,3,0,0.0,1.0
2025-03-24,Monitor,Pune,46,18000,828000,34,15,0,0,7,0,0.0,1.0
2025-03-24,Monitor,Kolkata,41,18000,738000,76,15,0,0,4,0,0.0,1.0
2025-03-24,Monitor,Ahmedabad,40,18000,720000,39,15,0,0,7,0,0.0,1.0
2025-03-24,Mouse,Hyderabad,92,800,73600,0,50,1,1,7,0,0.0,1.0
2025-03-24,Mouse,Mumbai,71,800,56800,27,50,1,1,6,0,0.0,1.0
2025-03-24,Mouse,Delhi,104,800,83200,79,50,1,0,6,0,0.0,1.0
2025-03-24,Mouse,Bangalore,90,800,72000,14,50,1,1,2,0,0.0,1.0
2025-03-24,Mouse,Chennai,92,800,73600,125,50,1,0,3,0,0.0,1.0
2025-03-24,Mouse,Pune,93,800,74400,140,50,1,0,2,0,0.0,1.0
2025-03-24,Mouse,Kolkata,88,800,70400,136,50,1,0,5,0,0.0,1.0
2025-03-24,Mouse,Ahmedabad,103,800,82400,0,50,1,1,6,0,0.0,1.0
2025-03-24,Printer,Hyderabad,32,12000,384000,33,10,0,0,4,0,0.0,1.0
2025-03-24,Printer,Mumbai,39,12000,468000,70,10,0,0,2,0,0.0,1.0
2025-03-24,Printer,Delhi,30,12000,360000,87,10,1,0,3,0,0.0,1.0
2025-03-24,Printer,Bangalore,26,12000,312000,34,10,0,0,4,0,0.0,1.0
2025-03-24,Printer,Chennai,25,12000,300000,124,10,0,0,5,0,0.0,1.0
2025-03-24,Printer,Pune,23,12000,276000,86,10,0,0,3,0,0.0,1.0
2025-03-24,Printer,Kolkata,32,12000,384000,134,10,1,0,5,0,0.0,1.0
2025-03-24,Printer,Ahmedabad,28,12000,336000,28,10,0,0,4,0,0.0,1.0
2025-03-24,Speaker,Hyderabad,56,4000,224000,29,25,0,0,6,0,0.0,1.0
2025-03-24,Speaker,Mumbai,54,4000,216000,73,25,0,0,5,0,0.0,1.0
2025-03-24,Speaker,Delhi,64,4000,256000,130,25,1,0,5,0,0.0,1.0
2025-03-24,Speaker,Bangalore,53,4000,212000,56,25,0,0,7,0,0.0,1.0
2025-03-24,Speaker,Chennai,68,4000,272000,52,25,1,0,6,0,0.0,1.0
2025-03-24,Speaker,Pune,69,4000,276000,125,25,1,0,5,0,0.0,1.0
2025-03-24,Speaker,Kolkata,74,4000,296000,59,25,1,0,5,0,0.0,1.0
2025-03-24,Speaker,Ahmedabad,63,4000,252000,94,25,1,0,2,0,0.0,1.0
2025-03-25,Laptop,Hyderabad,58,55000,3190000,32,20,1,0,2,0,0.0,1.0
2025-03-25,Laptop,Mumbai,56,55000,3080000,79,20,1,0,6,0,0.0,1.0
2025-03-25,Laptop,Delhi,62,55000,3410000,97,20,1,0,7,0,0.0,1.0
2025-03-25,Laptop,Bangalore,54,55000,2970000,55,20,0,0,4,0,0.0,1.0
2025-03-25,Laptop,Chennai,55,55000,3025000,94,20,1,0,5,0,0.0,1.0
2025-03-25,Laptop,Pune,45,55000,2475000,35,20,1,0,2,0,0.0,1.0
2025-03-25,Laptop,Kolkata,61,55000,3355000,41,20,1,0,3,0,0.0,1.0
2025-03-25,Laptop,Ahmedabad,63,55000,3465000,23,20,0,0,2,0,0.0,1.0
2025-03-25,Mobile,Hyderabad,69,20000,1380000,111,30,1,0,7,0,0.0,1.0
2025-03-25,Mobile,Mumbai,78,20000,1560000,130,30,1,0,3,0,0.0,1.0
2025-03-25,Mobile,Delhi,78,20000,1560000,60,30,1,0,5,0,0.0,1.0
2025-03-25,Mobile,Bangalore,86,20000,1720000,34,30,1,0,7,0,0.0,1.0
2025-03-25,Mobile,Chennai,77,20000,1540000,55,30,1,0,4,0,0.0,1.0
2025-03-25,Mobile,Pune,72,20000,1440000,97,30,1,0,3,0,0.0,1.0
2025-03-25,Mobile,Kolkata,75,20000,1500000,83,30,1,0,7,0,0.0,1.0
2025-03-25,Mobile,Ahmedabad,80,20000,1600000,65,30,0,0,3,0,0.0,1.0
2025-03-25,Tablet,Hyderabad,37,30000,1110000,44,25,0,0,4,0,0.0,1.0
2025-03-25,Tablet,Mumbai,54,30000,1620000,59,25,1,0,6,0,0.0,1.0
2025-03-25,Tablet,Delhi,53,30000,1590000,101,25,1,0,6,0,0.0,1.0
2025-03-25,Tablet,Bangalore,46,30000,1380000,45,25,0,0,6,0,0.0,1.0
2025-03-25,Tablet,Chennai,50,30000,1500000,126,25,1,0,3,0,0.0,1.0
2025-03-25,Tablet,Pune,49,30000,1470000,119,25,0,0,6,0,0.0,1.0
2025-03-25,Tablet,Kolkata,48,30000,1440000,43,25,0,0,5,0,0.0,1.0
2025-03-25,Tablet,Ahmedabad,44,30000,1320000,134,25,1,0,2,0,0.0,1.0
2025-03-25,Headphones,Hyderabad,52,3000,156000,105,40,1,0,3,0,0.0,1.0
2025-03-25,Headphones,Mumbai,71,3000,213000,68,40,1,0,7,0,0.0,1.0
2025-03-25,Headphones,Delhi,56,3000,168000,98,40,1,0,6,0,0.0,1.0
2025-03-25,Headphones,Bangalore,76,3000,228000,65,40,1,0,3,0,0.0,1.0
2025-03-25,Headphones,Chennai,66,3000,198000,61,40,0,0,3,0,0.0,1.0
2025-03-25,Headphones,Pune,75,3000,225000,84,40,1,0,7,0,0.0,1.0
2025-03-25,Headphones,Kolkata,68,3000,204000,81,40,1,0,4,0,0.0,1.0
2025-03-25,Headphones,Ahmedabad,73,3000,219000,71,40,0,0,2,0,0.0,1.0
2025-03-25,Smartwatch,Hyderabad,41,8000,328000,76,20,1,0,7,0,0.0,1.0
2025-03-25,Smartwatch,Mumbai,40,8000,320000,96,20,0,0,5,0,0.0,1.0
2025-03-25,Smartwatch,Delhi,52,8000,416000,27,20,0,0,3,0,0.0,1.0
2025-03-25,Smartwatch,Bangalore,42,8000,336000,72,20,1,0,6,0,0.0,1.0
2025-03-25,Smartwatch,Chennai,43,8000,344000,70,20,1,0,5,0,0.0,1.0
2025-03-25,Smartwatch,Pune,43,8000,344000,87,20,0,0,7,0,0.0,1.0
2025-03-25,Smartwatch,Kolkata,30,8000,240000,20,20,0,0,4,0,0.0,1.0
2025-03-25,Smartwatch,Ahmedabad,46,8000,368000,46,20,0,0,3,0,0.0,1.0
2025-03-25,Keyboard,Hyderabad,52,1500,78000,42,35,0,0,3,0,0.0,1.0
2025-03-25,Keyboard,Mumbai,83,1500,124500,148,35,1,0,6,0,0.0,1.0
2025-03-25,Keyboard,Delhi,69,1500,103500,89,35,0,0,3,0,0.0,1.0
2025-03-25,Keyboard,Bangalore,79,1500,118500,99,35,1,0,7,0,0.0,1.0
2025-03-25,Keyboard,Chennai,53,1500,79500,114,35,1,0,2,0,0.0,1.0
2025-03-25,Keyboard,Pune,61,1500,91500,106,35,1,0,4,0,0.0,1.0
2025-03-25,Keyboard,Kolkata,62,1500,93000,82,35,1,0,3,0,0.0,1.0
2025-03-25,Keyboard,Ahmedabad,64,1500,96000,95,35,1,0,7,0,0.0,1.0
2025-03-25,Monitor,Hyderabad,34,18000,612000,73,15,0,0,3,0,0.0,1.0
2025-03-25,Monitor,Mumbai,62,18000,1116000,46,15,1,0,7,0,0.0,1.0
2025-03-25,Monitor,Delhi,40,18000,720000,96,15,0,0,4,0,0.0,1.0
2025-03-25,Monitor,Bangalore,52,18000,936000,92,15,1,0,3,0,0.0,1.0
2025-03-25,Monitor,Chennai,46,18000,828000,19,15,0,0,3,0,0.0,1.0
2025-03-25,Monitor,Pune,46,18000,828000,93,15,1,0,4,0,0.0,1.0
2025-03-25,Monitor,Kolkata,52,18000,936000,24,15,0,0,5,0,0.0,1.0
2025-03-25,Monitor,Ahmedabad,38,18000,684000,80,15,1,0,2,0,0.0,1.0
2025-03-25,Mouse,Hyderabad,92,800,73600,0,50,1,1,7,0,0.0,1.0
2025-03-25,Mouse,Mumbai,85,800,68000,57,50,1,0,5,0,0.0,1.0
2025-03-25,Mouse,Delhi,96,800,76800,113,50,1,0,7,0,0.0,1.0
2025-03-25,Mouse,Bangalore,78,800,62400,42,50,1,1,6,0,0.0,1.0
2025-03-25,Mouse,Chennai,93,800,74400,177,50,1,0,2,0,0.0,1.0
2025-03-25,Mouse,Pune,89,800,71200,51,50,0,0,7,0,0.0,1.0
2025-03-25,Mouse,Kolkata,73,800,58400,63,50,0,0,6,0,0.0,1.0
2025-03-25,Mouse,Ahmedabad,81,800,64800,3,50,1,1,7,0,0.0,1.0
2025-03-25,Printer,Hyderabad,41,12000,492000,89,10,1,0,6,0,0.0,1.0
2025-03-25,Printer,Mumbai,24,12000,288000,46,10,0,0,7,0,0.0,1.0
2025-03-25,Printer,Delhi,36,12000,432000,51,10,0,0,6,0,0.0,1.0
2025-03-25,Printer,Bangalore,44,12000,528000,109,10,1,0,6,0,0.0,1.0
2025-03-25,Printer,Chennai,41,12000,492000,83,10,0,0,2,0,0.0,1.0
2025-03-25,Printer,Pune,18,12000,216000,68,10,0,0,4,0,0.0,1.0
2025-03-25,Printer,Kolkata,29,12000,348000,105,10,0,0,5,0,0.0,1.0
2025-03-25,Printer,Ahmedabad,36,12000,432000,47,10,1,0,7,0,0.0,1.0
2025-03-25,Speaker,Hyderabad,66,4000,264000,43,25,1,0,7,0,0.0,1.0
2025-03-25,Speaker,Mumbai,65,4000,260000,63,25,1,0,2,0,0.0,1.0
2025-03-25,Speaker,Delhi,58,4000,232000,72,25,0,0,3,0,0.0,1.0
2025-03-25,Speaker,Bangalore,60,4000,240000,127,25,1,0,7,0,0.0,1.0
2025-03-25,Speaker,Chennai,57,4000,228000,101,25,1,0,2,0,0.0,1.0
2025-03-25,Speaker,Pune,62,4000,248000,63,25,0,0,2,0,0.0,1.0
2025-03-25,Speaker,Kolkata,52,4000,208000,116,25,1,0,2,0,0.0,1.0
2025-03-25,Speaker,Ahmedabad,55,4000,220000,39,25,0,0,4,0,0.0,1.0
2025-03-26,Laptop,Hyderabad,59,55000,3245000,33,20,1,0,6,0,0.0,1.0
2025-03-26,Laptop,Mumbai,52,55000,2860000,27,20,0,0,3,0,0.0,1.0
2025-03-26,Laptop,Delhi,50,55000,2750000,47,20,0,0,3,0,0.0,1.0
2025-03-26,Laptop,Bangalore,55,55000,3025000,68,20,1,0,5,0,0.0,1.0
2025-03-26,Laptop,Chennai,55,55000,3025000,39,20,0,0,5,0,0.0,1.0
2025-03-26,Laptop,Pune,52,55000,2860000,110,20,1,0,4,0,0.0,1.0
2025-03-26,Laptop,Kolkata,53,55000,2915000,58,20,1,0,3,0,0.0,1.0
2025-03-26,Laptop,Ahmedabad,50,55000,2750000,48,20,1,0,7,0,0.0,1.0
2025-03-26,Mobile,Hyderabad,75,20000,1500000,36,30,0,0,6,0,0.0,1.0
2025-03-26,Mobile,Mumbai,77,20000,1540000,53,30,0,0,5,0,0.0,1.0
2025-03-26,Mobile,Delhi,76,20000,1520000,56,30,1,0,4,0,0.0,1.0
2025-03-26,Mobile,Bangalore,76,20000,1520000,89,30,1,0,5,0,0.0,1.0
2025-03-26,Mobile,Chennai,77,20000,1540000,63,30,1,0,5,0,0.0,1.0
2025-03-26,Mobile,Pune,82,20000,1640000,163,30,1,0,6,0,0.0,1.0
2025-03-26,Mobile,Kolkata,84,20000,1680000,66,30,1,0,5,0,0.0,1.0
2025-03-26,Mobile,Ahmedabad,88,20000,1760000,104,30,1,0,7,0,0.0,1.0
2025-03-26,Tablet,Hyderabad,39,30000,1170000,93,25,1,0,7,0,0.0,1.0
2025-03-26,Tablet,Mumbai,57,30000,1710000,137,25,1,0,5,0,0.0,1.0
2025-03-26,Tablet,Delhi,32,30000,960000,69,25,0,0,5,0,0.0,1.0
2025-03-26,Tablet,Bangalore,35,30000,1050000,99,25,1,0,7,0,0.0,1.0
2025-03-26,Tablet,Chennai,65,30000,1950000,61,25,0,0,4,0,0.0,1.0
2025-03-26,Tablet,Pune,35,30000,1050000,84,25,0,0,3,0,0.0,1.0
2025-03-26,Tablet,Kolkata,46,30000,1380000,79,25,1,0,5,0,0.0,1.0
2025-03-26,Tablet,Ahmedabad,35,30000,1050000,99,25,0,0,4,0,0.0,1.0
2025-03-26,Headphones,Hyderabad,69,3000,207000,104,40,1,0,7,0,0.0,1.0
2025-03-26,Headphones,Mumbai,65,3000,195000,59,40,1,0,7,0,0.0,1.0
2025-03-26,Headphones,Delhi,61,3000,183000,157,40,1,0,2,0,0.0,1.0
2025-03-26,Headphones,Bangalore,62,3000,186000,117,40,1,0,3,0,0.0,1.0
2025-03-26,Headphones,Chennai,57,3000,171000,154,40,1,0,5,0,0.0,1.0
2025-03-26,Headphones,Pune,61,3000,183000,156,40,1,0,2,0,0.0,1.0
2025-03-26,Headphones,Kolkata,63,3000,189000,140,40,1,0,7,0,0.0,1.0
2025-03-26,Headphones,Ahmedabad,70,3000,210000,131,40,1,0,6,0,0.0,1.0
2025-03-26,Smartwatch,Hyderabad,30,8000,240000,46,20,0,0,6,0,0.0,1.0
2025-03-26,Smartwatch,Mumbai,29,8000,232000,67,20,0,0,6,0,0.0,1.0
2025-03-26,Smartwatch,Delhi,47,8000,376000,71,20,1,0,6,0,0.0,1.0
2025-03-26,Smartwatch,Bangalore,58,8000,464000,122,20,1,0,3,0,0.0,1.0
2025-03-26,Smartwatch,Chennai,31,8000,248000,39,20,0,0,5,0,0.0,1.0
2025-03-26,Smartwatch,Pune,36,8000,288000,51,20,0,0,7,0,0.0,1.0
2025-03-26,Smartwatch,Kolkata,52,8000,416000,68,20,1,0,2,0,0.0,1.0
2025-03-26,Smartwatch,Ahmedabad,34,8000,272000,112,20,1,0,7,0,0.0,1.0
2025-03-26,Keyboard,Hyderabad,59,1500,88500,48,35,1,0,5,0,0.0,1.0
2025-03-26,Keyboard,Mumbai,77,1500,115500,71,35,0,0,7,0,0.0,1.0
2025-03-26,Keyboard,Delhi,53,1500,79500,36,35,0,0,7,0,0.0,1.0
2025-03-26,Keyboard,Bangalore,68,1500,102000,111,35,1,0,5,0,0.0,1.0
2025-03-26,Keyboard,Chennai,64,1500,96000,50,35,0,0,4,0,0.0,1.0
2025-03-26,Keyboard,Pune,70,1500,105000,36,35,0,0,7,0,0.0,1.0
2025-03-26,Keyboard,Kolkata,63,1500,94500,139,35,1,0,2,0,0.0,1.0
2025-03-26,Keyboard,Ahmedabad,74,1500,111000,110,35,1,0,6,0,0.0,1.0
2025-03-26,Monitor,Hyderabad,34,18000,612000,39,15,0,0,7,0,0.0,1.0
2025-03-26,Monitor,Mumbai,51,18000,918000,95,15,1,0,4,0,0.0,1.0
2025-03-26,Monitor,Delhi,47,18000,846000,49,15,0,0,5,0,0.0,1.0
2025-03-26,Monitor,Bangalore,41,18000,738000,51,15,0,0,2,0,0.0,1.0
2025-03-26,Monitor,Chennai,48,18000,864000,34,15,1,0,5,0,0.0,1.0
2025-03-26,Monitor,Pune,40,18000,720000,53,15,0,0,6,0,0.0,1.0
2025-03-26,Monitor,Kolkata,41,18000,738000,95,15,1,0,6,0,0.0,1.0
2025-03-26,Monitor,Ahmedabad,55,18000,990000,25,15,0,0,2,0,0.0,1.0
2025-03-26,Mouse,Hyderabad,90,800,72000,0,50,1,1,5,0,0.0,1.0
2025-03-26,Mouse,Mumbai,92,800,73600,83,50,1,0,7,0,0.0,1.0
2025-03-26,Mouse,Delhi,87,800,69600,149,50,1,0,3,0,0.0,1.0
2025-03-26,Mouse,Bangalore,89,800,71200,76,50,1,0,6,0,0.0,1.0
2025-03-26,Mouse,Chennai,96,800,76800,81,50,0,0,7,0,0.0,1.0
2025-03-26,Mouse,Pune,92,800,73600,46,50,1,1,6,0,0.0,1.0
2025-03-26,Mouse,Kolkata,84,800,67200,119,50,1,0,2,0,0.0,1.0
2025-03-26,Mouse,Ahmedabad,89,800,71200,21,50,1,1,4,0,0.0,1.0
2025-03-26,Printer,Hyderabad,24,12000,288000,65,10,0,0,3,0,0.0,1.0
2025-03-26,Printer,Mumbai,32,12000,384000,14,10,0,0,2,0,0.0,1.0
2025-03-26,Printer,Delhi,29,12000,348000,22,10,0,0,3,0,0.0,1.0
2025-03-26,Printer,Bangalore,31,12000,372000,78,10,0,0,6,0,0.0,1.0
2025-03-26,Printer,Chennai,37,12000,444000,46,10,0,0,5,0,0.0,1.0
2025-03-26,Printer,Pune,53,12000,636000,15,10,0,0,5,0,0.0,1.0
2025-03-26,Printer,Kolkata,29,12000,348000,76,10,0,0,7,0,0.0,1.0
2025-03-26,Printer,Ahmedabad,44,12000,528000,110,10,1,0,6,0,0.0,1.0
2025-03-26,Speaker,Hyderabad,71,4000,284000,112,25,1,0,2,0,0.0,1.0
2025-03-26,Speaker,Mumbai,62,4000,248000,70,25,1,0,3,0,0.0,1.0
2025-03-26,Speaker,Delhi,75,4000,300000,67,25,1,0,7,0,0.0,1.0
2025-03-26,Speaker,Bangalore,63,4000,252000,64,25,0,0,2,0,0.0,1.0
2025-03-26,Speaker,Chennai,68,4000,272000,33,25,0,0,2,0,0.0,1.0
2025-03-26,Speaker,Pune,57,4000,228000,116,25,1,0,5,0,0.0,1.0
2025-03-26,Speaker,Kolkata,63,4000,252000,53,25,0,0,3,0,0.0,1.0
2025-03-26,Speaker,Ahmedabad,47,4000,188000,129,25,1,0,4,0,0.0,1.0
2025-03-27,Laptop,Hyderabad,62,55000,3410000,54,20,1,0,4,0,0.0,1.0
2025-03-27,Laptop,Mumbai,51,55000,2805000,90,20,1,0,6,0,0.0,1.0
2025-03-27,Laptop,Delhi,37,55000,2035000,63,20,1,0,6,0,0.0,1.0
2025-03-27,Laptop,Bangalore,47,55000,2585000,21,20,0,0,5,0,0.0,1.0
2025-03-27,Laptop,Chennai,55,55000,3025000,74,20,1,0,2,0,0.0,1.0
2025-03-27,Laptop,Pune,54,55000,2970000,56,20,0,0,4,0,0.0,1.0
2025-03-27,Laptop,Kolkata,52,55000,2860000,86,20,1,0,6,0,0.0,1.0
2025-03-27,Laptop,Ahmedabad,63,55000,3465000,135,20,1,0,3,0,0.0,1.0
2025-03-27,Mobile,Hyderabad,91,20000,1820000,23,30,1,1,7,0,0.0,1.0
2025-03-27,Mobile,Mumbai,59,20000,1180000,94,30,1,0,3,0,0.0,1.0
2025-03-27,Mobile,Delhi,63,20000,1260000,117,30,1,0,3,0,0.0,1.0
2025-03-27,Mobile,Bangalore,66,20000,1320000,156,30,1,0,5,0,0.0,1.0
2025-03-27,Mobile,Chennai,69,20000,1380000,62,30,1,0,2,0,0.0,1.0
2025-03-27,Mobile,Pune,69,20000,1380000,94,30,0,0,7,0,0.0,1.0
2025-03-27,Mobile,Kolkata,85,20000,1700000,47,30,1,0,7,0,0.0,1.0
2025-03-27,Mobile,Ahmedabad,82,20000,1640000,87,30,1,0,3,0,0.0,1.0
2025-03-27,Tablet,Hyderabad,64,30000,1920000,29,25,0,0,6,0,0.0,1.0
2025-03-27,Tablet,Mumbai,51,30000,1530000,86,25,0,0,3,0,0.0,1.0
2025-03-27,Tablet,Delhi,43,30000,1290000,26,25,0,0,7,0,0.0,1.0
2025-03-27,Tablet,Bangalore,50,30000,1500000,49,25,0,0,6,0,0.0,1.0
2025-03-27,Tablet,Chennai,42,30000,1260000,165,25,1,0,4,0,0.0,1.0
2025-03-27,Tablet,Pune,58,30000,1740000,26,25,0,0,7,0,0.0,1.0
2025-03-27,Tablet,Kolkata,61,30000,1830000,119,25,1,0,5,0,0.0,1.0
2025-03-27,Tablet,Ahmedabad,49,30000,1470000,50,25,0,0,7,0,0.0,1.0
2025-03-27,Headphones,Hyderabad,73,3000,219000,138,40,1,0,3,0,0.0,1.0
2025-03-27,Headphones,Mumbai,68,3000,204000,68,40,1,0,6,0,0.0,1.0
2025-03-27,Headphones,Delhi,59,3000,177000,98,40,0,0,3,0,0.0,1.0
2025-03-27,Headphones,Bangalore,57,3000,171000,60,40,0,0,6,0,0.0,1.0
2025-03-27,Headphones,Chennai,66,3000,198000,88,40,0,0,6,0,0.0,1.0
2025-03-27,Headphones,Pune,59,3000,177000,97,40,0,0,6,0,0.0,1.0
2025-03-27,Headphones,Kolkata,66,3000,198000,74,40,0,0,4,0,0.0,1.0
2025-03-27,Headphones,Ahmedabad,67,3000,201000,64,40,0,0,5,0,0.0,1.0
2025-03-27,Smartwatch,Hyderabad,64,8000,512000,98,20,1,0,5,0,0.0,1.0
2025-03-27,Smartwatch,Mumbai,37,8000,296000,30,20,0,0,5,0,0.0,1.0
2025-03-27,Smartwatch,Delhi,27,8000,216000,44,20,0,0,2,0,0.0,1.0
2025-03-27,Smartwatch,Bangalore,35,8000,280000,87,20,0,0,7,0,0.0,1.0
2025-03-27,Smartwatch,Chennai,51,8000,408000,116,20,1,0,7,0,0.0,1.0
2025-03-27,Smartwatch,Pune,53,8000,424000,63,20,1,0,2,0,0.0,1.0
2025-03-27,Smartwatch,Kolkata,47,8000,376000,21,20,0,0,2,0,0.0,1.0
2025-03-27,Smartwatch,Ahmedabad,37,8000,296000,75,20,0,0,6,0,0.0,1.0
2025-03-27,Keyboard,Hyderabad,69,1500,103500,111,35,1,0,3,0,0.0,1.0
2025-03-27,Keyboard,Mumbai,73,1500,109500,144,35,1,0,5,0,0.0,1.0
2025-03-27,Keyboard,Delhi,72,1500,108000,94,35,1,0,3,0,0.0,1.0
2025-03-27,Keyboard,Bangalore,64,1500,96000,47,35,0,0,4,0,0.0,1.0
2025-03-27,Keyboard,Chennai,63,1500,94500,91,35,1,0,7,0,0.0,1.0
2025-03-27,Keyboard,Pune,79,1500,118500,92,35,1,0,6,0,0.0,1.0
2025-03-27,Keyboard,Kolkata,62,1500,93000,77,35,0,0,7,0,0.0,1.0
2025-03-27,Keyboard,Ahmedabad,58,1500,87000,52,35,0,0,5,0,0.0,1.0
2025-03-27,Monitor,Hyderabad,55,18000,990000,49,15,1,0,4,0,0.0,1.0
2025-03-27,Monitor,Mumbai,43,18000,774000,52,15,0,0,5,0,0.0,1.0
2025-03-27,Monitor,Delhi,46,18000,828000,130,15,1,0,7,0,0.0,1.0
2025-03-27,Monitor,Bangalore,40,18000,720000,111,15,1,0,7,0,0.0,1.0
2025-03-27,Monitor,Chennai,32,18000,576000,101,15,1,0,3,0,0.0,1.0
2025-03-27,Monitor,Pune,38,18000,684000,15,15,0,0,5,0,0.0,1.0
2025-03-27,Monitor,Kolkata,45,18000,810000,50,15,0,0,5,0,0.0,1.0
2025-03-27,Monitor,Ahmedabad,44,18000,792000,46,15,1,0,3,0,0.0,1.0
2025-03-27,Mouse,Hyderabad,82,800,65600,24,50,1,1,5,0,0.0,1.0
2025-03-27,Mouse,Mumbai,98,800,78400,109,50,1,0,4,0,0.0,1.0
2025-03-27,Mouse,Delhi,90,800,72000,59,50,0,0,6,0,0.0,1.0
2025-03-27,Mouse,Bangalore,89,800,71200,126,50,1,0,2,0,0.0,1.0
2025-03-27,Mouse,Chennai,91,800,72800,89,50,1,0,3,0,0.0,1.0
2025-03-27,Mouse,Pune,94,800,75200,60,50,1,0,7,0,0.0,1.0
2025-03-27,Mouse,Kolkata,90,800,72000,172,50,1,0,4,0,0.0,1.0
2025-03-27,Mouse,Ahmedabad,74,800,59200,64,50,1,0,2,0,0.0,1.0
2025-03-27,Printer,Hyderabad,31,12000,372000,34,10,0,0,2,0,0.0,1.0
2025-03-27,Printer,Mumbai,24,12000,288000,131,10,1,0,7,0,0.0,1.0
2025-03-27,Printer,Delhi,40,12000,480000,40,10,1,0,4,0,0.0,1.0
2025-03-27,Printer,Bangalore,35,12000,420000,43,10,0,0,2,0,0.0,1.0
2025-03-27,Printer,Chennai,19,12000,228000,27,10,0,0,6,0,0.0,1.0
2025-03-27,Printer,Pune,31,12000,372000,103,10,1,0,3,0,0.0,1.0
2025-03-27,Printer,Kolkata,33,12000,396000,43,10,0,0,5,0,0.0,1.0
2025-03-27,Printer,Ahmedabad,30,12000,360000,80,10,0,0,5,0,0.0,1.0
2025-03-27,Speaker,Hyderabad,59,4000,236000,53,25,0,0,2,0,0.0,1.0
2025-03-27,Speaker,Mumbai,36,4000,144000,34,25,0,0,4,0,0.0,1.0
2025-03-27,Speaker,Delhi,66,4000,264000,85,25,1,0,3,0,0.0,1.0
2025-03-27,Speaker,Bangalore,77,4000,308000,52,25,1,0,6,0,0.0,1.0
2025-03-27,Speaker,Chennai,66,4000,264000,60,25,1,0,5,0,0.0,1.0
2025-03-27,Speaker,Pune,59,4000,236000,57,25,0,0,5,0,0.0,1.0
2025-03-27,Speaker,Kolkata,48,4000,192000,61,25,1,0,3,0,0.0,1.0
2025-03-27,Speaker,Ahmedabad,55,4000,220000,74,25,0,0,7,0,0.0,1.0
2025-03-28,Laptop,Hyderabad,51,55000,2805000,118,20,1,0,2,0,0.0,1.0
2025-03-28,Laptop,Mumbai,67,55000,3685000,23,20,0,0,7,0,0.0,1.0
2025-03-28,Laptop,Delhi,48,55000,2640000,77,20,1,0,7,0,0.0,1.0
2025-03-28,Laptop,Bangalore,40,55000,2200000,105,20,1,0,2,0,0.0,1.0
2025-03-28,Laptop,Chennai,59,55000,3245000,114,20,1,0,2,0,0.0,1.0
2025-03-28,Laptop,Pune,61,55000,3355000,66,20,1,0,6,0,0.0,1.0
2025-03-28,Laptop,Kolkata,40,55000,2200000,46,20,0,0,3,0,0.0,1.0
2025-03-28,Laptop,Ahmedabad,62,55000,3410000,73,20,0,0,5,0,0.0,1.0
2025-03-28,Mobile,Hyderabad,69,20000,1380000,50,30,1,0,6,0,0.0,1.0
2025-03-28,Mobile,Mumbai,91,20000,1820000,70,30,1,0,4,0,0.0,1.0
2025-03-28,Mobile,Delhi,59,20000,1180000,58,30,0,0,7,0,0.0,1.0
2025-03-28,Mobile,Bangalore,80,20000,1600000,76,30,0,0,5,0,0.0,1.0
2025-03-28,Mobile,Chennai,84,20000,1680000,93,30,1,0,2,0,0.0,1.0
2025-03-28,Mobile,Pune,71,20000,1420000,172,30,1,0,4,0,0.0,1.0
2025-03-28,Mobile,Kolkata,75,20000,1500000,25,30,1,1,7,0,0.0,1.0
2025-03-28,Mobile,Ahmedabad,74,20000,1480000,143,30,1,0,2,0,0.0,1.0
2025-03-28,Tablet,Hyderabad,47,30000,1410000,128,25,1,0,2,0,0.0,1.0
2025-03-28,Tablet,Mumbai,55,30000,1650000,31,25,0,0,3,0,0.0,1.0
2025-03-28,Tablet,Delhi,53,30000,1590000,110,25,1,0,6,0,0.0,1.0
2025-03-28,Tablet,Bangalore,37,30000,1110000,80,25,1,0,5,0,0.0,1.0
2025-03-28,Tablet,Chennai,45,30000,1350000,120,25,0,0,3,0,0.0,1.0
2025-03-28,Tablet,Pune,37,30000,1110000,51,25,1,0,7,0,0.0,1.0
2025-03-28,Tablet,Kolkata,49,30000,1470000,70,25,0,0,7,0,0.0,1.0
2025-03-28,Tablet,Ahmedabad,59,30000,1770000,125,25,1,0,3,0,0.0,1.0
2025-03-28,Headphones,Hyderabad,69,3000,207000,69,40,0,0,6,0,0.0,1.0
2025-03-28,Headphones,Mumbai,63,3000,189000,126,40,1,0,2,0,0.0,1.0
2025-03-28,Headphones,Delhi,61,3000,183000,104,40,1,0,6,0,0.0,1.0
2025-03-28,Headphones,Bangalore,54,3000,162000,97,40,1,0,6,0,0.0,1.0
2025-03-28,Headphones,Chennai,59,3000,177000,162,40,1,0,7,0,0.0,1.0
2025-03-28,Headphones,Pune,73,3000,219000,162,40,1,0,3,0,0.0,1.0
2025-03-28,Headphones,Kolkata,62,3000,186000,107,40,1,0,6,0,0.0,1.0
2025-03-28,Headphones,Ahmedabad,47,3000,141000,141,40,1,0,7,0,0.0,1.0
2025-03-28,Smartwatch,Hyderabad,50,8000,400000,48,20,0,0,3,0,0.0,1.0
2025-03-28,Smartwatch,Mumbai,43,8000,344000,56,20,1,0,5,0,0.0,1.0
2025-03-28,Smartwatch,Delhi,39,8000,312000,77,20,1,0,6,0,0.0,1.0
2025-03-28,Smartwatch,Bangalore,42,8000,336000,45,20,0,0,4,0,0.0,1.0
2025-03-28,Smartwatch,Chennai,38,8000,304000,78,20,0,0,3,0,0.0,1.0
2025-03-28,Smartwatch,Pune,54,8000,432000,135,20,1,0,7,0,0.0,1.0
2025-03-28,Smartwatch,Kolkata,47,8000,376000,88,20,1,0,4,0,0.0,1.0
2025-03-28,Smartwatch,Ahmedabad,43,8000,344000,32,20,0,0,7,0,0.0,1.0
2025-03-28,Keyboard,Hyderabad,66,1500,99000,45,35,0,0,4,0,0.0,1.0
2025-03-28,Keyboard,Mumbai,69,1500,103500,75,35,0,0,2,0,0.0,1.0
2025-03-28,Keyboard,Delhi,68,1500,102000,169,35,1,0,3,0,0.0,1.0
2025-03-28,Keyboard,Bangalore,68,1500,102000,89,35,1,0,6,0,0.0,1.0
2025-03-28,Keyboard,Chennai,66,1500,99000,90,35,1,0,3,0,0.0,1.0
2025-03-28,Keyboard,Pune,76,1500,114000,139,35,1,0,7,0,0.0,1.0
2025-03-28,Keyboard,Kolkata,78,1500,117000,77,35,1,0,2,0,0.0,1.0
2025-03-28,Keyboard,Ahmedabad,47,1500,70500,130,35,1,0,7,0,0.0,1.0
2025-03-28,Monitor,Hyderabad,48,18000,864000,100,15,1,0,6,0,0.0,1.0
2025-03-28,Monitor,Mumbai,39,18000,702000,72,15,1,0,2,0,0.0,1.0
2025-03-28,Monitor,Delhi,45,18000,810000,85,15,0,0,4,0,0.0,1.0
2025-03-28,Monitor,Bangalore,46,18000,828000,65,15,0,0,2,0,0.0,1.0
2025-03-28,Monitor,Chennai,50,18000,900000,51,15,0,0,2,0,0.0,1.0
2025-03-28,Monitor,Pune,37,18000,666000,47,15,1,0,5,0,0.0,1.0
2025-03-28,Monitor,Kolkata,54,18000,972000,72,15,1,0,3,0,0.0,1.0
2025-03-28,Monitor,Ahmedabad,46,18000,828000,135,15,1,0,3,0,0.0,1.0
2025-03-28,Mouse,Hyderabad,80,800,64000,58,50,1,0,5,0,0.0,1.0
2025-03-28,Mouse,Mumbai,103,800,82400,116,50,1,0,5,0,0.0,1.0
2025-03-28,Mouse,Delhi,98,800,78400,28,50,1,1,7,0,0.0,1.0
2025-03-28,Mouse,Bangalore,94,800,75200,111,50,1,0,6,0,0.0,1.0
2025-03-28,Mouse,Chennai,85,800,68000,64,50,1,0,6,0,0.0,1.0
2025-03-28,Mouse,Pune,88,800,70400,43,50,1,1,4,0,0.0,1.0
2025-03-28,Mouse,Kolkata,76,800,60800,96,50,0,0,3,0,0.0,1.0
2025-03-28,Mouse,Ahmedabad,73,800,58400,134,50,1,0,6,0,0.0,1.0
2025-03-28,Printer,Hyderabad,44,12000,528000,64,10,1,0,7,0,0.0,1.0
2025-03-28,Printer,Mumbai,36,12000,432000,95,10,0,0,7,0,0.0,1.0
2025-03-28,Printer,Delhi,35,12000,420000,67,10,1,0,3,0,0.0,1.0
2025-03-28,Printer,Bangalore,29,12000,348000,14,10,0,0,5,0,0.0,1.0
2025-03-28,Printer,Chennai,20,12000,240000,125,10,1,0,6,0,0.0,1.0
2025-03-28,Printer,Pune,21,12000,252000,82,10,0,0,3,0,0.0,1.0
2025-03-28,Printer,Kolkata,24,12000,288000,19,10,0,0,5,0,0.0,1.0
2025-03-28,Printer,Ahmedabad,32,12000,384000,48,10,0,0,7,0,0.0,1.0
2025-03-28,Speaker,Hyderabad,46,4000,184000,95,25,1,0,2,0,0.0,1.0
2025-03-28,Speaker,Mumbai,70,4000,280000,38,25,1,0,5,0,0.0,1.0
2025-03-28,Speaker,Delhi,56,4000,224000,29,25,0,0,5,0,0.0,1.0
2025-03-28,Speaker,Bangalore,73,4000,292000,107,25,1,0,2,0,0.0,1.0
2025-03-28,Speaker,Chennai,51,4000,204000,74,25,1,0,4,0,0.0,1.0
2025-03-28,Speaker,Pune,57,4000,228000,81,25,1,0,7,0,0.0,1.0
2025-03-28,Speaker,Kolkata,66,4000,264000,89,25,1,0,4,0,0.0,1.0
2025-03-28,Speaker,Ahmedabad,42,4000,168000,32,25,0,0,3,0,0.0,1.0
2025-03-29,Laptop,Hyderabad,43,55000,2365000,75,20,0,0,5,0,0.0,1.0
2025-03-29,Laptop,Mumbai,56,55000,3080000,66,20,1,0,4,0,0.0,1.0
2025-03-29,Laptop,Delhi,57,55000,3135000,20,20,0,0,2,0,0.0,1.0
2025-03-29,Laptop,Bangalore,57,55000,3135000,48,20,0,0,6,0,0.0,1.0
2025-03-29,Laptop,Chennai,52,55000,2860000,62,20,0,0,4,0,0.0,1.0
2025-03-29,Laptop,Pune,65,55000,3575000,136,20,1,0,3,0,0.0,1.0
2025-03-29,Laptop,Kolkata,65,55000,3575000,82,20,1,0,6,0,0.0,1.0
2025-03-29,Laptop,Ahmedabad,53,55000,2915000,20,20,0,0,7,0,0.0,1.0
2025-03-29,Mobile,Hyderabad,84,20000,1680000,112,30,1,0,5,0,0.0,1.0
2025-03-29,Mobile,Mumbai,86,20000,1720000,48,30,1,0,3,0,0.0,1.0
2025-03-29,Mobile,Delhi,80,20000,1600000,93,30,1,0,5,0,0.0,1.0
2025-03-29,Mobile,Bangalore,76,20000,1520000,67,30,1,0,2,0,0.0,1.0
2025-03-29,Mobile,Chennai,75,20000,1500000,116,30,1,0,2,0,0.0,1.0
2025-03-29,Mobile,Pune,92,20000,1840000,80,30,0,0,6,0,0.0,1.0
2025-03-29,Mobile,Kolkata,83,20000,1660000,21,30,1,1,3,0,0.0,1.0
2025-03-29,Mobile,Ahmedabad,84,20000,1680000,59,30,0,0,3,0,0.0,1.0
2025-03-29,Tablet,Hyderabad,45,30000,1350000,83,25,0,0,2,0,0.0,1.0
2025-03-29,Tablet,Mumbai,56,30000,1680000,50,25,1,0,7,0,0.0,1.0
2025-03-29,Tablet,Delhi,42,30000,1260000,68,25,0,0,3,0,0.0,1.0
2025-03-29,Tablet,Bangalore,35,30000,1050000,45,25,0,0,3,0,0.0,1.0
2025-03-29,Tablet,Chennai,55,30000,1650000,65,25,0,0,3,0,0.0,1.0
2025-03-29,Tablet,Pune,43,30000,1290000,81,25,1,0,3,0,0.0,1.0
2025-03-29,Tablet,Kolkata,55,30000,1650000,106,25,1,0,2,0,0.0,1.0
2025-03-29,Tablet,Ahmedabad,54,30000,1620000,71,25,0,0,2,0,0.0,1.0
2025-03-29,Headphones,Hyderabad,63,3000,189000,64,40,1,0,5,0,0.0,1.0
2025-03-29,Headphones,Mumbai,56,3000,168000,70,40,0,0,7,0,0.0,1.0
2025-03-29,Headphones,Delhi,65,3000,195000,173,40,1,0,4,0,0.0,1.0
2025-03-29,Headphones,Bangalore,62,3000,186000,126,40,1,0,6,0,0.0,1.0
2025-03-29,Headphones,Chennai,76,3000,228000,86,40,0,0,5,0,0.0,1.0
2025-03-29,Headphones,Pune,68,3000,204000,94,40,0,0,3,0,0.0,1.0
2025-03-29,Headphones,Kolkata,61,3000,183000,46,40,0,0,6,0,0.0,1.0
2025-03-29,Headphones,Ahmedabad,59,3000,177000,82,40,0,0,6,0,0.0,1.0
2025-03-29,Smartwatch,Hyderabad,51,8000,408000,54,20,1,0,2,0,0.0,1.0
2025-03-29,Smartwatch,Mumbai,28,8000,224000,28,20,0,0,6,0,0.0,1.0
2025-03-29,Smartwatch,Delhi,32,8000,256000,45,20,0,0,5,0,0.0,1.0
2025-03-29,Smartwatch,Bangalore,30,8000,240000,88,20,1,0,4,0,0.0,1.0
2025-03-29,Smartwatch,Chennai,44,8000,352000,34,20,0,0,2,0,0.0,1.0
2025-03-29,Smartwatch,Pune,61,8000,488000,74,20,0,0,2,0,0.0,1.0
2025-03-29,Smartwatch,Kolkata,42,8000,336000,46,20,0,0,6,0,0.0,1.0
2025-03-29,Smartwatch,Ahmedabad,18,8000,144000,70,20,1,0,2,0,0.0,1.0
2025-03-29,Keyboard,Hyderabad,70,1500,105000,117,35,1,0,2,0,0.0,1.0
2025-03-29,Keyboard,Mumbai,76,1500,114000,79,35,1,0,3,0,0.0,1.0
2025-03-29,Keyboard,Delhi,65,1500,97500,104,35,0,0,7,0,0.0,1.0
2025-03-29,Keyboard,Bangalore,62,1500,93000,163,35,1,0,6,0,0.0,1.0
2025-03-29,Keyboard,Chennai,60,1500,90000,150,35,1,0,4,0,0.0,1.0
2025-03-29,Keyboard,Pune,59,1500,88500,80,35,0,0,2,0,0.0,1.0
2025-03-29,Keyboard,Kolkata,80,1500,120000,108,35,1,0,3,0,0.0,1.0
2025-03-29,Keyboard,Ahmedabad,78,1500,117000,52,35,0,0,4,0,0.0,1.0
2025-03-29,Monitor,Hyderabad,58,18000,1044000,42,15,0,0,2,0,0.0,1.0
2025-03-29,Monitor,Mumbai,41,18000,738000,31,15,0,0,6,0,0.0,1.0
2025-03-29,Monitor,Delhi,38,18000,684000,47,15,0,0,3,0,0.0,1.0
2025-03-29,Monitor,Bangalore,52,18000,936000,70,15,1,0,7,0,0.0,1.0
2025-03-29,Monitor,Chennai,29,18000,522000,22,15,0,0,7,0,0.0,1.0
2025-03-29,Monitor,Pune,41,18000,738000,138,15,1,0,2,0,0.0,1.0
2025-03-29,Monitor,Kolkata,39,18000,702000,33,15,0,0,3,0,0.0,1.0
2025-03-29,Monitor,Ahmedabad,45,18000,810000,90,15,0,0,4,0,0.0,1.0
2025-03-29,Mouse,Hyderabad,80,800,64000,90,50,1,0,7,0,0.0,1.0
2025-03-29,Mouse,Mumbai,86,800,68800,172,50,1,0,2,0,0.0,1.0
2025-03-29,Mouse,Delhi,87,800,69600,15,50,1,1,7,0,0.0,1.0
2025-03-29,Mouse,Bangalore,94,800,75200,74,50,1,0,5,0,0.0,1.0
2025-03-29,Mouse,Chennai,107,800,85600,8,50,1,1,4,0,0.0,1.0
2025-03-29,Mouse,Pune,89,800,71200,7,50,1,1,3,0,0.0,1.0
2025-03-29,Mouse,Kolkata,68,800,54400,155,50,1,0,3,0,0.0,1.0
2025-03-29,Mouse,Ahmedabad,91,800,72800,141,50,1,0,7,0,0.0,1.0
2025-03-29,Printer,Hyderabad,25,12000,300000,39,10,0,0,7,0,0.0,1.0
2025-03-29,Printer,Mumbai,27,12000,324000,68,10,0,0,7,0,0.0,1.0
2025-03-29,Printer,Delhi,14,12000,168000,53,10,0,0,4,0,0.0,1.0
2025-03-29,Printer,Bangalore,29,12000,348000,59,10,1,0,4,0,0.0,1.0
2025-03-29,Printer,Chennai,39,12000,468000,86,10,0,0,4,0,0.0,1.0
2025-03-29,Printer,Pune,33,12000,396000,49,10,0,0,2,0,0.0,1.0
2025-03-29,Printer,Kolkata,28,12000,336000,59,10,1,0,5,0,0.0,1.0
2025-03-29,Printer,Ahmedabad,28,12000,336000,20,10,0,0,3,0,0.0,1.0
2025-03-29,Speaker,Hyderabad,70,4000,280000,25,25,0,0,6,0,0.0,1.0
2025-03-29,Speaker,Mumbai,59,4000,236000,85,25,1,0,5,0,0.0,1.0
2025-03-29,Speaker,Delhi,55,4000,220000,43,25,1,0,4,0,0.0,1.0
2025-03-29,Speaker,Bangalore,59,4000,236000,48,25,0,0,2,0,0.0,1.0
2025-03-29,Speaker,Chennai,59,4000,236000,119,25,1,0,7,0,0.0,1.0
2025-03-29,Speaker,Pune,68,4000,272000,150,25,1,0,6,0,0.0,1.0
2025-03-29,Speaker,Kolkata,62,4000,248000,27,25,0,0,2,0,0.0,1.0
2025-03-29,Speaker,Ahmedabad,63,4000,252000,114,25,1,0,2,0,0.0,1.0
2025-03-30,Laptop,Hyderabad,62,55000,3410000,146,20,1,0,5,0,0.0,1.0
2025-03-30,Laptop,Mumbai,58,55000,3190000,83,20,1,0,3,0,0.0,1.0
2025-03-30,Laptop,Delhi,47,55000,2585000,57,20,1,0,3,0,0.0,1.0
2025-03-30,Laptop,Bangalore,45,55000,2475000,111,20,1,0,3,0,0.0,1.0
2025-03-30,Laptop,Chennai,55,55000,3025000,61,20,1,0,2,0,0.0,1.0
2025-03-30,Laptop,Pune,54,55000,2970000,82,20,0,0,6,0,0.0,1.0
2025-03-30,Laptop,Kolkata,59,55000,3245000,23,20,0,0,6,0,0.0,1.0
2025-03-30,Laptop,Ahmedabad,67,55000,3685000,103,20,1,0,2,0,0.0,1.0
2025-03-30,Mobile,Hyderabad,81,20000,1620000,31,30,0,0,5,0,0.0,1.0
2025-03-30,Mobile,Mumbai,82,20000,1640000,21,30,1,1,2,0,0.0,1.0
2025-03-30,Mobile,Delhi,73,20000,1460000,92,30,1,0,6,0,0.0,1.0
2025-03-30,Mobile,Bangalore,67,20000,1340000,86,30,1,0,4,0,0.0,1.0
2025-03-30,Mobile,Chennai,100,20000,2000000,152,30,1,0,4,0,0.0,1.0
2025-03-30,Mobile,Pune,78,20000,1560000,140,30,1,0,6,0,0.0,1.0
2025-03-30,Mobile,Kolkata,84,20000,1680000,73,30,1,0,5,0,0.0,1.0
2025-03-30,Mobile,Ahmedabad,76,20000,1520000,113,30,1,0,3,0,0.0,1.0
2025-03-30,Tablet,Hyderabad,64,30000,1920000,124,25,1,0,2,0,0.0,1.0
2025-03-30,Tablet,Mumbai,58,30000,1740000,98,25,1,0,3,0,0.0,1.0
2025-03-30,Tablet,Delhi,44,30000,1320000,156,25,1,0,2,0,0.0,1.0
2025-03-30,Tablet,Bangalore,45,30000,1350000,57,25,1,0,4,0,0.0,1.0
2025-03-30,Tablet,Chennai,43,30000,1290000,159,25,1,0,3,0,0.0,1.0
2025-03-30,Tablet,Pune,47,30000,1410000,34,25,0,0,5,0,0.0,1.0
2025-03-30,Tablet,Kolkata,47,30000,1410000,59,25,0,0,5,0,0.0,1.0
2025-03-30,Tablet,Ahmedabad,44,30000,1320000,27,25,0,0,6,0,0.0,1.0
2025-03-30,Headphones,Hyderabad,67,3000,201000,64,40,1,0,3,0,0.0,1.0
2025-03-30,Headphones,Mumbai,69,3000,207000,75,40,1,0,6,0,0.0,1.0
2025-03-30,Headphones,Delhi,77,3000,231000,96,40,0,0,2,0,0.0,1.0
2025-03-30,Headphones,Bangalore,69,3000,207000,57,40,0,0,5,0,0.0,1.0
2025-03-30,Headphones,Chennai,69,3000,207000,116,40,1,0,5,0,0.0,1.0
2025-03-30,Headphones,Pune,54,3000,162000,40,40,0,0,2,0,0.0,1.0
2025-03-30,Headphones,Kolkata,52,3000,156000,48,40,1,0,4,0,0.0,1.0
2025-03-30,Headphones,Ahmedabad,79,3000,237000,133,40,1,0,7,0,0.0,1.0
2025-03-30,Smartwatch,Hyderabad,34,8000,272000,20,20,0,0,7,0,0.0,1.0
2025-03-30,Smartwatch,Mumbai,29,8000,232000,110,20,1,0,3,0,0.0,1.0
2025-03-30,Smartwatch,Delhi,41,8000,328000,86,20,1,0,4,0,0.0,1.0
2025-03-30,Smartwatch,Bangalore,44,8000,352000,44,20,0,0,4,0,0.0,1.0
2025-03-30,Smartwatch,Chennai,27,8000,216000,149,20,1,0,6,0,0.0,1.0
2025-03-30,Smartwatch,Pune,45,8000,360000,29,20,0,0,4,0,0.0,1.0
2025-03-30,Smartwatch,Kolkata,44,8000,352000,140,20,1,0,6,0,0.0,1.0
2025-03-30,Smartwatch,Ahmedabad,40,8000,320000,30,20,0,0,2,0,0.0,1.0
2025-03-30,Keyboard,Hyderabad,66,1500,99000,51,35,0,0,5,0,0.0,1.0
2025-03-30,Keyboard,Mumbai,79,1500,118500,65,35,1,0,6,0,0.0,1.0
2025-03-30,Keyboard,Delhi,79,1500,118500,89,35,1,0,6,0,0.0,1.0
2025-03-30,Keyboard,Bangalore,82,1500,123000,81,35,0,0,3,0,0.0,1.0
2025-03-30,Keyboard,Chennai,85,1500,127500,65,35,0,0,5,0,0.0,1.0
2025-03-30,Keyboard,Pune,73,1500,109500,130,35,1,0,2,0,0.0,1.0
2025-03-30,Keyboard,Kolkata,65,1500,97500,43,35,0,0,4,0,0.0,1.0
2025-03-30,Keyboard,Ahmedabad,62,1500,93000,114,35,1,0,3,0,0.0,1.0
2025-03-30,Monitor,Hyderabad,40,18000,720000,101,15,1,0,3,0,0.0,1.0
2025-03-30,Monitor,Mumbai,45,18000,810000,99,15,1,0,5,0,0.0,1.0
2025-03-30,Monitor,Delhi,38,18000,684000,122,15,1,0,2,0,0.0,1.0
2025-03-30,Monitor,Bangalore,41,18000,738000,29,15,0,0,7,0,0.0,1.0
2025-03-30,Monitor,Chennai,41,18000,738000,56,15,1,0,2,0,0.0,1.0
2025-03-30,Monitor,Pune,43,18000,774000,95,15,0,0,4,0,0.0,1.0
2025-03-30,Monitor,Kolkata,42,18000,756000,55,15,1,0,4,0,0.0,1.0
2025-03-30,Monitor,Ahmedabad,40,18000,720000,50,15,0,0,5,0,0.0,1.0
2025-03-30,Mouse,Hyderabad,98,800,78400,124,50,1,0,7,0,0.0,1.0
2025-03-30,Mouse,Mumbai,101,800,80800,71,50,0,0,7,0,0.0,1.0
2025-03-30,Mouse,Delhi,84,800,67200,39,50,1,1,6,0,0.0,1.0
2025-03-30,Mouse,Bangalore,88,800,70400,131,50,1,0,3,0,0.0,1.0
2025-03-30,Mouse,Chennai,74,800,59200,60,50,1,0,7,0,0.0,1.0
2025-03-30,Mouse,Pune,88,800,70400,50,50,1,0,3,0,0.0,1.0
2025-03-30,Mouse,Kolkata,91,800,72800,64,50,0,0,4,0,0.0,1.0
2025-03-30,Mouse,Ahmedabad,72,800,57600,69,50,0,0,6,0,0.0,1.0
2025-03-30,Printer,Hyderabad,24,12000,288000,15,10,0,0,5,0,0.0,1.0
2025-03-30,Printer,Mumbai,41,12000,492000,27,10,0,0,3,0,0.0,1.0
2025-03-30,Printer,Delhi,28,12000,336000,25,10,0,0,3,0,0.0,1.0
2025-03-30,Printer,Bangalore,16,12000,192000,43,10,0,0,5,0,0.0,1.0
2025-03-30,Printer,Chennai,38,12000,456000,48,10,0,0,7,0,0.0,1.0
2025-03-30,Printer,Pune,23,12000,276000,26,10,0,0,6,0,0.0,1.0
2025-03-30,Printer,Kolkata,29,12000,348000,30,10,0,0,6,0,0.0,1.0
2025-03-30,Printer,Ahmedabad,30,12000,360000,118,10,1,0,7,0,0.0,1.0
2025-03-30,Speaker,Hyderabad,72,4000,288000,83,25,1,0,5,0,0.0,1.0
2025-03-30,Speaker,Mumbai,57,4000,228000,28,25,0,0,5,0,0.0,1.0
2025-03-30,Speaker,Delhi,53,4000,212000,74,25,1,0,7,0,0.0,1.0
2025-03-30,Speaker,Bangalore,55,4000,220000,134,25,1,0,7,0,0.0,1.0
2025-03-30,Speaker,Chennai,61,4000,244000,58,25,0,0,2,0,0.0,1.0
2025-03-30,Speaker,Pune,57,4000,228000,93,25,0,0,4,0,0.0,1.0
2025-03-30,Speaker,Kolkata,56,4000,224000,116,25,1,0,3,0,0.0,1.0
2025-03-30,Speaker,Ahmedabad,57,4000,228000,57,25,0,0,6,0,0.0,1.0
2025-03-31,Laptop,Hyderabad,61,55000,3355000,85,20,0,0,3,0,0.0,1.0
2025-03-31,Laptop,Mumbai,61,55000,3355000,22,20,0,0,6,0,0.0,1.0
2025-03-31,Laptop,Delhi,56,55000,3080000,91,20,1,0,2,0,0.0,1.0
2025-03-31,Laptop,Bangalore,38,55000,2090000,73,20,0,0,4,0,0.0,1.0
2025-03-31,Laptop,Chennai,50,55000,2750000,139,20,1,0,2,0,0.0,1.0
2025-03-31,Laptop,Pune,41,55000,2255000,41,20,0,0,7,0,0.0,1.0
2025-03-31,Laptop,Kolkata,58,55000,3190000,89,20,1,0,3,0,0.0,1.0
2025-03-31,Laptop,Ahmedabad,61,55000,3355000,42,20,0,0,3,0,0.0,1.0
2025-03-31,Mobile,Hyderabad,66,20000,1320000,36,30,1,0,6,0,0.0,1.0
2025-03-31,Mobile,Mumbai,82,20000,1640000,0,30,1,1,4,0,0.0,1.0
2025-03-31,Mobile,Delhi,82,20000,1640000,124,30,1,0,3,0,0.0,1.0
2025-03-31,Mobile,Bangalore,76,20000,1520000,157,30,1,0,4,0,0.0,1.0
2025-03-31,Mobile,Chennai,74,20000,1480000,78,30,0,0,3,0,0.0,1.0
2025-03-31,Mobile,Pune,90,20000,1800000,50,30,0,0,7,0,0.0,1.0
2025-03-31,Mobile,Kolkata,91,20000,1820000,75,30,1,0,6,0,0.0,1.0
2025-03-31,Mobile,Ahmedabad,76,20000,1520000,37,30,0,0,5,0,0.0,1.0
2025-03-31,Tablet,Hyderabad,39,30000,1170000,85,25,0,0,3,0,0.0,1.0
2025-03-31,Tablet,Mumbai,55,30000,1650000,43,25,0,0,2,0,0.0,1.0
2025-03-31,Tablet,Delhi,31,30000,930000,125,25,0,0,2,0,0.0,1.0
2025-03-31,Tablet,Bangalore,59,30000,1770000,101,25,1,0,7,0,0.0,1.0
2025-03-31,Tablet,Chennai,61,30000,1830000,98,25,0,0,6,0,0.0,1.0
2025-03-31,Tablet,Pune,57,30000,1710000,121,25,1,0,7,0,0.0,1.0
2025-03-31,Tablet,Kolkata,46,30000,1380000,124,25,1,0,4,0,0.0,1.0
2025-03-31,Tablet,Ahmedabad,48,30000,1440000,77,25,1,0,2,0,0.0,1.0
2025-03-31,Headphones,Hyderabad,68,3000,204000,48,40,1,0,6,0,0.0,1.0
2025-03-31,Headphones,Mumbai,61,3000,183000,112,40,1,0,6,0,0.0,1.0
2025-03-31,Headphones,Delhi,70,3000,210000,91,40,1,0,5,0,0.0,1.0
2025-03-31,Headphones,Bangalore,78,3000,234000,129,40,1,0,2,0,0.0,1.0
2025-03-31,Headphones,Chennai,66,3000,198000,50,40,0,0,5,0,0.0,1.0
2025-03-31,Headphones,Pune,57,3000,171000,103,40,1,0,3,0,0.0,1.0
2025-03-31,Headphones,Kolkata,59,3000,177000,78,40,1,0,3,0,0.0,1.0
2025-03-31,Headphones,Ahmedabad,88,3000,264000,45,40,0,0,7,0,0.0,1.0
2025-03-31,Smartwatch,Hyderabad,43,8000,344000,123,20,1,0,5,0,0.0,1.0
2025-03-31,Smartwatch,Mumbai,46,8000,368000,64,20,0,0,3,0,0.0,1.0
2025-03-31,Smartwatch,Delhi,38,8000,304000,48,20,0,0,7,0,0.0,1.0
2025-03-31,Smartwatch,Bangalore,45,8000,360000,121,20,1,0,3,0,0.0,1.0
2025-03-31,Smartwatch,Chennai,43,8000,344000,106,20,0,0,7,0,0.0,1.0
2025-03-31,Smartwatch,Pune,29,8000,232000,126,20,1,0,4,0,0.0,1.0
2025-03-31,Smartwatch,Kolkata,43,8000,344000,97,20,0,0,7,0,0.0,1.0
2025-03-31,Smartwatch,Ahmedabad,29,8000,232000,60,20,1,0,3,0,0.0,1.0
2025-03-31,Keyboard,Hyderabad,74,1500,111000,68,35,1,0,2,0,0.0,1.0
2025-03-31,Keyboard,Mumbai,55,1500,82500,153,35,1,0,7,0,0.0,1.0
2025-03-31,Keyboard,Delhi,56,1500,84000,108,35,1,0,7,0,0.0,1.0
2025-03-31,Keyboard,Bangalore,72,1500,108000,146,35,1,0,2,0,0.0,1.0
2025-03-31,Keyboard,Chennai,63,1500,94500,123,35,1,0,3,0,0.0,1.0
2025-03-31,Keyboard,Pune,68,1500,102000,62,35,0,0,2,0,0.0,1.0
2025-03-31,Keyboard,Kolkata,69,1500,103500,46,35,1,0,6,0,0.0,1.0
2025-03-31,Keyboard,Ahmedabad,66,1500,99000,48,35,0,0,2,0,0.0,1.0
2025-03-31,Monitor,Hyderabad,46,18000,828000,55,15,0,0,5,0,0.0,1.0
2025-03-31,Monitor,Mumbai,53,18000,954000,46,15,0,0,7,0,0.0,1.0
2025-03-31,Monitor,Delhi,49,18000,882000,73,15,0,0,7,0,0.0,1.0
2025-03-31,Monitor,Bangalore,39,18000,702000,118,15,1,0,4,0,0.0,1.0
2025-03-31,Monitor,Chennai,50,18000,900000,139,15,1,0,2,0,0.0,1.0
2025-03-31,Monitor,Pune,51,18000,918000,44,15,0,0,3,0,0.0,1.0
2025-03-31,Monitor,Kolkata,39,18000,702000,16,15,0,0,4,0,0.0,1.0
2025-03-31,Monitor,Ahmedabad,63,18000,1134000,51,15,1,0,2,0,0.0,1.0
2025-03-31,Mouse,Hyderabad,86,800,68800,105,50,1,0,7,0,0.0,1.0
2025-03-31,Mouse,Mumbai,95,800,76000,40,50,1,1,3,0,0.0,1.0
2025-03-31,Mouse,Delhi,85,800,68000,101,50,1,0,2,0,0.0,1.0
2025-03-31,Mouse,Bangalore,92,800,73600,148,50,1,0,6,0,0.0,1.0
2025-03-31,Mouse,Chennai,104,800,83200,30,50,1,1,7,0,0.0,1.0
2025-03-31,Mouse,Pune,82,800,65600,74,50,1,0,3,0,0.0,1.0
2025-03-31,Mouse,Kolkata,79,800,63200,62,50,1,0,3,0,0.0,1.0
2025-03-31,Mouse,Ahmedabad,100,800,80000,78,50,1,0,3,0,0.0,1.0
2025-03-31,Printer,Hyderabad,36,12000,432000,53,10,1,0,6,0,0.0,1.0
2025-03-31,Printer,Mumbai,42,12000,504000,105,10,1,0,2,0,0.0,1.0
2025-03-31,Printer,Delhi,18,12000,216000,85,10,1,0,7,0,0.0,1.0
2025-03-31,Printer,Bangalore,28,12000,336000,15,10,0,0,2,0,0.0,1.0
2025-03-31,Printer,Chennai,37,12000,444000,11,10,0,0,4,0,0.0,1.0
2025-03-31,Printer,Pune,20,12000,240000,62,10,1,0,5,0,0.0,1.0
2025-03-31,Printer,Kolkata,37,12000,444000,94,10,1,0,2,0,0.0,1.0
2025-03-31,Printer,Ahmedabad,19,12000,228000,99,10,0,0,4,0,0.0,1.0
2025-03-31,Speaker,Hyderabad,53,4000,212000,30,25,0,0,6,0,0.0,1.0
2025-03-31,Speaker,Mumbai,55,4000,220000,28,25,1,0,6,0,0.0,1.0
2025-03-31,Speaker,Delhi,63,4000,252000,101,25,1,0,4,0,0.0,1.0
2025-03-31,Speaker,Bangalore,63,4000,252000,71,25,0,0,3,0,0.0,1.0
2025-03-31,Speaker,Chennai,67,4000,268000,47,25,1,0,4,0,0.0,1.0
2025-03-31,Speaker,Pune,64,4000,256000,29,25,0,0,2,0,0.0,1.0
2025-03-31,Speaker,Kolkata,65,4000,260000,51,25,0,0,4,0,0.0,1.0
2025-03-31,Speaker,Ahmedabad,67,4000,268000,60,25,1,0,7,0,0.0,1.0
2025-04-01,Laptop,Hyderabad,86,55000,4730000,87,20,1,0,6,1,16.1,1.15
2025-04-01,Laptop,Mumbai,80,55000,4400000,51,20,1,0,6,1,16.1,1.15
2025-04-01,Laptop,Delhi,72,55000,3960000,140,20,1,0,2,1,16.1,1.15
2025-04-01,Laptop,Bangalore,70,55000,3850000,119,20,1,0,4,1,16.1,1.15
2025-04-01,Laptop,Chennai,77,55000,4235000,62,20,0,0,6,1,16.1,1.15
2025-04-01,Laptop,Pune,80,55000,4400000,17,20,1,1,3,1,16.1,1.15
2025-04-01,Laptop,Kolkata,81,55000,4455000,127,20,1,0,5,1,16.1,1.15
2025-04-01,Laptop,Ahmedabad,67,55000,3685000,94,20,1,0,6,1,16.1,1.15
2025-04-01,Mobile,Hyderabad,120,20000,2400000,35,30,1,0,3,1,16.1,1.15
2025-04-01,Mobile,Mumbai,122,20000,2440000,0,30,1,1,6,1,16.1,1.15
2025-04-01,Mobile,Delhi,113,20000,2260000,143,30,1,0,2,1,16.1,1.15
2025-04-01,Mobile,Bangalore,114,20000,2280000,43,30,0,0,3,1,16.1,1.15
2025-04-01,Mobile,Chennai,107,20000,2140000,88,30,1,0,3,1,16.1,1.15
2025-04-01,Mobile,Pune,108,20000,2160000,84,30,1,0,2,1,16.1,1.15
2025-04-01,Mobile,Kolkata,112,20000,2240000,98,30,1,0,3,1,16.1,1.15
2025-04-01,Mobile,Ahmedabad,108,20000,2160000,5,30,1,1,4,1,16.1,1.15
2025-04-01,Tablet,Hyderabad,63,30000,1890000,135,25,1,0,3,1,16.1,1.15
2025-04-01,Tablet,Mumbai,68,30000,2040000,77,25,1,0,7,1,16.1,1.15
2025-04-01,Tablet,Delhi,55,30000,1650000,70,25,0,0,5,1,16.1,1.15
2025-04-01,Tablet,Bangalore,54,30000,1620000,47,25,0,0,3,1,16.1,1.15
2025-04-01,Tablet,Chennai,78,30000,2340000,95,25,1,0,2,1,16.1,1.15
2025-04-01,Tablet,Pune,60,30000,1800000,61,25,0,0,5,1,16.1,1.15
2025-04-01,Tablet,Kolkata,62,30000,1860000,62,25,0,0,6,1,16.1,1.15
2025-04-01,Tablet,Ahmedabad,61,30000,1830000,123,25,1,0,5,1,16.1,1.15
2025-04-01,Headphones,Hyderabad,87,3000,261000,25,40,1,1,4,1,16.1,1.15
2025-04-01,Headphones,Mumbai,84,3000,252000,147,40,1,0,5,1,16.1,1.15
2025-04-01,Headphones,Delhi,80,3000,240000,147,40,1,0,7,1,16.1,1.15
2025-04-01,Headphones,Bangalore,95,3000,285000,115,40,1,0,2,1,16.1,1.15
2025-04-01,Headphones,Chennai,99,3000,297000,58,40,1,0,3,1,16.1,1.15
2025-04-01,Headphones,Pune,84,3000,252000,169,40,1,0,7,1,16.1,1.15
2025-04-01,Headphones,Kolkata,103,3000,309000,106,40,1,0,4,1,16.1,1.15
2025-04-01,Headphones,Ahmedabad,96,3000,288000,63,40,1,0,6,1,16.1,1.15
2025-04-01,Smartwatch,Hyderabad,46,8000,368000,77,20,0,0,5,1,16.1,1.15
2025-04-01,Smartwatch,Mumbai,47,8000,376000,107,20,1,0,3,1,16.1,1.15
2025-04-01,Smartwatch,Delhi,51,8000,408000,57,20,1,0,5,1,16.1,1.15
2025-04-01,Smartwatch,Bangalore,57,8000,456000,64,20,0,0,6,1,16.1,1.15
2025-04-01,Smartwatch,Chennai,40,8000,320000,66,20,0,0,2,1,16.1,1.15
2025-04-01,Smartwatch,Pune,51,8000,408000,75,20,0,0,7,1,16.1,1.15
2025-04-01,Smartwatch,Kolkata,58,8000,464000,39,20,0,0,5,1,16.1,1.15
2025-04-01,Smartwatch,Ahmedabad,47,8000,376000,132,20,1,0,4,1,16.1,1.15
2025-04-01,Keyboard,Hyderabad,101,1500,151500,58,35,1,0,7,1,16.1,1.15
2025-04-01,Keyboard,Mumbai,99,1500,148500,54,35,0,0,7,1,16.1,1.15
2025-04-01,Keyboard,Delhi,95,1500,142500,143,35,1,0,5,1,16.1,1.15
2025-04-01,Keyboard,Bangalore,98,1500,147000,48,35,0,0,6,1,16.1,1.15
2025-04-01,Keyboard,Chennai,117,1500,175500,96,35,1,0,3,1,16.1,1.15
2025-04-01,Keyboard,Pune,99,1500,148500,42,35,1,0,6,1,16.1,1.15
2025-04-01,Keyboard,Kolkata,92,1500,138000,38,35,1,0,2,1,16.1,1.15
2025-04-01,Keyboard,Ahmedabad,96,1500,144000,48,35,1,0,7,1,16.1,1.15
2025-04-01,Monitor,Hyderabad,68,18000,1224000,50,15,1,0,7,1,16.1,1.15
2025-04-01,Monitor,Mumbai,61,18000,1098000,67,15,1,0,6,1,16.1,1.15
2025-04-01,Monitor,Delhi,69,18000,1242000,78,15,1,0,2,1,16.1,1.15
2025-04-01,Monitor,Bangalore,62,18000,1116000,56,15,0,0,3,1,16.1,1.15
2025-04-01,Monitor,Chennai,64,18000,1152000,75,15,0,0,3,1,16.1,1.15
2025-04-01,Monitor,Pune,61,18000,1098000,34,15,1,0,5,1,16.1,1.15
2025-04-01,Monitor,Kolkata,71,18000,1278000,76,15,1,0,5,1,16.1,1.15
2025-04-01,Monitor,Ahmedabad,63,18000,1134000,105,15,1,0,2,1,16.1,1.15
2025-04-01,Mouse,Hyderabad,139,800,111200,113,50,1,0,2,1,16.1,1.15
2025-04-01,Mouse,Mumbai,116,800,92800,12,50,1,1,7,1,16.1,1.15
2025-04-01,Mouse,Delhi,131,800,104800,67,50,1,0,6,1,16.1,1.15
2025-04-01,Mouse,Bangalore,129,800,103200,151,50,1,0,2,1,16.1,1.15
2025-04-01,Mouse,Chennai,119,800,95200,0,50,1,1,5,1,16.1,1.15
2025-04-01,Mouse,Pune,111,800,88800,18,50,1,1,6,1,16.1,1.15
2025-04-01,Mouse,Kolkata,125,800,100000,38,50,1,1,3,1,16.1,1.15
2025-04-01,Mouse,Ahmedabad,122,800,97600,67,50,1,0,4,1,16.1,1.15
2025-04-01,Printer,Hyderabad,36,12000,432000,17,10,0,0,6,1,16.1,1.15
2025-04-01,Printer,Mumbai,33,12000,396000,72,10,0,0,5,1,16.1,1.15
2025-04-01,Printer,Delhi,44,12000,528000,41,10,0,0,7,1,16.1,1.15
2025-04-01,Printer,Bangalore,42,12000,504000,51,10,1,0,3,1,16.1,1.15
2025-04-01,Printer,Chennai,31,12000,372000,83,10,1,0,6,1,16.1,1.15
2025-04-01,Printer,Pune,28,12000,336000,34,10,0,0,6,1,16.1,1.15
2025-04-01,Printer,Kolkata,43,12000,516000,51,10,0,0,6,1,16.1,1.15
2025-04-01,Printer,Ahmedabad,35,12000,420000,64,10,0,0,5,1,16.1,1.15
2025-04-01,Speaker,Hyderabad,76,4000,304000,11,25,1,1,7,1,16.1,1.15
2025-04-01,Speaker,Mumbai,82,4000,328000,81,25,1,0,2,1,16.1,1.15
2025-04-01,Speaker,Delhi,77,4000,308000,111,25,1,0,2,1,16.1,1.15
2025-04-01,Speaker,Bangalore,81,4000,324000,49,25,1,0,4,1,16.1,1.15
2025-04-01,Speaker,Chennai,87,4000,348000,39,25,1,0,4,1,16.1,1.15
2025-04-01,Speaker,Pune,74,4000,296000,22,25,1,1,6,1,16.1,1.15
2025-04-01,Speaker,Kolkata,88,4000,352000,38,25,1,0,5,1,16.1,1.15
2025-04-01,Speaker,Ahmedabad,95,4000,380000,50,25,1,0,2,1,16.1,1.15
2025-04-02,Laptop,Hyderabad,68,55000,3740000,135,20,1,0,3,0,0.0,1.15
2025-04-02,Laptop,Mumbai,65,55000,3575000,77,20,1,0,7,0,0.0,1.15
2025-04-02,Laptop,Delhi,51,55000,2805000,89,20,0,0,3,0,0.0,1.15
2025-04-02,Laptop,Bangalore,56,55000,3080000,63,20,0,0,5,0,0.0,1.15
2025-04-02,Laptop,Chennai,61,55000,3355000,57,20,1,0,2,0,0.0,1.15
2025-04-02,Laptop,Pune,73,55000,4015000,69,20,1,0,2,0,0.0,1.15
2025-04-02,Laptop,Kolkata,65,55000,3575000,62,20,0,0,6,0,0.0,1.15
2025-04-02,Laptop,Ahmedabad,68,55000,3740000,26,20,0,0,4,0,0.0,1.15
2025-04-02,Mobile,Hyderabad,95,20000,1900000,42,30,1,0,3,0,0.0,1.15
2025-04-02,Mobile,Mumbai,92,20000,1840000,12,30,1,1,5,0,0.0,1.15
2025-04-02,Mobile,Delhi,99,20000,1980000,44,30,0,0,2,0,0.0,1.15
2025-04-02,Mobile,Bangalore,93,20000,1860000,83,30,1,0,3,0,0.0,1.15
2025-04-02,Mobile,Chennai,93,20000,1860000,71,30,1,0,5,0,0.0,1.15
2025-04-02,Mobile,Pune,85,20000,1700000,89,30,1,0,5,0,0.0,1.15
2025-04-02,Mobile,Kolkata,83,20000,1660000,138,30,1,0,6,0,0.0,1.15
2025-04-02,Mobile,Ahmedabad,92,20000,1840000,0,30,1,1,6,0,0.0,1.15
2025-04-02,Tablet,Hyderabad,53,30000,1590000,82,25,0,0,3,0,0.0,1.15
2025-04-02,Tablet,Mumbai,43,30000,1290000,34,25,0,0,6,0,0.0,1.15
2025-04-02,Tablet,Delhi,61,30000,1830000,101,25,1,0,3,0,0.0,1.15
2025-04-02,Tablet,Bangalore,62,30000,1860000,129,25,1,0,2,0,0.0,1.15
2025-04-02,Tablet,Chennai,62,30000,1860000,33,25,0,0,7,0,0.0,1.15
2025-04-02,Tablet,Pune,67,30000,2010000,141,25,1,0,2,0,0.0,1.15
2025-04-02,Tablet,Kolkata,34,30000,1020000,28,25,0,0,2,0,0.0,1.15
2025-04-02,Tablet,Ahmedabad,55,30000,1650000,68,25,0,0,6,0,0.0,1.15
2025-04-02,Headphones,Hyderabad,76,3000,228000,0,40,1,1,5,0,0.0,1.15
2025-04-02,Headphones,Mumbai,72,3000,216000,75,40,0,0,4,0,0.0,1.15
2025-04-02,Headphones,Delhi,99,3000,297000,48,40,0,0,7,0,0.0,1.15
2025-04-02,Headphones,Bangalore,81,3000,243000,119,40,1,0,5,0,0.0,1.15
2025-04-02,Headphones,Chennai,82,3000,246000,67,40,1,0,6,0,0.0,1.15
2025-04-02,Headphones,Pune,76,3000,228000,93,40,0,0,4,0,0.0,1.15
2025-04-02,Headphones,Kolkata,78,3000,234000,154,40,1,0,6,0,0.0,1.15
2025-04-02,Headphones,Ahmedabad,70,3000,210000,92,40,1,0,3,0,0.0,1.15
2025-04-02,Smartwatch,Hyderabad,35,8000,280000,42,20,0,0,7,0,0.0,1.15
2025-04-02,Smartwatch,Mumbai,55,8000,440000,52,20,0,0,3,0,0.0,1.15
2025-04-02,Smartwatch,Delhi,51,8000,408000,74,20,1,0,7,0,0.0,1.15
2025-04-02,Smartwatch,Bangalore,50,8000,400000,128,20,1,0,2,0,0.0,1.15
2025-04-02,Smartwatch,Chennai,35,8000,280000,31,20,0,0,7,0,0.0,1.15
2025-04-02,Smartwatch,Pune,37,8000,296000,38,20,0,0,2,0,0.0,1.15
2025-04-02,Smartwatch,Kolkata,36,8000,288000,121,20,1,0,7,0,0.0,1.15
2025-04-02,Smartwatch,Ahmedabad,48,8000,384000,84,20,0,0,6,0,0.0,1.15
2025-04-02,Keyboard,Hyderabad,77,1500,115500,60,35,1,0,2,0,0.0,1.15
2025-04-02,Keyboard,Mumbai,86,1500,129000,80,35,1,0,7,0,0.0,1.15
2025-04-02,Keyboard,Delhi,73,1500,109500,70,35,0,0,3,0,0.0,1.15
2025-04-02,Keyboard,Bangalore,87,1500,130500,66,35,1,0,6,0,0.0,1.15
2025-04-02,Keyboard,Chennai,87,1500,130500,83,35,1,0,6,0,0.0,1.15
2025-04-02,Keyboard,Pune,72,1500,108000,114,35,1,0,5,0,0.0,1.15
2025-04-02,Keyboard,Kolkata,87,1500,130500,39,35,1,0,7,0,0.0,1.15
2025-04-02,Keyboard,Ahmedabad,95,1500,142500,3,35,1,1,2,0,0.0,1.15
2025-04-02,Monitor,Hyderabad,46,18000,828000,138,15,1,0,7,0,0.0,1.15
2025-04-02,Monitor,Mumbai,44,18000,792000,23,15,0,0,6,0,0.0,1.15
2025-04-02,Monitor,Delhi,50,18000,900000,28,15,0,0,5,0,0.0,1.15
2025-04-02,Monitor,Bangalore,49,18000,882000,78,15,1,0,7,0,0.0,1.15
2025-04-02,Monitor,Chennai,57,18000,1026000,18,15,0,0,7,0,0.0,1.15
2025-04-02,Monitor,Pune,43,18000,774000,104,15,1,0,2,0,0.0,1.15
2025-04-02,Monitor,Kolkata,55,18000,990000,21,15,0,0,4,0,0.0,1.15
2025-04-02,Monitor,Ahmedabad,59,18000,1062000,46,15,0,0,7,0,0.0,1.15
2025-04-02,Mouse,Hyderabad,117,800,93600,87,50,1,0,5,0,0.0,1.15
2025-04-02,Mouse,Mumbai,89,800,71200,44,50,1,1,3,0,0.0,1.15
2025-04-02,Mouse,Delhi,108,800,86400,22,50,1,1,5,0,0.0,1.15
2025-04-02,Mouse,Bangalore,111,800,88800,92,50,1,0,5,0,0.0,1.15
2025-04-02,Mouse,Chennai,83,800,66400,15,50,1,1,5,0,0.0,1.15
2025-04-02,Mouse,Pune,91,800,72800,61,50,1,0,4,0,0.0,1.15
2025-04-02,Mouse,Kolkata,121,800,96800,50,50,1,0,7,0,0.0,1.15
2025-04-02,Mouse,Ahmedabad,105,800,84000,109,50,1,0,7,0,0.0,1.15
2025-04-02,Printer,Hyderabad,31,12000,372000,38,10,1,0,2,0,0.0,1.15
2025-04-02,Printer,Mumbai,30,12000,360000,42,10,0,0,7,0,0.0,1.15
2025-04-02,Printer,Delhi,18,12000,216000,23,10,0,0,6,0,0.0,1.15
2025-04-02,Printer,Bangalore,41,12000,492000,10,10,0,0,6,0,0.0,1.15
2025-04-02,Printer,Chennai,43,12000,516000,40,10,0,0,3,0,0.0,1.15
2025-04-02,Printer,Pune,27,12000,324000,89,10,1,0,3,0,0.0,1.15
2025-04-02,Printer,Kolkata,47,12000,564000,129,10,1,0,6,0,0.0,1.15
2025-04-02,Printer,Ahmedabad,26,12000,312000,38,10,0,0,5,0,0.0,1.15
2025-04-02,Speaker,Hyderabad,63,4000,252000,29,25,1,0,5,0,0.0,1.15
2025-04-02,Speaker,Mumbai,78,4000,312000,147,25,1,0,5,0,0.0,1.15
2025-04-02,Speaker,Delhi,57,4000,228000,54,25,0,0,2,0,0.0,1.15
2025-04-02,Speaker,Bangalore,67,4000,268000,47,25,1,0,2,0,0.0,1.15
2025-04-02,Speaker,Chennai,77,4000,308000,33,25,1,0,2,0,0.0,1.15
2025-04-02,Speaker,Pune,64,4000,256000,108,25,1,0,3,0,0.0,1.15
2025-04-02,Speaker,Kolkata,51,4000,204000,64,25,1,0,3,0,0.0,1.15
2025-04-02,Speaker,Ahmedabad,73,4000,292000,106,25,1,0,4,0,0.0,1.15
2025-04-03,Laptop,Hyderabad,60,55000,3300000,75,20,0,0,3,0,0.0,1.15
2025-04-03,Laptop,Mumbai,67,55000,3685000,109,20,1,0,3,0,0.0,1.15
2025-04-03,Laptop,Delhi,60,55000,3300000,29,20,0,0,2,0,0.0,1.15
2025-04-03,Laptop,Bangalore,57,55000,3135000,135,20,1,0,4,0,0.0,1.15
2025-04-03,Laptop,Chennai,56,55000,3080000,52,20,1,0,4,0,0.0,1.15
2025-04-03,Laptop,Pune,79,55000,4345000,84,20,1,0,5,0,0.0,1.15
2025-04-03,Laptop,Kolkata,59,55000,3245000,120,20,1,0,2,0,0.0,1.15
2025-04-03,Laptop,Ahmedabad,58,55000,3190000,62,20,1,0,7,0,0.0,1.15
2025-04-03,Mobile,Hyderabad,101,20000,2020000,69,30,1,0,2,0,0.0,1.15
2025-04-03,Mobile,Mumbai,91,20000,1820000,0,30,1,1,6,0,0.0,1.15
2025-04-03,Mobile,Delhi,78,20000,1560000,96,30,1,0,3,0,0.0,1.15
2025-04-03,Mobile,Bangalore,83,20000,1660000,73,30,1,0,5,0,0.0,1.15
2025-04-03,Mobile,Chennai,84,20000,1680000,48,30,1,0,7,0,0.0,1.15
2025-04-03,Mobile,Pune,97,20000,1940000,91,30,1,0,4,0,0.0,1.15
2025-04-03,Mobile,Kolkata,91,20000,1820000,47,30,0,0,4,0,0.0,1.15
2025-04-03,Mobile,Ahmedabad,82,20000,1640000,19,30,1,1,5,0,0.0,1.15
2025-04-03,Tablet,Hyderabad,53,30000,1590000,29,25,0,0,3,0,0.0,1.15
2025-04-03,Tablet,Mumbai,46,30000,1380000,126,25,1,0,3,0,0.0,1.15
2025-04-03,Tablet,Delhi,56,30000,1680000,45,25,0,0,5,0,0.0,1.15
2025-04-03,Tablet,Bangalore,61,30000,1830000,68,25,0,0,7,0,0.0,1.15
2025-04-03,Tablet,Chennai,53,30000,1590000,60,25,1,0,7,0,0.0,1.15
2025-04-03,Tablet,Pune,44,30000,1320000,97,25,0,0,7,0,0.0,1.15
2025-04-03,Tablet,Kolkata,48,30000,1440000,99,25,1,0,2,0,0.0,1.15
2025-04-03,Tablet,Ahmedabad,53,30000,1590000,129,25,1,0,2,0,0.0,1.15
2025-04-03,Headphones,Hyderabad,73,3000,219000,55,40,1,0,2,0,0.0,1.15
2025-04-03,Headphones,Mumbai,78,3000,234000,121,40,1,0,4,0,0.0,1.15
2025-04-03,Headphones,Delhi,64,3000,192000,82,40,1,0,7,0,0.0,1.15
2025-04-03,Headphones,Bangalore,71,3000,213000,48,40,0,0,5,0,0.0,1.15
2025-04-03,Headphones,Chennai,69,3000,207000,50,40,1,0,3,0,0.0,1.15
2025-04-03,Headphones,Pune,74,3000,222000,139,40,1,0,5,0,0.0,1.15
2025-04-03,Headphones,Kolkata,59,3000,177000,95,40,0,0,4,0,0.0,1.15
2025-04-03,Headphones,Ahmedabad,65,3000,195000,107,40,1,0,6,0,0.0,1.15
2025-04-03,Smartwatch,Hyderabad,47,8000,376000,121,20,1,0,4,0,0.0,1.15
2025-04-03,Smartwatch,Mumbai,60,8000,480000,141,20,1,0,2,0,0.0,1.15
2025-04-03,Smartwatch,Delhi,34,8000,272000,40,20,0,0,5,0,0.0,1.15
2025-04-03,Smartwatch,Bangalore,42,8000,336000,86,20,0,0,5,0,0.0,1.15
2025-04-03,Smartwatch,Chennai,47,8000,376000,54,20,1,0,4,0,0.0,1.15
2025-04-03,Smartwatch,Pune,63,8000,504000,45,20,1,0,2,0,0.0,1.15
2025-04-03,Smartwatch,Kolkata,55,8000,440000,66,20,0,0,2,0,0.0,1.15
2025-04-03,Smartwatch,Ahmedabad,58,8000,464000,26,20,0,0,4,0,0.0,1.15
2025-04-03,Keyboard,Hyderabad,64,1500,96000,120,35,1,0,5,0,0.0,1.15
2025-04-03,Keyboard,Mumbai,83,1500,124500,67,35,1,0,2,0,0.0,1.15
2025-04-03,Keyboard,Delhi,82,1500,123000,108,35,1,0,5,0,0.0,1.15
2025-04-03,Keyboard,Bangalore,74,1500,111000,58,35,1,0,4,0,0.0,1.15
2025-04-03,Keyboard,Chennai,73,1500,109500,121,35,1,0,7,0,0.0,1.15
2025-04-03,Keyboard,Pune,89,1500,133500,140,35,1,0,7,0,0.0,1.15
2025-04-03,Keyboard,Kolkata,69,1500,103500,20,35,1,1,6,0,0.0,1.15
2025-04-03,Keyboard,Ahmedabad,82,1500,123000,42,35,1,0,6,0,0.0,1.15
2025-04-03,Monitor,Hyderabad,64,18000,1152000,74,15,0,0,7,0,0.0,1.15
2025-04-03,Monitor,Mumbai,37,18000,666000,96,15,1,0,6,0,0.0,1.15
2025-04-03,Monitor,Delhi,50,18000,900000,63,15,1,0,6,0,0.0,1.15
2025-04-03,Monitor,Bangalore,54,18000,972000,24,15,0,0,3,0,0.0,1.15
2025-04-03,Monitor,Chennai,37,18000,666000,119,15,1,0,6,0,0.0,1.15
2025-04-03,Monitor,Pune,53,18000,954000,51,15,0,0,5,0,0.0,1.15
2025-04-03,Monitor,Kolkata,46,18000,828000,60,15,1,0,7,0,0.0,1.15
2025-04-03,Monitor,Ahmedabad,54,18000,972000,58,15,1,0,4,0,0.0,1.15
2025-04-03,Mouse,Hyderabad,93,800,74400,142,50,1,0,6,0,0.0,1.15
2025-04-03,Mouse,Mumbai,118,800,94400,46,50,1,1,3,0,0.0,1.15
2025-04-03,Mouse,Delhi,92,800,73600,56,50,1,0,5,0,0.0,1.15
2025-04-03,Mouse,Bangalore,94,800,75200,126,50,1,0,7,0,0.0,1.15
2025-04-03,Mouse,Chennai,90,800,72000,7,50,1,1,6,0,0.0,1.15
2025-04-03,Mouse,Pune,115,800,92000,77,50,1,0,7,0,0.0,1.15
2025-04-03,Mouse,Kolkata,111,800,88800,55,50,1,0,4,0,0.0,1.15
2025-04-03,Mouse,Ahmedabad,109,800,87200,68,50,1,0,6,0,0.0,1.15
2025-04-03,Printer,Hyderabad,30,12000,360000,150,10,1,0,4,0,0.0,1.15
2025-04-03,Printer,Mumbai,31,12000,372000,11,10,0,0,5,0,0.0,1.15
2025-04-03,Printer,Delhi,29,12000,348000,75,10,1,0,6,0,0.0,1.15
2025-04-03,Printer,Bangalore,35,12000,420000,45,10,1,0,7,0,0.0,1.15
2025-04-03,Printer,Chennai,31,12000,372000,122,10,1,0,2,0,0.0,1.15
2025-04-03,Printer,Pune,22,12000,264000,67,10,0,0,4,0,0.0,1.15
2025-04-03,Printer,Kolkata,38,12000,456000,91,10,0,0,4,0,0.0,1.15
2025-04-03,Printer,Ahmedabad,49,12000,588000,86,10,1,0,2,0,0.0,1.15
2025-04-03,Speaker,Hyderabad,78,4000,312000,50,25,1,0,3,0,0.0,1.15
2025-04-03,Speaker,Mumbai,71,4000,284000,76,25,0,0,5,0,0.0,1.15
2025-04-03,Speaker,Delhi,86,4000,344000,107,25,1,0,2,0,0.0,1.15
2025-04-03,Speaker,Bangalore,72,4000,288000,121,25,1,0,3,0,0.0,1.15
2025-04-03,Speaker,Chennai,81,4000,324000,44,25,1,0,4,0,0.0,1.15
2025-04-03,Speaker,Pune,61,4000,244000,47,25,0,0,4,0,0.0,1.15
2025-04-03,Speaker,Kolkata,83,4000,332000,80,25,1,0,3,0,0.0,1.15
2025-04-03,Speaker,Ahmedabad,72,4000,288000,34,25,0,0,7,0,0.0,1.15
2025-04-04,Laptop,Hyderabad,70,55000,3850000,90,20,1,0,4,0,0.0,1.15
2025-04-04,Laptop,Mumbai,67,55000,3685000,42,20,0,0,2,0,0.0,1.15
2025-04-04,Laptop,Delhi,58,55000,3190000,61,20,1,0,6,0,0.0,1.15
2025-04-04,Laptop,Bangalore,63,55000,3465000,72,20,0,0,7,0,0.0,1.15
2025-04-04,Laptop,Chennai,58,55000,3190000,123,20,1,0,4,0,0.0,1.15
2025-04-04,Laptop,Pune,53,55000,2915000,31,20,0,0,5,0,0.0,1.15
2025-04-04,Laptop,Kolkata,62,55000,3410000,58,20,0,0,4,0,0.0,1.15
2025-04-04,Laptop,Ahmedabad,56,55000,3080000,151,20,1,0,4,0,0.0,1.15
2025-04-04,Mobile,Hyderabad,85,20000,1700000,61,30,1,0,7,0,0.0,1.15
2025-04-04,Mobile,Mumbai,82,20000,1640000,63,30,1,0,6,0,0.0,1.15
2025-04-04,Mobile,Delhi,95,20000,1900000,109,30,1,0,7,0,0.0,1.15
2025-04-04,Mobile,Bangalore,96,20000,1920000,64,30,1,0,6,0,0.0,1.15
2025-04-04,Mobile,Chennai,94,20000,1880000,89,30,1,0,7,0,0.0,1.15
2025-04-04,Mobile,Pune,87,20000,1740000,140,30,1,0,6,0,0.0,1.15
2025-04-04,Mobile,Kolkata,91,20000,1820000,17,30,1,1,6,0,0.0,1.15
2025-04-04,Mobile,Ahmedabad,77,20000,1540000,89,30,1,0,5,0,0.0,1.15
2025-04-04,Tablet,Hyderabad,56,30000,1680000,32,25,1,0,2,0,0.0,1.15
2025-04-04,Tablet,Mumbai,49,30000,1470000,77,25,0,0,2,0,0.0,1.15
2025-04-04,Tablet,Delhi,57,30000,1710000,99,25,1,0,5,0,0.0,1.15
2025-04-04,Tablet,Bangalore,53,30000,1590000,106,25,1,0,2,0,0.0,1.15
2025-04-04,Tablet,Chennai,59,30000,1770000,124,25,1,0,6,0,0.0,1.15
2025-04-04,Tablet,Pune,41,30000,1230000,56,25,0,0,5,0,0.0,1.15
2025-04-04,Tablet,Kolkata,56,30000,1680000,43,25,0,0,2,0,0.0,1.15
2025-04-04,Tablet,Ahmedabad,46,30000,1380000,83,25,0,0,7,0,0.0,1.15
2025-04-04,Headphones,Hyderabad,80,3000,240000,87,40,1,0,3,0,0.0,1.15
2025-04-04,Headphones,Mumbai,73,3000,219000,48,40,0,0,6,0,0.0,1.15
2025-04-04,Headphones,Delhi,79,3000,237000,106,40,1,0,7,0,0.0,1.15
2025-04-04,Headphones,Bangalore,77,3000,231000,114,40,1,0,6,0,0.0,1.15
2025-04-04,Headphones,Chennai,82,3000,246000,62,40,1,0,4,0,0.0,1.15
2025-04-04,Headphones,Pune,72,3000,216000,67,40,0,0,2,0,0.0,1.15
2025-04-04,Headphones,Kolkata,81,3000,243000,84,40,1,0,7,0,0.0,1.15
2025-04-04,Headphones,Ahmedabad,69,3000,207000,130,40,1,0,6,0,0.0,1.15
2025-04-04,Smartwatch,Hyderabad,37,8000,296000,84,20,0,0,4,0,0.0,1.15
2025-04-04,Smartwatch,Mumbai,54,8000,432000,87,20,0,0,5,0,0.0,1.15
2025-04-04,Smartwatch,Delhi,43,8000,344000,78,20,1,0,5,0,0.0,1.15
2025-04-04,Smartwatch,Bangalore,60,8000,480000,26,20,0,0,5,0,0.0,1.15
2025-04-04,Smartwatch,Chennai,30,8000,240000,24,20,0,0,6,0,0.0,1.15
2025-04-04,Smartwatch,Pune,49,8000,392000,114,20,1,0,7,0,0.0,1.15
2025-04-04,Smartwatch,Kolkata,51,8000,408000,161,20,1,0,3,0,0.0,1.15
2025-04-04,Smartwatch,Ahmedabad,36,8000,288000,81,20,1,0,6,0,0.0,1.15
2025-04-04,Keyboard,Hyderabad,85,1500,127500,35,35,0,0,5,0,0.0,1.15
2025-04-04,Keyboard,Mumbai,87,1500,130500,79,35,1,0,5,0,0.0,1.15
2025-04-04,Keyboard,Delhi,78,1500,117000,126,35,1,0,6,0,0.0,1.15
2025-04-04,Keyboard,Bangalore,84,1500,126000,59,35,1,0,5,0,0.0,1.15
2025-04-04,Keyboard,Chennai,67,1500,100500,54,35,0,0,2,0,0.0,1.15
2025-04-04,Keyboard,Pune,88,1500,132000,52,35,0,0,2,0,0.0,1.15
2025-04-04,Keyboard,Kolkata,68,1500,102000,88,35,1,0,2,0,0.0,1.15
2025-04-04,Keyboard,Ahmedabad,94,1500,141000,39,35,1,0,4,0,0.0,1.15
2025-04-04,Monitor,Hyderabad,33,18000,594000,41,15,0,0,2,0,0.0,1.15
2025-04-04,Monitor,Mumbai,64,18000,1152000,32,15,0,0,6,0,0.0,1.15
2025-04-04,Monitor,Delhi,46,18000,828000,17,15,0,0,4,0,0.0,1.15
2025-04-04,Monitor,Bangalore,51,18000,918000,57,15,1,0,7,0,0.0,1.15
2025-04-04,Monitor,Chennai,54,18000,972000,65,15,0,0,3,0,0.0,1.15
2025-04-04,Monitor,Pune,49,18000,882000,125,15,1,0,2,0,0.0,1.15
2025-04-04,Monitor,Kolkata,70,18000,1260000,57,15,1,0,2,0,0.0,1.15
2025-04-04,Monitor,Ahmedabad,51,18000,918000,120,15,1,0,3,0,0.0,1.15
2025-04-04,Mouse,Hyderabad,99,800,79200,112,50,1,0,7,0,0.0,1.15
2025-04-04,Mouse,Mumbai,104,800,83200,14,50,1,1,5,0,0.0,1.15
2025-04-04,Mouse,Delhi,103,800,82400,67,50,1,0,3,0,0.0,1.15
2025-04-04,Mouse,Bangalore,103,800,82400,149,50,1,0,7,0,0.0,1.15
2025-04-04,Mouse,Chennai,105,800,84000,43,50,1,1,3,0,0.0,1.15
2025-04-04,Mouse,Pune,95,800,76000,132,50,1,0,6,0,0.0,1.15
2025-04-04,Mouse,Kolkata,99,800,79200,10,50,1,1,7,0,0.0,1.15
2025-04-04,Mouse,Ahmedabad,97,800,77600,110,50,1,0,5,0,0.0,1.15
2025-04-04,Printer,Hyderabad,38,12000,456000,112,10,0,0,7,0,0.0,1.15
2025-04-04,Printer,Mumbai,43,12000,516000,81,10,1,0,3,0,0.0,1.15
2025-04-04,Printer,Delhi,44,12000,528000,31,10,0,0,6,0,0.0,1.15
2025-04-04,Printer,Bangalore,30,12000,360000,15,10,0,0,2,0,0.0,1.15
2025-04-04,Printer,Chennai,32,12000,384000,90,10,0,0,2,0,0.0,1.15
2025-04-04,Printer,Pune,47,12000,564000,20,10,0,0,6,0,0.0,1.15
2025-04-04,Printer,Kolkata,37,12000,444000,54,10,0,0,4,0,0.0,1.15
2025-04-04,Printer,Ahmedabad,31,12000,372000,55,10,0,0,2,0,0.0,1.15
2025-04-04,Speaker,Hyderabad,57,4000,228000,96,25,1,0,6,0,0.0,1.15
2025-04-04,Speaker,Mumbai,64,4000,256000,141,25,1,0,3,0,0.0,1.15
2025-04-04,Speaker,Delhi,60,4000,240000,47,25,0,0,2,0,0.0,1.15
2025-04-04,Speaker,Bangalore,71,4000,284000,50,25,0,0,4,0,0.0,1.15
2025-04-04,Speaker,Chennai,78,4000,312000,26,25,1,0,3,0,0.0,1.15
2025-04-04,Speaker,Pune,71,4000,284000,83,25,1,0,4,0,0.0,1.15
2025-04-04,Speaker,Kolkata,55,4000,220000,25,25,0,0,2,0,0.0,1.15
2025-04-04,Speaker,Ahmedabad,63,4000,252000,102,25,1,0,2,0,0.0,1.15
2025-04-05,Laptop,Hyderabad,50,55000,2750000,40,20,0,0,7,0,0.0,1.15
2025-04-05,Laptop,Mumbai,61,55000,3355000,112,20,1,0,4,0,0.0,1.15
2025-04-05,Laptop,Delhi,61,55000,3355000,115,20,1,0,3,0,0.0,1.15
2025-04-05,Laptop,Bangalore,72,55000,3960000,121,20,1,0,3,0,0.0,1.15
2025-04-05,Laptop,Chennai,61,55000,3355000,62,20,0,0,3,0,0.0,1.15
2025-04-05,Laptop,Pune,58,55000,3190000,119,20,1,0,3,0,0.0,1.15
2025-04-05,Laptop,Kolkata,69,55000,3795000,126,20,1,0,3,0,0.0,1.15
2025-04-05,Laptop,Ahmedabad,65,55000,3575000,86,20,0,0,4,0,0.0,1.15
2025-04-05,Mobile,Hyderabad,84,20000,1680000,35,30,1,0,3,0,0.0,1.15
2025-04-05,Mobile,Mumbai,89,20000,1780000,59,30,1,0,4,0,0.0,1.15
2025-04-05,Mobile,Delhi,109,20000,2180000,75,30,1,0,4,0,0.0,1.15
2025-04-05,Mobile,Bangalore,93,20000,1860000,99,30,1,0,2,0,0.0,1.15
2025-04-05,Mobile,Chennai,94,20000,1880000,69,30,1,0,2,0,0.0,1.15
2025-04-05,Mobile,Pune,82,20000,1640000,58,30,0,0,7,0,0.0,1.15
2025-04-05,Mobile,Kolkata,98,20000,1960000,13,30,1,1,7,0,0.0,1.15
2025-04-05,Mobile,Ahmedabad,89,20000,1780000,81,30,1,0,7,0,0.0,1.15
2025-04-05,Tablet,Hyderabad,44,30000,1320000,56,25,1,0,6,0,0.0,1.15
2025-04-05,Tablet,Mumbai,66,30000,1980000,126,25,1,0,5,0,0.0,1.15
2025-04-05,Tablet,Delhi,46,30000,1380000,53,25,0,0,5,0,0.0,1.15
2025-04-05,Tablet,Bangalore,54,30000,1620000,52,25,0,0,4,0,0.0,1.15
2025-04-05,Tablet,Chennai,53,30000,1590000,71,25,0,0,2,0,0.0,1.15
2025-04-05,Tablet,Pune,57,30000,1710000,88,25,1,0,2,0,0.0,1.15
2025-04-05,Tablet,Kolkata,50,30000,1500000,72,25,1,0,5,0,0.0,1.15
2025-04-05,Tablet,Ahmedabad,63,30000,1890000,129,25,1,0,7,0,0.0,1.15
2025-04-05,Headphones,Hyderabad,88,3000,264000,131,40,1,0,6,0,0.0,1.15
2025-04-05,Headphones,Mumbai,74,3000,222000,44,40,1,0,2,0,0.0,1.15
2025-04-05,Headphones,Delhi,87,3000,261000,138,40,1,0,3,0,0.0,1.15
2025-04-05,Headphones,Bangalore,82,3000,246000,89,40,1,0,3,0,0.0,1.15
2025-04-05,Headphones,Chennai,59,3000,177000,86,40,1,0,4,0,0.0,1.15
2025-04-05,Headphones,Pune,72,3000,216000,113,40,1,0,2,0,0.0,1.15
2025-04-05,Headphones,Kolkata,79,3000,237000,92,40,1,0,7,0,0.0,1.15
2025-04-05,Headphones,Ahmedabad,63,3000,189000,67,40,0,0,4,0,0.0,1.15
2025-04-05,Smartwatch,Hyderabad,63,8000,504000,21,20,0,0,3,0,0.0,1.15
2025-04-05,Smartwatch,Mumbai,36,8000,288000,51,20,0,0,5,0,0.0,1.15
2025-04-05,Smartwatch,Delhi,43,8000,344000,35,20,0,0,2,0,0.0,1.15
2025-04-05,Smartwatch,Bangalore,50,8000,400000,48,20,1,0,6,0,0.0,1.15
2025-04-05,Smartwatch,Chennai,40,8000,320000,78,20,1,0,5,0,0.0,1.15
2025-04-05,Smartwatch,Pune,32,8000,256000,82,20,0,0,5,0,0.0,1.15
2025-04-05,Smartwatch,Kolkata,51,8000,408000,110,20,0,0,7,0,0.0,1.15
2025-04-05,Smartwatch,Ahmedabad,51,8000,408000,30,20,0,0,6,0,0.0,1.15
2025-04-05,Keyboard,Hyderabad,75,1500,112500,32,35,1,1,4,0,0.0,1.15
2025-04-05,Keyboard,Mumbai,80,1500,120000,83,35,1,0,5,0,0.0,1.15
2025-04-05,Keyboard,Delhi,83,1500,124500,43,35,0,0,5,0,0.0,1.15
2025-04-05,Keyboard,Bangalore,79,1500,118500,80,35,1,0,6,0,0.0,1.15
2025-04-05,Keyboard,Chennai,86,1500,129000,42,35,1,0,4,0,0.0,1.15
2025-04-05,Keyboard,Pune,83,1500,124500,24,35,1,1,5,0,0.0,1.15
2025-04-05,Keyboard,Kolkata,87,1500,130500,80,35,1,0,5,0,0.0,1.15
2025-04-05,Keyboard,Ahmedabad,72,1500,108000,56,35,1,0,2,0,0.0,1.15
2025-04-05,Monitor,Hyderabad,41,18000,738000,135,15,1,0,6,0,0.0,1.15
2025-04-05,Monitor,Mumbai,45,18000,810000,55,15,1,0,3,0,0.0,1.15
2025-04-05,Monitor,Delhi,46,18000,828000,37,15,1,0,7,0,0.0,1.15
2025-04-05,Monitor,Bangalore,46,18000,828000,95,15,1,0,5,0,0.0,1.15
2025-04-05,Monitor,Chennai,46,18000,828000,19,15,0,0,5,0,0.0,1.15
2025-04-05,Monitor,Pune,47,18000,846000,78,15,0,0,6,0,0.0,1.15
2025-04-05,Monitor,Kolkata,51,18000,918000,98,15,1,0,4,0,0.0,1.15
2025-04-05,Monitor,Ahmedabad,64,18000,1152000,56,15,0,0,5,0,0.0,1.15
2025-04-05,Mouse,Hyderabad,119,800,95200,72,50,1,0,7,0,0.0,1.15
2025-04-05,Mouse,Mumbai,106,800,84800,0,50,1,1,3,0,0.0,1.15
2025-04-05,Mouse,Delhi,109,800,87200,73,50,1,0,3,0,0.0,1.15
2025-04-05,Mouse,Bangalore,107,800,85600,175,50,1,0,4,0,0.0,1.15
2025-04-05,Mouse,Chennai,101,800,80800,19,50,1,1,3,0,0.0,1.15
2025-04-05,Mouse,Pune,111,800,88800,122,50,1,0,3,0,0.0,1.15
2025-04-05,Mouse,Kolkata,100,800,80000,39,50,1,1,6,0,0.0,1.15
2025-04-05,Mouse,Ahmedabad,104,800,83200,133,50,1,0,6,0,0.0,1.15
2025-04-05,Printer,Hyderabad,32,12000,384000,80,10,0,0,6,0,0.0,1.15
2025-04-05,Printer,Mumbai,36,12000,432000,45,10,0,0,2,0,0.0,1.15
2025-04-05,Printer,Delhi,32,12000,384000,137,10,1,0,4,0,0.0,1.15
2025-04-05,Printer,Bangalore,30,12000,360000,66,10,1,0,4,0,0.0,1.15
2025-04-05,Printer,Chennai,31,12000,372000,59,10,0,0,5,0,0.0,1.15
2025-04-05,Printer,Pune,40,12000,480000,64,10,1,0,2,0,0.0,1.15
2025-04-05,Printer,Kolkata,32,12000,384000,22,10,0,0,4,0,0.0,1.15
2025-04-05,Printer,Ahmedabad,47,12000,564000,64,10,1,0,7,0,0.0,1.15
2025-04-05,Speaker,Hyderabad,72,4000,288000,132,25,1,0,4,0,0.0,1.15
2025-04-05,Speaker,Mumbai,71,4000,284000,70,25,0,0,3,0,0.0,1.15
2025-04-05,Speaker,Delhi,59,4000,236000,134,25,1,0,2,0,0.0,1.15
2025-04-05,Speaker,Bangalore,68,4000,272000,49,25,1,0,4,0,0.0,1.15
2025-04-05,Speaker,Chennai,67,4000,268000,96,25,1,0,4,0,0.0,1.15
2025-04-05,Speaker,Pune,77,4000,308000,118,25,1,0,4,0,0.0,1.15
2025-04-05,Speaker,Kolkata,58,4000,232000,113,25,1,0,6,0,0.0,1.15
2025-04-05,Speaker,Ahmedabad,64,4000,256000,38,25,0,0,6,0,0.0,1.15
2025-04-06,Laptop,Hyderabad,65,55000,3575000,90,20,1,0,5,0,0.0,1.15
2025-04-06,Laptop,Mumbai,68,55000,3740000,44,20,0,0,5,0,0.0,1.15
2025-04-06,Laptop,Delhi,50,55000,2750000,65,20,0,0,4,0,0.0,1.15
2025-04-06,Laptop,Bangalore,62,55000,3410000,59,20,0,0,2,0,0.0,1.15
2025-04-06,Laptop,Chennai,66,55000,3630000,120,20,1,0,4,0,0.0,1.15
2025-04-06,Laptop,Pune,49,55000,2695000,70,20,0,0,7,0,0.0,1.15
2025-04-06,Laptop,Kolkata,52,55000,2860000,74,20,0,0,2,0,0.0,1.15
2025-04-06,Laptop,Ahmedabad,70,55000,3850000,96,20,1,0,4,0,0.0,1.15
2025-04-06,Mobile,Hyderabad,87,20000,1740000,15,30,1,1,3,0,0.0,1.15
2025-04-06,Mobile,Mumbai,89,20000,1780000,55,30,1,0,4,0,0.0,1.15
2025-04-06,Mobile,Delhi,79,20000,1580000,96,30,1,0,3,0,0.0,1.15
2025-04-06,Mobile,Bangalore,95,20000,1900000,60,30,1,0,7,0,0.0,1.15
2025-04-06,Mobile,Chennai,81,20000,1620000,43,30,1,0,7,0,0.0,1.15
2025-04-06,Mobile,Pune,98,20000,1960000,79,30,1,0,5,0,0.0,1.15
2025-04-06,Mobile,Kolkata,89,20000,1780000,0,30,1,1,7,0,0.0,1.15
2025-04-06,Mobile,Ahmedabad,70,20000,1400000,128,30,1,0,5,0,0.0,1.15
2025-04-06,Tablet,Hyderabad,46,30000,1380000,85,25,1,0,6,0,0.0,1.15
2025-04-06,Tablet,Mumbai,68,30000,2040000,58,25,0,0,5,0,0.0,1.15
2025-04-06,Tablet,Delhi,46,30000,1380000,58,25,1,0,4,0,0.0,1.15
2025-04-06,Tablet,Bangalore,53,30000,1590000,124,25,1,0,3,0,0.0,1.15
2025-04-06,Tablet,Chennai,48,30000,1440000,148,25,1,0,4,0,0.0,1.15
2025-04-06,Tablet,Pune,45,30000,1350000,43,25,0,0,2,0,0.0,1.15
2025-04-06,Tablet,Kolkata,49,30000,1470000,123,25,1,0,7,0,0.0,1.15
2025-04-06,Tablet,Ahmedabad,48,30000,1440000,81,25,0,0,3,0,0.0,1.15
2025-04-06,Headphones,Hyderabad,84,3000,252000,47,40,0,0,4,0,0.0,1.15
2025-04-06,Headphones,Mumbai,66,3000,198000,95,40,1,0,6,0,0.0,1.15
2025-04-06,Headphones,Delhi,77,3000,231000,61,40,0,0,6,0,0.0,1.15
2025-04-06,Headphones,Bangalore,74,3000,222000,111,40,1,0,4,0,0.0,1.15
2025-04-06,Headphones,Chennai,75,3000,225000,151,40,1,0,2,0,0.0,1.15
2025-04-06,Headphones,Pune,67,3000,201000,46,40,0,0,6,0,0.0,1.15
2025-04-06,Headphones,Kolkata,70,3000,210000,96,40,1,0,3,0,0.0,1.15
2025-04-06,Headphones,Ahmedabad,78,3000,234000,48,40,1,0,2,0,0.0,1.15
2025-04-06,Smartwatch,Hyderabad,57,8000,456000,32,20,1,0,2,0,0.0,1.15
2025-04-06,Smartwatch,Mumbai,58,8000,464000,102,20,1,0,2,0,0.0,1.15
2025-04-06,Smartwatch,Delhi,39,8000,312000,107,20,1,0,3,0,0.0,1.15
2025-04-06,Smartwatch,Bangalore,42,8000,336000,81,20,1,0,4,0,0.0,1.15
2025-04-06,Smartwatch,Chennai,47,8000,376000,31,20,0,0,4,0,0.0,1.15
2025-04-06,Smartwatch,Pune,42,8000,336000,40,20,0,0,5,0,0.0,1.15
2025-04-06,Smartwatch,Kolkata,41,8000,328000,69,20,0,0,3,0,0.0,1.15
2025-04-06,Smartwatch,Ahmedabad,55,8000,440000,83,20,1,0,3,0,0.0,1.15
2025-04-06,Keyboard,Hyderabad,69,1500,103500,111,35,1,0,6,0,0.0,1.15
2025-04-06,Keyboard,Mumbai,79,1500,118500,83,35,1,0,4,0,0.0,1.15
2025-04-06,Keyboard,Delhi,74,1500,111000,52,35,1,0,4,0,0.0,1.15
2025-04-06,Keyboard,Bangalore,70,1500,105000,66,35,1,0,3,0,0.0,1.15
2025-04-06,Keyboard,Chennai,74,1500,111000,73,35,1,0,4,0,0.0,1.15
2025-04-06,Keyboard,Pune,88,1500,132000,0,35,1,1,3,0,0.0,1.15
2025-04-06,Keyboard,Kolkata,81,1500,121500,148,35,1,0,7,0,0.0,1.15
2025-04-06,Keyboard,Ahmedabad,86,1500,129000,70,35,1,0,7,0,0.0,1.15
2025-04-06,Monitor,Hyderabad,46,18000,828000,89,15,0,0,7,0,0.0,1.15
2025-04-06,Monitor,Mumbai,50,18000,900000,76,15,1,0,6,0,0.0,1.15
2025-04-06,Monitor,Delhi,61,18000,1098000,72,15,1,0,6,0,0.0,1.15
2025-04-06,Monitor,Bangalore,38,18000,684000,57,15,0,0,3,0,0.0,1.15
2025-04-06,Monitor,Chennai,50,18000,900000,117,15,1,0,2,0,0.0,1.15
2025-04-06,Monitor,Pune,44,18000,792000,34,15,0,0,3,0,0.0,1.15
2025-04-06,Monitor,Kolkata,54,18000,972000,44,15,0,0,4,0,0.0,1.15
2025-04-06,Monitor,Ahmedabad,52,18000,936000,98,15,1,0,2,0,0.0,1.15
2025-04-06,Mouse,Hyderabad,103,800,82400,78,50,1,0,7,0,0.0,1.15
2025-04-06,Mouse,Mumbai,95,800,76000,40,50,1,1,6,0,0.0,1.15
2025-04-06,Mouse,Delhi,104,800,83200,33,50,1,1,2,0,0.0,1.15
2025-04-06,Mouse,Bangalore,93,800,74400,82,50,0,0,3,0,0.0,1.15
2025-04-06,Mouse,Chennai,99,800,79200,0,50,1,1,4,0,0.0,1.15
2025-04-06,Mouse,Pune,112,800,89600,149,50,1,0,3,0,0.0,1.15
2025-04-06,Mouse,Kolkata,97,800,77600,48,50,1,1,2,0,0.0,1.15
2025-04-06,Mouse,Ahmedabad,96,800,76800,163,50,1,0,5,0,0.0,1.15
2025-04-06,Printer,Hyderabad,28,12000,336000,52,10,0,0,5,0,0.0,1.15
2025-04-06,Printer,Mumbai,40,12000,480000,148,10,1,0,2,0,0.0,1.15
2025-04-06,Printer,Delhi,28,12000,336000,109,10,0,0,6,0,0.0,1.15
2025-04-06,Printer,Bangalore,37,12000,444000,29,10,0,0,7,0,0.0,1.15
2025-04-06,Printer,Chennai,47,12000,564000,12,10,0,0,3,0,0.0,1.15
2025-04-06,Printer,Pune,34,12000,408000,30,10,0,0,7,0,0.0,1.15
2025-04-06,Printer,Kolkata,35,12000,420000,62,10,1,0,4,0,0.0,1.15
2025-04-06,Printer,Ahmedabad,33,12000,396000,31,10,0,0,2,0,0.0,1.15
2025-04-06,Speaker,Hyderabad,61,4000,244000,71,25,0,0,2,0,0.0,1.15
2025-04-06,Speaker,Mumbai,61,4000,244000,158,25,1,0,3,0,0.0,1.15
2025-04-06,Speaker,Delhi,62,4000,248000,72,25,0,0,3,0,0.0,1.15
2025-04-06,Speaker,Bangalore,68,4000,272000,91,25,1,0,7,0,0.0,1.15
2025-04-06,Speaker,Chennai,77,4000,308000,132,25,1,0,7,0,0.0,1.15
2025-04-06,Speaker,Pune,68,4000,272000,50,25,0,0,2,0,0.0,1.15
2025-04-06,Speaker,Kolkata,74,4000,296000,39,25,0,0,6,0,0.0,1.15
2025-04-06,Speaker,Ahmedabad,62,4000,248000,118,25,1,0,4,0,0.0,1.15
2025-04-07,Laptop,Hyderabad,78,55000,4290000,70,20,1,0,4,0,0.0,1.15
2025-04-07,Laptop,Mumbai,42,55000,2310000,63,20,1,0,5,0,0.0,1.15
2025-04-07,Laptop,Delhi,49,55000,2695000,85,20,1,0,2,0,0.0,1.15
2025-04-07,Laptop,Bangalore,71,55000,3905000,61,20,1,0,3,0,0.0,1.15
2025-04-07,Laptop,Chennai,60,55000,3300000,60,20,0,0,5,0,0.0,1.15
2025-04-07,Laptop,Pune,57,55000,3135000,161,20,1,0,6,0,0.0,1.15
2025-04-07,Laptop,Kolkata,74,55000,4070000,77,20,1,0,2,0,0.0,1.15
2025-04-07,Laptop,Ahmedabad,57,55000,3135000,39,20,0,0,5,0,0.0,1.15
2025-04-07,Mobile,Hyderabad,97,20000,1940000,0,30,1,1,5,0,0.0,1.15
2025-04-07,Mobile,Mumbai,82,20000,1640000,24,30,1,1,6,0,0.0,1.15
2025-04-07,Mobile,Delhi,102,20000,2040000,125,30,1,0,4,0,0.0,1.15
2025-04-07,Mobile,Bangalore,90,20000,1800000,115,30,1,0,4,0,0.0,1.15
2025-04-07,Mobile,Chennai,90,20000,1800000,7,30,1,1,7,0,0.0,1.15
2025-04-07,Mobile,Pune,92,20000,1840000,137,30,1,0,2,0,0.0,1.15
2025-04-07,Mobile,Kolkata,91,20000,1820000,0,30,1,1,5,0,0.0,1.15
2025-04-07,Mobile,Ahmedabad,90,20000,1800000,38,30,0,0,5,0,0.0,1.15
2025-04-07,Tablet,Hyderabad,57,30000,1710000,28,25,0,0,3,0,0.0,1.15
2025-04-07,Tablet,Mumbai,53,30000,1590000,110,25,1,0,3,0,0.0,1.15
2025-04-07,Tablet,Delhi,48,30000,1440000,82,25,1,0,6,0,0.0,1.15
2025-04-07,Tablet,Bangalore,65,30000,1950000,59,25,0,0,2,0,0.0,1.15
2025-04-07,Tablet,Chennai,59,30000,1770000,89,25,0,0,7,0,0.0,1.15
2025-04-07,Tablet,Pune,43,30000,1290000,98,25,1,0,2,0,0.0,1.15
2025-04-07,Tablet,Kolkata,53,30000,1590000,70,25,0,0,3,0,0.0,1.15
2025-04-07,Tablet,Ahmedabad,41,30000,1230000,40,25,0,0,5,0,0.0,1.15
2025-04-07,Headphones,Hyderabad,79,3000,237000,39,40,1,1,6,0,0.0,1.15
2025-04-07,Headphones,Mumbai,68,3000,204000,160,40,1,0,4,0,0.0,1.15
2025-04-07,Headphones,Delhi,64,3000,192000,94,40,1,0,7,0,0.0,1.15
2025-04-07,Headphones,Bangalore,73,3000,219000,141,40,1,0,4,0,0.0,1.15
2025-04-07,Headphones,Chennai,81,3000,243000,70,40,0,0,2,0,0.0,1.15
2025-04-07,Headphones,Pune,68,3000,204000,69,40,1,0,4,0,0.0,1.15
2025-04-07,Headphones,Kolkata,73,3000,219000,164,40,1,0,2,0,0.0,1.15
2025-04-07,Headphones,Ahmedabad,68,3000,204000,121,40,1,0,7,0,0.0,1.15
2025-04-07,Smartwatch,Hyderabad,50,8000,400000,129,20,1,0,3,0,0.0,1.15
2025-04-07,Smartwatch,Mumbai,44,8000,352000,58,20,0,0,7,0,0.0,1.15
2025-04-07,Smartwatch,Delhi,27,8000,216000,80,20,0,0,7,0,0.0,1.15
2025-04-07,Smartwatch,Bangalore,52,8000,416000,29,20,0,0,4,0,0.0,1.15
2025-04-07,Smartwatch,Chennai,47,8000,376000,104,20,1,0,6,0,0.0,1.15
2025-04-07,Smartwatch,Pune,55,8000,440000,70,20,1,0,5,0,0.0,1.15
2025-04-07,Smartwatch,Kolkata,70,8000,560000,96,20,1,0,3,0,0.0,1.15
2025-04-07,Smartwatch,Ahmedabad,46,8000,368000,37,20,0,0,5,0,0.0,1.15
2025-04-07,Keyboard,Hyderabad,92,1500,138000,138,35,1,0,4,0,0.0,1.15
2025-04-07,Keyboard,Mumbai,86,1500,129000,144,35,1,0,5,0,0.0,1.15
2025-04-07,Keyboard,Delhi,78,1500,117000,108,35,1,0,5,0,0.0,1.15
2025-04-07,Keyboard,Bangalore,97,1500,145500,108,35,1,0,3,0,0.0,1.15
2025-04-07,Keyboard,Chennai,82,1500,123000,119,35,1,0,3,0,0.0,1.15
2025-04-07,Keyboard,Pune,88,1500,132000,0,35,1,1,5,0,0.0,1.15
2025-04-07,Keyboard,Kolkata,75,1500,112500,73,35,0,0,3,0,0.0,1.15
2025-04-07,Keyboard,Ahmedabad,100,1500,150000,93,35,1,0,3,0,0.0,1.15
2025-04-07,Monitor,Hyderabad,52,18000,936000,37,15,0,0,5,0,0.0,1.15
2025-04-07,Monitor,Mumbai,42,18000,756000,34,15,0,0,2,0,0.0,1.15
2025-04-07,Monitor,Delhi,51,18000,918000,21,15,0,0,4,0,0.0,1.15
2025-04-07,Monitor,Bangalore,59,18000,1062000,57,15,1,0,5,0,0.0,1.15
2025-04-07,Monitor,Chennai,50,18000,900000,67,15,0,0,5,0,0.0,1.15
2025-04-07,Monitor,Pune,46,18000,828000,44,15,1,0,4,0,0.0,1.15
2025-04-07,Monitor,Kolkata,56,18000,1008000,41,15,1,0,2,0,0.0,1.15
2025-04-07,Monitor,Ahmedabad,60,18000,1080000,38,15,0,0,7,0,0.0,1.15
2025-04-07,Mouse,Hyderabad,109,800,87200,56,50,1,0,7,0,0.0,1.15
2025-04-07,Mouse,Mumbai,118,800,94400,0,50,1,1,3,0,0.0,1.15
2025-04-07,Mouse,Delhi,99,800,79200,1,50,1,1,7,0,0.0,1.15
2025-04-07,Mouse,Bangalore,102,800,81600,64,50,1,0,7,0,0.0,1.15
2025-04-07,Mouse,Chennai,111,800,88800,0,50,1,1,3,0,0.0,1.15
2025-04-07,Mouse,Pune,104,800,83200,134,50,1,0,7,0,0.0,1.15
2025-04-07,Mouse,Kolkata,110,800,88000,0,50,1,1,4,0,0.0,1.15
2025-04-07,Mouse,Ahmedabad,95,800,76000,68,50,0,0,7,0,0.0,1.15
2025-04-07,Printer,Hyderabad,37,12000,444000,15,10,0,0,7,0,0.0,1.15
2025-04-07,Printer,Mumbai,50,12000,600000,98,10,0,0,2,0,0.0,1.15
2025-04-07,Printer,Delhi,27,12000,324000,82,10,0,0,4,0,0.0,1.15
2025-04-07,Printer,Bangalore,29,12000,348000,70,10,1,0,4,0,0.0,1.15
2025-04-07,Printer,Chennai,32,12000,384000,39,10,1,0,7,0,0.0,1.15
2025-04-07,Printer,Pune,30,12000,360000,55,10,1,0,7,0,0.0,1.15
2025-04-07,Printer,Kolkata,31,12000,372000,31,10,0,0,6,0,0.0,1.15
2025-04-07,Printer,Ahmedabad,33,12000,396000,132,10,1,0,4,0,0.0,1.15
2025-04-07,Speaker,Hyderabad,61,4000,244000,154,25,1,0,2,0,0.0,1.15
2025-04-07,Speaker,Mumbai,70,4000,280000,88,25,0,0,4,0,0.0,1.15
2025-04-07,Speaker,Delhi,69,4000,276000,56,25,1,0,3,0,0.0,1.15
2025-04-07,Speaker,Bangalore,63,4000,252000,28,25,0,0,7,0,0.0,1.15
2025-04-07,Speaker,Chennai,66,4000,264000,66,25,0,0,6,0,0.0,1.15
2025-04-07,Speaker,Pune,61,4000,244000,136,25,1,0,6,0,0.0,1.15
2025-04-07,Speaker,Kolkata,69,4000,276000,58,25,1,0,6,0,0.0,1.15
2025-04-07,Speaker,Ahmedabad,74,4000,296000,44,25,0,0,5,0,0.0,1.15
2025-04-08,Laptop,Hyderabad,78,55000,4290000,89,20,1,0,5,0,0.0,1.15
2025-04-08,Laptop,Mumbai,61,55000,3355000,148,20,1,0,4,0,0.0,1.15
2025-04-08,Laptop,Delhi,55,55000,3025000,30,20,0,0,6,0,0.0,1.15
2025-04-08,Laptop,Bangalore,63,55000,3465000,78,20,1,0,2,0,0.0,1.15
2025-04-08,Laptop,Chennai,84,55000,4620000,70,20,1,0,2,0,0.0,1.15
2025-04-08,Laptop,Pune,60,55000,3300000,101,20,0,0,3,0,0.0,1.15
2025-04-08,Laptop,Kolkata,56,55000,3080000,21,20,0,0,2,0,0.0,1.15
2025-04-08,Laptop,Ahmedabad,76,55000,4180000,40,20,1,0,6,0,0.0,1.15
2025-04-08,Mobile,Hyderabad,77,20000,1540000,43,30,1,0,5,0,0.0,1.15
2025-04-08,Mobile,Mumbai,99,20000,1980000,0,30,1,1,7,0,0.0,1.15
2025-04-08,Mobile,Delhi,89,20000,1780000,36,30,0,0,3,0,0.0,1.15
2025-04-08,Mobile,Bangalore,113,20000,2260000,125,30,1,0,2,0,0.0,1.15
2025-04-08,Mobile,Chennai,105,20000,2100000,0,30,1,1,5,0,0.0,1.15
2025-04-08,Mobile,Pune,88,20000,1760000,49,30,0,0,6,0,0.0,1.15
2025-04-08,Mobile,Kolkata,101,20000,2020000,11,30,1,1,2,0,0.0,1.15
2025-04-08,Mobile,Ahmedabad,86,20000,1720000,102,30,1,0,5,0,0.0,1.15
2025-04-08,Tablet,Hyderabad,49,30000,1470000,97,25,1,0,3,0,0.0,1.15
2025-04-08,Tablet,Mumbai,53,30000,1590000,57,25,0,0,3,0,0.0,1.15
2025-04-08,Tablet,Delhi,44,30000,1320000,38,25,0,0,7,0,0.0,1.15
2025-04-08,Tablet,Bangalore,57,30000,1710000,77,25,1,0,2,0,0.0,1.15
2025-04-08,Tablet,Chennai,72,30000,2160000,68,25,1,0,6,0,0.0,1.15
2025-04-08,Tablet,Pune,44,30000,1320000,54,25,0,0,2,0,0.0,1.15
2025-04-08,Tablet,Kolkata,52,30000,1560000,152,25,1,0,7,0,0.0,1.15
2025-04-08,Tablet,Ahmedabad,50,30000,1500000,93,25,1,0,6,0,0.0,1.15
2025-04-08,Headphones,Hyderabad,74,3000,222000,72,40,1,0,5,0,0.0,1.15
2025-04-08,Headphones,Mumbai,76,3000,228000,84,40,0,0,4,0,0.0,1.15
2025-04-08,Headphones,Delhi,79,3000,237000,126,40,1,0,5,0,0.0,1.15
2025-04-08,Headphones,Bangalore,79,3000,237000,62,40,0,0,7,0,0.0,1.15
2025-04-08,Headphones,Chennai,68,3000,204000,78,40,1,0,7,0,0.0,1.15
2025-04-08,Headphones,Pune,75,3000,225000,70,40,1,0,7,0,0.0,1.15
2025-04-08,Headphones,Kolkata,76,3000,228000,88,40,0,0,5,0,0.0,1.15
2025-04-08,Headphones,Ahmedabad,76,3000,228000,45,40,0,0,7,0,0.0,1.15
2025-04-08,Smartwatch,Hyderabad,38,8000,304000,91,20,0,0,2,0,0.0,1.15
2025-04-08,Smartwatch,Mumbai,60,8000,480000,105,20,1,0,6,0,0.0,1.15
2025-04-08,Smartwatch,Delhi,36,8000,288000,44,20,0,0,3,0,0.0,1.15
2025-04-08,Smartwatch,Bangalore,54,8000,432000,93,20,1,0,2,0,0.0,1.15
2025-04-08,Smartwatch,Chennai,50,8000,400000,54,20,0,0,2,0,0.0,1.15
2025-04-08,Smartwatch,Pune,45,8000,360000,25,20,0,0,4,0,0.0,1.15
2025-04-08,Smartwatch,Kolkata,58,8000,464000,38,20,0,0,5,0,0.0,1.15
2025-04-08,Smartwatch,Ahmedabad,44,8000,352000,64,20,1,0,7,0,0.0,1.15
2025-04-08,Keyboard,Hyderabad,68,1500,102000,70,35,0,0,2,0,0.0,1.15
2025-04-08,Keyboard,Mumbai,72,1500,108000,72,35,0,0,2,0,0.0,1.15
2025-04-08,Keyboard,Delhi,80,1500,120000,141,35,1,0,3,0,0.0,1.15
2025-04-08,Keyboard,Bangalore,93,1500,139500,135,35,1,0,2,0,0.0,1.15
2025-04-08,Keyboard,Chennai,98,1500,147000,113,35,1,0,5,0,0.0,1.15
2025-04-08,Keyboard,Pune,83,1500,124500,59,35,1,0,7,0,0.0,1.15
2025-04-08,Keyboard,Kolkata,95,1500,142500,109,35,1,0,5,0,0.0,1.15
2025-04-08,Keyboard,Ahmedabad,90,1500,135000,121,35,1,0,5,0,0.0,1.15
2025-04-08,Monitor,Hyderabad,46,18000,828000,82,15,1,0,2,0,0.0,1.15
2025-04-08,Monitor,Mumbai,64,18000,1152000,111,15,1,0,2,0,0.0,1.15
2025-04-08,Monitor,Delhi,45,18000,810000,99,15,1,0,3,0,0.0,1.15
2025-04-08,Monitor,Bangalore,47,18000,846000,78,15,1,0,2,0,0.0,1.15
2025-04-08,Monitor,Chennai,40,18000,720000,27,15,0,0,3,0,0.0,1.15
2025-04-08,Monitor,Pune,41,18000,738000,88,15,1,0,5,0,0.0,1.15
2025-04-08,Monitor,Kolkata,51,18000,918000,122,15,1,0,5,0,0.0,1.15
2025-04-08,Monitor,Ahmedabad,45,18000,810000,135,15,1,0,7,0,0.0,1.15
2025-04-08,Mouse,Hyderabad,89,800,71200,82,50,1,0,2,0,0.0,1.15
2025-04-08,Mouse,Mumbai,98,800,78400,0,50,1,1,5,0,0.0,1.15
2025-04-08,Mouse,Delhi,111,800,88800,19,50,1,1,4,0,0.0,1.15
2025-04-08,Mouse,Bangalore,104,800,83200,62,50,1,0,6,0,0.0,1.15
2025-04-08,Mouse,Chennai,97,800,77600,0,50,1,1,6,0,0.0,1.15
2025-04-08,Mouse,Pune,101,800,80800,161,50,1,0,5,0,0.0,1.15
2025-04-08,Mouse,Kolkata,94,800,75200,0,50,1,1,6,0,0.0,1.15
2025-04-08,Mouse,Ahmedabad,95,800,76000,27,50,1,1,6,0,0.0,1.15
2025-04-08,Printer,Hyderabad,41,12000,492000,68,10,1,0,5,0,0.0,1.15
2025-04-08,Printer,Mumbai,32,12000,384000,66,10,0,0,7,0,0.0,1.15
2025-04-08,Printer,Delhi,27,12000,324000,55,10,0,0,7,0,0.0,1.15
2025-04-08,Printer,Bangalore,29,12000,348000,41,10,0,0,3,0,0.0,1.15
2025-04-08,Printer,Chennai,27,12000,324000,12,10,0,0,4,0,0.0,1.15
2025-04-08,Printer,Pune,39,12000,468000,16,10,0,0,6,0,0.0,1.15
2025-04-08,Printer,Kolkata,27,12000,324000,142,10,1,0,3,0,0.0,1.15
2025-04-08,Printer,Ahmedabad,32,12000,384000,100,10,0,0,6,0,0.0,1.15
2025-04-08,Speaker,Hyderabad,74,4000,296000,80,25,0,0,7,0,0.0,1.15
2025-04-08,Speaker,Mumbai,61,4000,244000,27,25,0,0,5,0,0.0,1.15
2025-04-08,Speaker,Delhi,61,4000,244000,127,25,1,0,4,0,0.0,1.15
2025-04-08,Speaker,Bangalore,64,4000,256000,29,25,1,0,3,0,0.0,1.15
2025-04-08,Speaker,Chennai,64,4000,256000,125,25,1,0,5,0,0.0,1.15
2025-04-08,Speaker,Pune,73,4000,292000,63,25,0,0,2,0,0.0,1.15
2025-04-08,Speaker,Kolkata,64,4000,256000,77,25,1,0,6,0,0.0,1.15
2025-04-08,Speaker,Ahmedabad,60,4000,240000,112,25,1,0,5,0,0.0,1.15
2025-04-09,Laptop,Hyderabad,58,55000,3190000,31,20,0,0,6,0,0.0,1.15
2025-04-09,Laptop,Mumbai,69,55000,3795000,79,20,0,0,7,0,0.0,1.15
2025-04-09,Laptop,Delhi,53,55000,2915000,39,20,1,0,4,0,0.0,1.15
2025-04-09,Laptop,Bangalore,62,55000,3410000,85,20,1,0,7,0,0.0,1.15
2025-04-09,Laptop,Chennai,65,55000,3575000,66,20,1,0,7,0,0.0,1.15
2025-04-09,Laptop,Pune,64,55000,3520000,37,20,0,0,4,0,0.0,1.15
2025-04-09,Laptop,Kolkata,63,55000,3465000,104,20,1,0,2,0,0.0,1.15
2025-04-09,Laptop,Ahmedabad,57,55000,3135000,99,20,1,0,2,0,0.0,1.15
2025-04-09,Mobile,Hyderabad,98,20000,1960000,10,30,1,1,3,0,0.0,1.15
2025-04-09,Mobile,Mumbai,90,20000,1800000,25,30,1,1,7,0,0.0,1.15
2025-04-09,Mobile,Delhi,102,20000,2040000,75,30,1,0,5,0,0.0,1.15
2025-04-09,Mobile,Bangalore,86,20000,1720000,39,30,0,0,5,0,0.0,1.15
2025-04-09,Mobile,Chennai,100,20000,2000000,6,30,1,1,2,0,0.0,1.15
2025-04-09,Mobile,Pune,91,20000,1820000,96,30,1,0,7,0,0.0,1.15
2025-04-09,Mobile,Kolkata,102,20000,2040000,1,30,1,1,2,0,0.0,1.15
2025-04-09,Mobile,Ahmedabad,91,20000,1820000,81,30,1,0,7,0,0.0,1.15
2025-04-09,Tablet,Hyderabad,56,30000,1680000,41,25,0,0,7,0,0.0,1.15
2025-04-09,Tablet,Mumbai,67,30000,2010000,70,25,1,0,5,0,0.0,1.15
2025-04-09,Tablet,Delhi,33,30000,990000,111,25,1,0,3,0,0.0,1.15
2025-04-09,Tablet,Bangalore,55,30000,1650000,102,25,1,0,2,0,0.0,1.15
2025-04-09,Tablet,Chennai,57,30000,1710000,100,25,1,0,2,0,0.0,1.15
2025-04-09,Tablet,Pune,54,30000,1620000,88,25,1,0,6,0,0.0,1.15
2025-04-09,Tablet,Kolkata,50,30000,1500000,102,25,0,0,3,0,0.0,1.15
2025-04-09,Tablet,Ahmedabad,61,30000,1830000,32,25,0,0,5,0,0.0,1.15
2025-04-09,Headphones,Hyderabad,78,3000,234000,48,40,1,0,4,0,0.0,1.15
2025-04-09,Headphones,Mumbai,72,3000,216000,107,40,1,0,4,0,0.0,1.15
2025-04-09,Headphones,Delhi,80,3000,240000,46,40,0,0,4,0,0.0,1.15
2025-04-09,Headphones,Bangalore,61,3000,183000,148,40,1,0,2,0,0.0,1.15
2025-04-09,Headphones,Chennai,68,3000,204000,154,40,1,0,3,0,0.0,1.15
2025-04-09,Headphones,Pune,83,3000,249000,79,40,1,0,3,0,0.0,1.15
2025-04-09,Headphones,Kolkata,78,3000,234000,126,40,1,0,2,0,0.0,1.15
2025-04-09,Headphones,Ahmedabad,64,3000,192000,92,40,1,0,6,0,0.0,1.15
2025-04-09,Smartwatch,Hyderabad,38,8000,304000,53,20,0,0,6,0,0.0,1.15
2025-04-09,Smartwatch,Mumbai,45,8000,360000,60,20,0,0,7,0,0.0,1.15
2025-04-09,Smartwatch,Delhi,54,8000,432000,87,20,1,0,2,0,0.0,1.15
2025-04-09,Smartwatch,Bangalore,42,8000,336000,51,20,0,0,6,0,0.0,1.15
2025-04-09,Smartwatch,Chennai,43,8000,344000,101,20,1,0,7,0,0.0,1.15
2025-04-09,Smartwatch,Pune,53,8000,424000,104,20,1,0,2,0,0.0,1.15
2025-04-09,Smartwatch,Kolkata,59,8000,472000,103,20,1,0,2,0,0.0,1.15
2025-04-09,Smartwatch,Ahmedabad,45,8000,360000,108,20,1,0,6,0,0.0,1.15
2025-04-09,Keyboard,Hyderabad,86,1500,129000,128,35,1,0,4,0,0.0,1.15
2025-04-09,Keyboard,Mumbai,77,1500,115500,106,35,1,0,3,0,0.0,1.15
2025-04-09,Keyboard,Delhi,63,1500,94500,78,35,0,0,7,0,0.0,1.15
2025-04-09,Keyboard,Bangalore,82,1500,123000,53,35,0,0,6,0,0.0,1.15
2025-04-09,Keyboard,Chennai,75,1500,112500,38,35,0,0,7,0,0.0,1.15
2025-04-09,Keyboard,Pune,83,1500,124500,86,35,1,0,6,0,0.0,1.15
2025-04-09,Keyboard,Kolkata,73,1500,109500,36,35,0,0,4,0,0.0,1.15
2025-04-09,Keyboard,Ahmedabad,71,1500,106500,50,35,0,0,2,0,0.0,1.15
2025-04-09,Monitor,Hyderabad,50,18000,900000,32,15,0,0,6,0,0.0,1.15
2025-04-09,Monitor,Mumbai,56,18000,1008000,55,15,0,0,4,0,0.0,1.15
2025-04-09,Monitor,Delhi,48,18000,864000,51,15,0,0,7,0,0.0,1.15
2025-04-09,Monitor,Bangalore,56,18000,1008000,22,15,0,0,4,0,0.0,1.15
2025-04-09,Monitor,Chennai,42,18000,756000,134,15,1,0,6,0,0.0,1.15
2025-04-09,Monitor,Pune,54,18000,972000,34,15,0,0,5,0,0.0,1.15
2025-04-09,Monitor,Kolkata,52,18000,936000,70,15,0,0,7,0,0.0,1.15
2025-04-09,Monitor,Ahmedabad,55,18000,990000,80,15,0,0,7,0,0.0,1.15
2025-04-09,Mouse,Hyderabad,99,800,79200,91,50,1,0,4,0,0.0,1.15
2025-04-09,Mouse,Mumbai,97,800,77600,0,50,1,1,2,0,0.0,1.15
2025-04-09,Mouse,Delhi,98,800,78400,0,50,1,1,7,0,0.0,1.15
2025-04-09,Mouse,Bangalore,107,800,85600,83,50,1,0,7,0,0.0,1.15
2025-04-09,Mouse,Chennai,105,800,84000,19,50,1,1,3,0,0.0,1.15
2025-04-09,Mouse,Pune,110,800,88000,51,50,0,0,5,0,0.0,1.15
2025-04-09,Mouse,Kolkata,107,800,85600,37,50,1,1,4,0,0.0,1.15
2025-04-09,Mouse,Ahmedabad,103,800,82400,38,50,1,1,3,0,0.0,1.15
2025-04-09,Printer,Hyderabad,43,12000,516000,25,10,0,0,4,0,0.0,1.15
2025-04-09,Printer,Mumbai,30,12000,360000,36,10,0,0,4,0,0.0,1.15
2025-04-09,Printer,Delhi,23,12000,276000,32,10,0,0,3,0,0.0,1.15
2025-04-09,Printer,Bangalore,23,12000,276000,18,10,0,0,3,0,0.0,1.15
2025-04-09,Printer,Chennai,36,12000,432000,87,10,1,0,5,0,0.0,1.15
2025-04-09,Printer,Pune,26,12000,312000,49,10,1,0,3,0,0.0,1.15
2025-04-09,Printer,Kolkata,44,12000,528000,98,10,0,0,5,0,0.0,1.15
2025-04-09,Printer,Ahmedabad,27,12000,324000,73,10,0,0,3,0,0.0,1.15
2025-04-09,Speaker,Hyderabad,72,4000,288000,107,25,1,0,6,0,0.0,1.15
2025-04-09,Speaker,Mumbai,76,4000,304000,15,25,1,1,2,0,0.0,1.15
2025-04-09,Speaker,Delhi,72,4000,288000,55,25,0,0,2,0,0.0,1.15
2025-04-09,Speaker,Bangalore,79,4000,316000,99,25,1,0,4,0,0.0,1.15
2025-04-09,Speaker,Chennai,61,4000,244000,64,25,0,0,3,0,0.0,1.15
2025-04-09,Speaker,Pune,76,4000,304000,70,25,1,0,5,0,0.0,1.15
2025-04-09,Speaker,Kolkata,71,4000,284000,135,25,1,0,3,0,0.0,1.15
2025-04-09,Speaker,Ahmedabad,59,4000,236000,53,25,0,0,2,0,0.0,1.15
2025-04-10,Laptop,Hyderabad,63,55000,3465000,68,20,1,0,2,0,0.0,1.15
2025-04-10,Laptop,Mumbai,72,55000,3960000,61,20,1,0,7,0,0.0,1.15
2025-04-10,Laptop,Delhi,72,55000,3960000,43,20,1,0,6,0,0.0,1.15
2025-04-10,Laptop,Bangalore,61,55000,3355000,24,20,0,0,5,0,0.0,1.15
2025-04-10,Laptop,Chennai,63,55000,3465000,97,20,1,0,6,0,0.0,1.15
2025-04-10,Laptop,Pune,70,55000,3850000,101,20,1,0,4,0,0.0,1.15
2025-04-10,Laptop,Kolkata,65,55000,3575000,39,20,0,0,5,0,0.0,1.15
2025-04-10,Laptop,Ahmedabad,43,55000,2365000,56,20,0,0,5,0,0.0,1.15
2025-04-10,Mobile,Hyderabad,100,20000,2000000,0,30,1,1,2,0,0.0,1.15
2025-04-10,Mobile,Mumbai,77,20000,1540000,16,30,1,1,6,0,0.0,1.15
2025-04-10,Mobile,Delhi,101,20000,2020000,66,30,1,0,7,0,0.0,1.15
2025-04-10,Mobile,Bangalore,93,20000,1860000,95,30,1,0,5,0,0.0,1.15
2025-04-10,Mobile,Chennai,85,20000,1700000,68,30,1,0,5,0,0.0,1.15
2025-04-10,Mobile,Pune,96,20000,1920000,108,30,1,0,5,0,0.0,1.15
2025-04-10,Mobile,Kolkata,76,20000,1520000,0,30,1,1,2,0,0.0,1.15
2025-04-10,Mobile,Ahmedabad,83,20000,1660000,58,30,1,0,7,0,0.0,1.15
2025-04-10,Tablet,Hyderabad,55,30000,1650000,100,25,1,0,5,0,0.0,1.15
2025-04-10,Tablet,Mumbai,50,30000,1500000,116,25,1,0,6,0,0.0,1.15
2025-04-10,Tablet,Delhi,44,30000,1320000,67,25,0,0,5,0,0.0,1.15
2025-04-10,Tablet,Bangalore,61,30000,1830000,41,25,0,0,3,0,0.0,1.15
2025-04-10,Tablet,Chennai,62,30000,1860000,38,25,0,0,6,0,0.0,1.15
2025-04-10,Tablet,Pune,52,30000,1560000,36,25,0,0,5,0,0.0,1.15
2025-04-10,Tablet,Kolkata,51,30000,1530000,51,25,0,0,3,0,0.0,1.15
2025-04-10,Tablet,Ahmedabad,51,30000,1530000,112,25,1,0,5,0,0.0,1.15
2025-04-10,Headphones,Hyderabad,93,3000,279000,52,40,1,0,6,0,0.0,1.15
2025-04-10,Headphones,Mumbai,86,3000,258000,168,40,1,0,4,0,0.0,1.15
2025-04-10,Headphones,Delhi,65,3000,195000,94,40,1,0,2,0,0.0,1.15
2025-04-10,Headphones,Bangalore,64,3000,192000,84,40,0,0,7,0,0.0,1.15
2025-04-10,Headphones,Chennai,79,3000,237000,75,40,0,0,2,0,0.0,1.15
2025-04-10,Headphones,Pune,69,3000,207000,100,40,1,0,3,0,0.0,1.15
2025-04-10,Headphones,Kolkata,79,3000,237000,47,40,0,0,2,0,0.0,1.15
2025-04-10,Headphones,Ahmedabad,85,3000,255000,84,40,1,0,7,0,0.0,1.15
2025-04-10,Smartwatch,Hyderabad,58,8000,464000,52,20,1,0,5,0,0.0,1.15
2025-04-10,Smartwatch,Mumbai,47,8000,376000,124,20,1,0,7,0,0.0,1.15
2025-04-10,Smartwatch,Delhi,51,8000,408000,36,20,0,0,3,0,0.0,1.15
2025-04-10,Smartwatch,Bangalore,38,8000,304000,162,20,1,0,4,0,0.0,1.15
2025-04-10,Smartwatch,Chennai,50,8000,400000,51,20,0,0,7,0,0.0,1.15
2025-04-10,Smartwatch,Pune,53,8000,424000,51,20,0,0,2,0,0.0,1.15
2025-04-10,Smartwatch,Kolkata,53,8000,424000,50,20,0,0,7,0,0.0,1.15
2025-04-10,Smartwatch,Ahmedabad,59,8000,472000,49,20,0,0,6,0,0.0,1.15
2025-04-10,Keyboard,Hyderabad,75,1500,112500,53,35,0,0,5,0,0.0,1.15
2025-04-10,Keyboard,Mumbai,82,1500,123000,107,35,1,0,2,0,0.0,1.15
2025-04-10,Keyboard,Delhi,85,1500,127500,137,35,1,0,6,0,0.0,1.15
2025-04-10,Keyboard,Bangalore,70,1500,105000,132,35,1,0,6,0,0.0,1.15
2025-04-10,Keyboard,Chennai,68,1500,102000,113,35,1,0,3,0,0.0,1.15
2025-04-10,Keyboard,Pune,78,1500,117000,155,35,1,0,6,0,0.0,1.15
2025-04-10,Keyboard,Kolkata,75,1500,112500,73,35,1,0,6,0,0.0,1.15
2025-04-10,Keyboard,Ahmedabad,91,1500,136500,23,35,1,1,7,0,0.0,1.15
2025-04-10,Monitor,Hyderabad,43,18000,774000,114,15,1,0,7,0,0.0,1.15
2025-04-10,Monitor,Mumbai,53,18000,954000,98,15,1,0,4,0,0.0,1.15
2025-04-10,Monitor,Delhi,48,18000,864000,80,15,1,0,7,0,0.0,1.15
2025-04-10,Monitor,Bangalore,49,18000,882000,69,15,1,0,6,0,0.0,1.15
2025-04-10,Monitor,Chennai,50,18000,900000,84,15,0,0,3,0,0.0,1.15
2025-04-10,Monitor,Pune,41,18000,738000,52,15,1,0,2,0,0.0,1.15
2025-04-10,Monitor,Kolkata,56,18000,1008000,65,15,1,0,7,0,0.0,1.15
2025-04-10,Monitor,Ahmedabad,67,18000,1206000,138,15,1,0,3,0,0.0,1.15
2025-04-10,Mouse,Hyderabad,103,800,82400,87,50,1,0,4,0,0.0,1.15
2025-04-10,Mouse,Mumbai,108,800,86400,36,50,1,1,6,0,0.0,1.15
2025-04-10,Mouse,Delhi,111,800,88800,0,50,1,1,2,0,0.0,1.15
2025-04-10,Mouse,Bangalore,112,800,89600,116,50,1,0,4,0,0.0,1.15
2025-04-10,Mouse,Chennai,104,800,83200,0,50,1,1,4,0,0.0,1.15
2025-04-10,Mouse,Pune,117,800,93600,18,50,1,1,4,0,0.0,1.15
2025-04-10,Mouse,Kolkata,93,800,74400,41,50,1,1,4,0,0.0,1.15
2025-04-10,Mouse,Ahmedabad,116,800,92800,45,50,1,1,5,0,0.0,1.15
2025-04-10,Printer,Hyderabad,41,12000,492000,53,10,1,0,5,0,0.0,1.15
2025-04-10,Printer,Mumbai,40,12000,480000,53,10,1,0,2,0,0.0,1.15
2025-04-10,Printer,Delhi,30,12000,360000,64,10,1,0,5,0,0.0,1.15
2025-04-10,Printer,Bangalore,34,12000,408000,73,10,1,0,7,0,0.0,1.15
2025-04-10,Printer,Chennai,35,12000,420000,52,10,0,0,3,0,0.0,1.15
2025-04-10,Printer,Pune,40,12000,480000,147,10,1,0,2,0,0.0,1.15
2025-04-10,Printer,Kolkata,31,12000,372000,67,10,0,0,4,0,0.0,1.15
2025-04-10,Printer,Ahmedabad,23,12000,276000,50,10,0,0,5,0,0.0,1.15
2025-04-10,Speaker,Hyderabad,70,4000,280000,37,25,0,0,7,0,0.0,1.15
2025-04-10,Speaker,Mumbai,46,4000,184000,21,25,1,1,3,0,0.0,1.15
2025-04-10,Speaker,Delhi,75,4000,300000,66,25,1,0,6,0,0.0,1.15
2025-04-10,Speaker,Bangalore,79,4000,316000,109,25,1,0,4,0,0.0,1.15
2025-04-10,Speaker,Chennai,70,4000,280000,62,25,1,0,7,0,0.0,1.15
2025-04-10,Speaker,Pune,82,4000,328000,129,25,1,0,5,0,0.0,1.15
2025-04-10,Speaker,Kolkata,69,4000,276000,66,25,0,0,3,0,0.0,1.15
2025-04-10,Speaker,Ahmedabad,59,4000,236000,114,25,1,0,3,0,0.0,1.15
2025-04-11,Laptop,Hyderabad,65,55000,3575000,121,20,1,0,4,0,0.0,1.15
2025-04-11,Laptop,Mumbai,63,55000,3465000,75,20,1,0,6,0,0.0,1.15
2025-04-11,Laptop,Delhi,62,55000,3410000,125,20,1,0,4,0,0.0,1.15
2025-04-11,Laptop,Bangalore,61,55000,3355000,84,20,1,0,5,0,0.0,1.15
2025-04-11,Laptop,Chennai,75,55000,4125000,22,20,0,0,6,0,0.0,1.15
2025-04-11,Laptop,Pune,68,55000,3740000,33,20,0,0,5,0,0.0,1.15
2025-04-11,Laptop,Kolkata,65,55000,3575000,45,20,1,0,5,0,0.0,1.15
2025-04-11,Laptop,Ahmedabad,73,55000,4015000,51,20,1,0,2,0,0.0,1.15
2025-04-11,Mobile,Hyderabad,91,20000,1820000,0,30,1,1,5,0,0.0,1.15
2025-04-11,Mobile,Mumbai,91,20000,1820000,51,30,1,0,5,0,0.0,1.15
2025-04-11,Mobile,Delhi,90,20000,1800000,31,30,1,0,6,0,0.0,1.15
2025-04-11,Mobile,Bangalore,98,20000,1960000,128,30,1,0,2,0,0.0,1.15
2025-04-11,Mobile,Chennai,79,20000,1580000,114,30,1,0,7,0,0.0,1.15
2025-04-11,Mobile,Pune,85,20000,1700000,148,30,1,0,6,0,0.0,1.15
2025-04-11,Mobile,Kolkata,98,20000,1960000,17,30,1,1,4,0,0.0,1.15
2025-04-11,Mobile,Ahmedabad,92,20000,1840000,30,30,1,0,6,0,0.0,1.15
2025-04-11,Tablet,Hyderabad,45,30000,1350000,55,25,0,0,2,0,0.0,1.15
2025-04-11,Tablet,Mumbai,47,30000,1410000,69,25,0,0,4,0,0.0,1.15
2025-04-11,Tablet,Delhi,52,30000,1560000,146,25,1,0,4,0,0.0,1.15
2025-04-11,Tablet,Bangalore,53,30000,1590000,42,25,1,0,6,0,0.0,1.15
2025-04-11,Tablet,Chennai,56,30000,1680000,100,25,1,0,5,0,0.0,1.15
2025-04-11,Tablet,Pune,57,30000,1710000,66,25,1,0,5,0,0.0,1.15
2025-04-11,Tablet,Kolkata,60,30000,1800000,41,25,1,0,4,0,0.0,1.15
2025-04-11,Tablet,Ahmedabad,54,30000,1620000,58,25,0,0,2,0,0.0,1.15
2025-04-11,Headphones,Hyderabad,78,3000,234000,92,40,1,0,2,0,0.0,1.15
2025-04-11,Headphones,Mumbai,77,3000,231000,91,40,0,0,7,0,0.0,1.15
2025-04-11,Headphones,Delhi,75,3000,225000,98,40,1,0,4,0,0.0,1.15
2025-04-11,Headphones,Bangalore,83,3000,249000,146,40,1,0,4,0,0.0,1.15
2025-04-11,Headphones,Chennai,78,3000,234000,64,40,1,0,3,0,0.0,1.15
2025-04-11,Headphones,Pune,76,3000,228000,133,40,1,0,6,0,0.0,1.15
2025-04-11,Headphones,Kolkata,77,3000,231000,80,40,1,0,3,0,0.0,1.15
2025-04-11,Headphones,Ahmedabad,71,3000,213000,70,40,1,0,5,0,0.0,1.15
2025-04-11,Smartwatch,Hyderabad,57,8000,456000,56,20,1,0,2,0,0.0,1.15
2025-04-11,Smartwatch,Mumbai,39,8000,312000,85,20,0,0,2,0,0.0,1.15
2025-04-11,Smartwatch,Delhi,48,8000,384000,126,20,1,0,2,0,0.0,1.15
2025-04-11,Smartwatch,Bangalore,57,8000,456000,105,20,0,0,2,0,0.0,1.15
2025-04-11,Smartwatch,Chennai,48,8000,384000,69,20,1,0,4,0,0.0,1.15
2025-04-11,Smartwatch,Pune,42,8000,336000,101,20,1,0,7,0,0.0,1.15
2025-04-11,Smartwatch,Kolkata,43,8000,344000,148,20,1,0,7,0,0.0,1.15
2025-04-11,Smartwatch,Ahmedabad,61,8000,488000,54,20,1,0,3,0,0.0,1.15
2025-04-11,Keyboard,Hyderabad,88,1500,132000,113,35,1,0,4,0,0.0,1.15
2025-04-11,Keyboard,Mumbai,79,1500,118500,169,35,1,0,3,0,0.0,1.15
2025-04-11,Keyboard,Delhi,85,1500,127500,52,35,0,0,5,0,0.0,1.15
2025-04-11,Keyboard,Bangalore,80,1500,120000,52,35,0,0,2,0,0.0,1.15
2025-04-11,Keyboard,Chennai,84,1500,126000,104,35,1,0,2,0,0.0,1.15
2025-04-11,Keyboard,Pune,71,1500,106500,84,35,0,0,7,0,0.0,1.15
2025-04-11,Keyboard,Kolkata,75,1500,112500,123,35,1,0,4,0,0.0,1.15
2025-04-11,Keyboard,Ahmedabad,100,1500,150000,10,35,1,1,4,0,0.0,1.15
2025-04-11,Monitor,Hyderabad,58,18000,1044000,56,15,0,0,4,0,0.0,1.15
2025-04-11,Monitor,Mumbai,49,18000,882000,49,15,0,0,3,0,0.0,1.15
2025-04-11,Monitor,Delhi,56,18000,1008000,24,15,0,0,5,0,0.0,1.15
2025-04-11,Monitor,Bangalore,38,18000,684000,31,15,0,0,6,0,0.0,1.15
2025-04-11,Monitor,Chennai,40,18000,720000,44,15,0,0,7,0,0.0,1.15
2025-04-11,Monitor,Pune,54,18000,972000,116,15,1,0,7,0,0.0,1.15
2025-04-11,Monitor,Kolkata,62,18000,1116000,134,15,1,0,2,0,0.0,1.15
2025-04-11,Monitor,Ahmedabad,46,18000,828000,92,15,0,0,6,0,0.0,1.15
2025-04-11,Mouse,Hyderabad,102,800,81600,76,50,1,0,6,0,0.0,1.15
2025-04-11,Mouse,Mumbai,102,800,81600,0,50,1,1,7,0,0.0,1.15
2025-04-11,Mouse,Delhi,101,800,80800,0,50,1,1,5,0,0.0,1.15
2025-04-11,Mouse,Bangalore,106,800,84800,114,50,1,0,2,0,0.0,1.15
2025-04-11,Mouse,Chennai,109,800,87200,0,50,1,1,6,0,0.0,1.15
2025-04-11,Mouse,Pune,101,800,80800,0,50,1,1,6,0,0.0,1.15
2025-04-11,Mouse,Kolkata,100,800,80000,80,50,1,0,5,0,0.0,1.15
2025-04-11,Mouse,Ahmedabad,107,800,85600,59,50,1,0,2,0,0.0,1.15
2025-04-11,Printer,Hyderabad,31,12000,372000,22,10,0,0,5,0,0.0,1.15
2025-04-11,Printer,Mumbai,50,12000,600000,137,10,1,0,4,0,0.0,1.15
2025-04-11,Printer,Delhi,40,12000,480000,24,10,0,0,3,0,0.0,1.15
2025-04-11,Printer,Bangalore,45,12000,540000,28,10,0,0,4,0,0.0,1.15
2025-04-11,Printer,Chennai,31,12000,372000,21,10,0,0,3,0,0.0,1.15
2025-04-11,Printer,Pune,41,12000,492000,106,10,0,0,6,0,0.0,1.15
2025-04-11,Printer,Kolkata,29,12000,348000,38,10,0,0,7,0,0.0,1.15
2025-04-11,Printer,Ahmedabad,29,12000,348000,21,10,0,0,3,0,0.0,1.15
2025-04-11,Speaker,Hyderabad,79,4000,316000,65,25,1,0,4,0,0.0,1.15
2025-04-11,Speaker,Mumbai,67,4000,268000,81,25,1,0,2,0,0.0,1.15
2025-04-11,Speaker,Delhi,64,4000,256000,144,25,1,0,7,0,0.0,1.15
2025-04-11,Speaker,Bangalore,66,4000,264000,43,25,0,0,4,0,0.0,1.15
2025-04-11,Speaker,Chennai,64,4000,256000,89,25,1,0,4,0,0.0,1.15
2025-04-11,Speaker,Pune,65,4000,260000,64,25,0,0,5,0,0.0,1.15
2025-04-11,Speaker,Kolkata,82,4000,328000,38,25,1,0,3,0,0.0,1.15
2025-04-11,Speaker,Ahmedabad,72,4000,288000,42,25,0,0,7,0,0.0,1.15
2025-04-12,Laptop,Hyderabad,61,55000,3355000,60,20,0,0,3,0,0.0,1.15
2025-04-12,Laptop,Mumbai,72,55000,3960000,152,20,1,0,7,0,0.0,1.15
2025-04-12,Laptop,Delhi,74,55000,4070000,51,20,0,0,2,0,0.0,1.15
2025-04-12,Laptop,Bangalore,67,55000,3685000,124,20,1,0,2,0,0.0,1.15
2025-04-12,Laptop,Chennai,54,55000,2970000,52,20,1,0,3,0,0.0,1.15
2025-04-12,Laptop,Pune,50,55000,2750000,54,20,1,0,5,0,0.0,1.15
2025-04-12,Laptop,Kolkata,77,55000,4235000,66,20,1,0,3,0,0.0,1.15
2025-04-12,Laptop,Ahmedabad,65,55000,3575000,89,20,1,0,3,0,0.0,1.15
2025-04-12,Mobile,Hyderabad,107,20000,2140000,0,30,1,1,6,0,0.0,1.15
2025-04-12,Mobile,Mumbai,90,20000,1800000,29,30,1,1,5,0,0.0,1.15
2025-04-12,Mobile,Delhi,89,20000,1780000,91,30,1,0,2,0,0.0,1.15
2025-04-12,Mobile,Bangalore,95,20000,1900000,33,30,0,0,6,0,0.0,1.15
2025-04-12,Mobile,Chennai,97,20000,1940000,88,30,1,0,2,0,0.0,1.15
2025-04-12,Mobile,Pune,91,20000,1820000,57,30,0,0,6,0,0.0,1.15
2025-04-12,Mobile,Kolkata,88,20000,1760000,0,30,1,1,4,0,0.0,1.15
2025-04-12,Mobile,Ahmedabad,101,20000,2020000,36,30,1,0,5,0,0.0,1.15
2025-04-12,Tablet,Hyderabad,52,30000,1560000,142,25,1,0,7,0,0.0,1.15
2025-04-12,Tablet,Mumbai,38,30000,1140000,31,25,0,0,4,0,0.0,1.15
2025-04-12,Tablet,Delhi,49,30000,1470000,97,25,0,0,7,0,0.0,1.15
2025-04-12,Tablet,Bangalore,49,30000,1470000,88,25,1,0,3,0,0.0,1.15
2025-04-12,Tablet,Chennai,66,30000,1980000,34,25,0,0,7,0,0.0,1.15
2025-04-12,Tablet,Pune,71,30000,2130000,58,25,1,0,3,0,0.0,1.15
2025-04-12,Tablet,Kolkata,51,30000,1530000,83,25,1,0,7,0,0.0,1.15
2025-04-12,Tablet,Ahmedabad,55,30000,1650000,61,25,1,0,3,0,0.0,1.15
2025-04-12,Headphones,Hyderabad,74,3000,222000,100,40,1,0,6,0,0.0,1.15
2025-04-12,Headphones,Mumbai,73,3000,219000,127,40,1,0,7,0,0.0,1.15
2025-04-12,Headphones,Delhi,68,3000,204000,118,40,1,0,6,0,0.0,1.15
2025-04-12,Headphones,Bangalore,67,3000,201000,79,40,0,0,5,0,0.0,1.15
2025-04-12,Headphones,Chennai,61,3000,183000,128,40,1,0,6,0,0.0,1.15
2025-04-12,Headphones,Pune,71,3000,213000,62,40,0,0,2,0,0.0,1.15
2025-04-12,Headphones,Kolkata,56,3000,168000,156,40,1,0,4,0,0.0,1.15
2025-04-12,Headphones,Ahmedabad,66,3000,198000,149,40,1,0,2,0,0.0,1.15
2025-04-12,Smartwatch,Hyderabad,44,8000,352000,158,20,1,0,6,0,0.0,1.15
2025-04-12,Smartwatch,Mumbai,53,8000,424000,32,20,0,0,4,0,0.0,1.15
2025-04-12,Smartwatch,Delhi,44,8000,352000,82,20,0,0,4,0,0.0,1.15
2025-04-12,Smartwatch,Bangalore,47,8000,376000,58,20,0,0,4,0,0.0,1.15
2025-04-12,Smartwatch,Chennai,46,8000,368000,23,20,0,0,4,0,0.0,1.15
2025-04-12,Smartwatch,Pune,57,8000,456000,44,20,0,0,3,0,0.0,1.15
2025-04-12,Smartwatch,Kolkata,45,8000,360000,103,20,0,0,6,0,0.0,1.15
2025-04-12,Smartwatch,Ahmedabad,50,8000,400000,103,20,1,0,7,0,0.0,1.15
2025-04-12,Keyboard,Hyderabad,63,1500,94500,50,35,0,0,3,0,0.0,1.15
2025-04-12,Keyboard,Mumbai,72,1500,108000,97,35,0,0,7,0,0.0,1.15
2025-04-12,Keyboard,Delhi,87,1500,130500,75,35,1,0,2,0,0.0,1.15
2025-04-12,Keyboard,Bangalore,78,1500,117000,117,35,1,0,5,0,0.0,1.15
2025-04-12,Keyboard,Chennai,83,1500,124500,164,35,1,0,5,0,0.0,1.15
2025-04-12,Keyboard,Pune,84,1500,126000,89,35,1,0,5,0,0.0,1.15
2025-04-12,Keyboard,Kolkata,75,1500,112500,48,35,0,0,2,0,0.0,1.15
2025-04-12,Keyboard,Ahmedabad,78,1500,117000,24,35,1,1,4,0,0.0,1.15
2025-04-12,Monitor,Hyderabad,45,18000,810000,74,15,1,0,4,0,0.0,1.15
2025-04-12,Monitor,Mumbai,43,18000,774000,128,15,1,0,4,0,0.0,1.15
2025-04-12,Monitor,Delhi,57,18000,1026000,45,15,1,0,6,0,0.0,1.15
2025-04-12,Monitor,Bangalore,55,18000,990000,28,15,1,0,6,0,0.0,1.15
2025-04-12,Monitor,Chennai,44,18000,792000,148,15,1,0,7,0,0.0,1.15
2025-04-12,Monitor,Pune,52,18000,936000,64,15,0,0,4,0,0.0,1.15
2025-04-12,Monitor,Kolkata,61,18000,1098000,73,15,0,0,6,0,0.0,1.15
2025-04-12,Monitor,Ahmedabad,50,18000,900000,42,15,0,0,4,0,0.0,1.15
2025-04-12,Mouse,Hyderabad,94,800,75200,129,50,1,0,5,0,0.0,1.15
2025-04-12,Mouse,Mumbai,100,800,80000,0,50,1,1,3,0,0.0,1.15
2025-04-12,Mouse,Delhi,114,800,91200,0,50,1,1,7,0,0.0,1.15
2025-04-12,Mouse,Bangalore,104,800,83200,122,50,1,0,4,0,0.0,1.15
2025-04-12,Mouse,Chennai,94,800,75200,0,50,1,1,4,0,0.0,1.15
2025-04-12,Mouse,Pune,116,800,92800,21,50,1,1,7,0,0.0,1.15
2025-04-12,Mouse,Kolkata,96,800,76800,73,50,1,0,5,0,0.0,1.15
2025-04-12,Mouse,Ahmedabad,101,800,80800,79,50,1,0,2,0,0.0,1.15
2025-04-12,Printer,Hyderabad,37,12000,444000,57,10,1,0,2,0,0.0,1.15
2025-04-12,Printer,Mumbai,31,12000,372000,106,10,0,0,6,0,0.0,1.15
2025-04-12,Printer,Delhi,29,12000,348000,131,10,1,0,2,0,0.0,1.15
2025-04-12,Printer,Bangalore,36,12000,432000,136,10,1,0,2,0,0.0,1.15
2025-04-12,Printer,Chennai,38,12000,456000,43,10,1,0,5,0,0.0,1.15
2025-04-12,Printer,Pune,41,12000,492000,65,10,0,0,6,0,0.0,1.15
2025-04-12,Printer,Kolkata,33,12000,396000,127,10,1,0,4,0,0.0,1.15
2025-04-12,Printer,Ahmedabad,37,12000,444000,77,10,1,0,3,0,0.0,1.15
2025-04-12,Speaker,Hyderabad,62,4000,248000,153,25,1,0,2,0,0.0,1.15
2025-04-12,Speaker,Mumbai,59,4000,236000,109,25,1,0,3,0,0.0,1.15
2025-04-12,Speaker,Delhi,73,4000,292000,71,25,0,0,2,0,0.0,1.15
2025-04-12,Speaker,Bangalore,75,4000,300000,95,25,1,0,2,0,0.0,1.15
2025-04-12,Speaker,Chennai,57,4000,228000,32,25,0,0,4,0,0.0,1.15
2025-04-12,Speaker,Pune,66,4000,264000,72,25,1,0,5,0,0.0,1.15
2025-04-12,Speaker,Kolkata,72,4000,288000,90,25,1,0,4,0,0.0,1.15
2025-04-12,Speaker,Ahmedabad,67,4000,268000,68,25,1,0,6,0,0.0,1.15
2025-04-13,Laptop,Hyderabad,61,55000,3355000,108,20,1,0,5,0,0.0,1.15
2025-04-13,Laptop,Mumbai,61,55000,3355000,91,20,0,0,7,0,0.0,1.15
2025-04-13,Laptop,Delhi,61,55000,3355000,90,20,1,0,7,0,0.0,1.15
2025-04-13,Laptop,Bangalore,66,55000,3630000,58,20,0,0,5,0,0.0,1.15
2025-04-13,Laptop,Chennai,72,55000,3960000,76,20,1,0,6,0,0.0,1.15
2025-04-13,Laptop,Pune,54,55000,2970000,111,20,1,0,4,0,0.0,1.15
2025-04-13,Laptop,Kolkata,63,55000,3465000,112,20,1,0,2,0,0.0,1.15
2025-04-13,Laptop,Ahmedabad,62,55000,3410000,27,20,0,0,4,0,0.0,1.15
2025-04-13,Mobile,Hyderabad,94,20000,1880000,54,30,1,0,7,0,0.0,1.15
2025-04-13,Mobile,Mumbai,97,20000,1940000,34,30,1,0,5,0,0.0,1.15
2025-04-13,Mobile,Delhi,82,20000,1640000,70,30,1,0,2,0,0.0,1.15
2025-04-13,Mobile,Bangalore,100,20000,2000000,21,30,1,1,7,0,0.0,1.15
2025-04-13,Mobile,Chennai,102,20000,2040000,45,30,1,0,5,0,0.0,1.15
2025-04-13,Mobile,Pune,87,20000,1740000,27,30,1,1,2,0,0.0,1.15
2025-04-13,Mobile,Kolkata,91,20000,1820000,10,30,1,1,5,0,0.0,1.15
2025-04-13,Mobile,Ahmedabad,99,20000,1980000,76,30,1,0,2,0,0.0,1.15
2025-04-13,Tablet,Hyderabad,31,30000,930000,111,25,0,0,4,0,0.0,1.15
2025-04-13,Tablet,Mumbai,42,30000,1260000,103,25,1,0,2,0,0.0,1.15
2025-04-13,Tablet,Delhi,64,30000,1920000,33,25,0,0,6,0,0.0,1.15
2025-04-13,Tablet,Bangalore,44,30000,1320000,44,25,0,0,3,0,0.0,1.15
2025-04-13,Tablet,Chennai,33,30000,990000,102,25,1,0,2,0,0.0,1.15
2025-04-13,Tablet,Pune,47,30000,1410000,105,25,1,0,5,0,0.0,1.15
2025-04-13,Tablet,Kolkata,50,30000,1500000,33,25,0,0,2,0,0.0,1.15
2025-04-13,Tablet,Ahmedabad,61,30000,1830000,146,25,1,0,2,0,0.0,1.15
2025-04-13,Headphones,Hyderabad,78,3000,234000,101,40,1,0,6,0,0.0,1.15
2025-04-13,Headphones,Mumbai,78,3000,234000,49,40,0,0,2,0,0.0,1.15
2025-04-13,Headphones,Delhi,68,3000,204000,50,40,0,0,6,0,0.0,1.15
2025-04-13,Headphones,Bangalore,90,3000,270000,135,40,1,0,4,0,0.0,1.15
2025-04-13,Headphones,Chennai,90,3000,270000,183,40,1,0,5,0,0.0,1.15
2025-04-13,Headphones,Pune,78,3000,234000,95,40,1,0,5,0,0.0,1.15
2025-04-13,Headphones,Kolkata,71,3000,213000,85,40,0,0,6,0,0.0,1.15
2025-04-13,Headphones,Ahmedabad,69,3000,207000,80,40,0,0,7,0,0.0,1.15
2025-04-13,Smartwatch,Hyderabad,43,8000,344000,115,20,0,0,6,0,0.0,1.15
2025-04-13,Smartwatch,Mumbai,52,8000,416000,104,20,1,0,2,0,0.0,1.15
2025-04-13,Smartwatch,Delhi,46,8000,368000,36,20,0,0,5,0,0.0,1.15
2025-04-13,Smartwatch,Bangalore,43,8000,344000,115,20,1,0,4,0,0.0,1.15
2025-04-13,Smartwatch,Chennai,54,8000,432000,78,20,1,0,3,0,0.0,1.15
2025-04-13,Smartwatch,Pune,52,8000,416000,112,20,1,0,3,0,0.0,1.15
2025-04-13,Smartwatch,Kolkata,43,8000,344000,60,20,0,0,6,0,0.0,1.15
2025-04-13,Smartwatch,Ahmedabad,50,8000,400000,53,20,0,0,2,0,0.0,1.15
2025-04-13,Keyboard,Hyderabad,92,1500,138000,8,35,1,1,4,0,0.0,1.15
2025-04-13,Keyboard,Mumbai,84,1500,126000,85,35,1,0,7,0,0.0,1.15
2025-04-13,Keyboard,Delhi,60,1500,90000,73,35,1,0,5,0,0.0,1.15
2025-04-13,Keyboard,Bangalore,86,1500,129000,176,35,1,0,6,0,0.0,1.15
2025-04-13,Keyboard,Chennai,87,1500,130500,77,35,0,0,6,0,0.0,1.15
2025-04-13,Keyboard,Pune,74,1500,111000,149,35,1,0,3,0,0.0,1.15
2025-04-13,Keyboard,Kolkata,71,1500,106500,66,35,1,0,4,0,0.0,1.15
2025-04-13,Keyboard,Ahmedabad,73,1500,109500,60,35,1,0,7,0,0.0,1.15
2025-04-13,Monitor,Hyderabad,64,18000,1152000,61,15,1,0,4,0,0.0,1.15
2025-04-13,Monitor,Mumbai,48,18000,864000,80,15,0,0,7,0,0.0,1.15
2025-04-13,Monitor,Delhi,54,18000,972000,79,15,1,0,4,0,0.0,1.15
2025-04-13,Monitor,Bangalore,53,18000,954000,35,15,1,0,5,0,0.0,1.15
2025-04-13,Monitor,Chennai,53,18000,954000,95,15,0,0,3,0,0.0,1.15
2025-04-13,Monitor,Pune,44,18000,792000,20,15,0,0,7,0,0.0,1.15
2025-04-13,Monitor,Kolkata,57,18000,1026000,16,15,0,0,5,0,0.0,1.15
2025-04-13,Monitor,Ahmedabad,59,18000,1062000,130,15,1,0,4,0,0.0,1.15
2025-04-13,Mouse,Hyderabad,94,800,75200,86,50,1,0,7,0,0.0,1.15
2025-04-13,Mouse,Mumbai,103,800,82400,0,50,1,1,6,0,0.0,1.15
2025-04-13,Mouse,Delhi,115,800,92000,12,50,1,1,6,0,0.0,1.15
2025-04-13,Mouse,Bangalore,105,800,84000,136,50,1,0,7,0,0.0,1.15
2025-04-13,Mouse,Chennai,101,800,80800,0,50,1,1,2,0,0.0,1.15
2025-04-13,Mouse,Pune,106,800,84800,38,50,1,1,3,0,0.0,1.15
2025-04-13,Mouse,Kolkata,91,800,72800,124,50,1,0,5,0,0.0,1.15
2025-04-13,Mouse,Ahmedabad,106,800,84800,29,50,1,1,7,0,0.0,1.15
2025-04-13,Printer,Hyderabad,31,12000,372000,26,10,0,0,4,0,0.0,1.15
2025-04-13,Printer,Mumbai,30,12000,360000,76,10,0,0,7,0,0.0,1.15
2025-04-13,Printer,Delhi,35,12000,420000,96,10,0,0,5,0,0.0,1.15
2025-04-13,Printer,Bangalore,38,12000,456000,98,10,0,0,4,0,0.0,1.15
2025-04-13,Printer,Chennai,17,12000,204000,26,10,0,0,5,0,0.0,1.15
2025-04-13,Printer,Pune,34,12000,408000,31,10,0,0,2,0,0.0,1.15
2025-04-13,Printer,Kolkata,42,12000,504000,85,10,0,0,6,0,0.0,1.15
2025-04-13,Printer,Ahmedabad,31,12000,372000,46,10,0,0,4,0,0.0,1.15
2025-04-13,Speaker,Hyderabad,63,4000,252000,90,25,0,0,2,0,0.0,1.15
2025-04-13,Speaker,Mumbai,71,4000,284000,38,25,0,0,5,0,0.0,1.15
2025-04-13,Speaker,Delhi,68,4000,272000,100,25,1,0,4,0,0.0,1.15
2025-04-13,Speaker,Bangalore,69,4000,276000,26,25,0,0,4,0,0.0,1.15
2025-04-13,Speaker,Chennai,48,4000,192000,50,25,1,0,2,0,0.0,1.15
2025-04-13,Speaker,Pune,74,4000,296000,115,25,1,0,5,0,0.0,1.15
2025-04-13,Speaker,Kolkata,75,4000,300000,116,25,1,0,2,0,0.0,1.15
2025-04-13,Speaker,Ahmedabad,69,4000,276000,90,25,1,0,7,0,0.0,1.15
2025-04-14,Laptop,Hyderabad,55,55000,3025000,53,20,0,0,4,0,0.0,1.15
2025-04-14,Laptop,Mumbai,60,55000,3300000,31,20,0,0,5,0,0.0,1.15
2025-04-14,Laptop,Delhi,57,55000,3135000,33,20,0,0,3,0,0.0,1.15
2025-04-14,Laptop,Bangalore,82,55000,4510000,44,20,1,0,4,0,0.0,1.15
2025-04-14,Laptop,Chennai,53,55000,2915000,23,20,0,0,2,0,0.0,1.15
2025-04-14,Laptop,Pune,63,55000,3465000,48,20,0,0,2,0,0.0,1.15
2025-04-14,Laptop,Kolkata,53,55000,2915000,59,20,0,0,7,0,0.0,1.15
2025-04-14,Laptop,Ahmedabad,61,55000,3355000,37,20,1,0,5,0,0.0,1.15
2025-04-14,Mobile,Hyderabad,93,20000,1860000,106,30,1,0,5,0,0.0,1.15
2025-04-14,Mobile,Mumbai,97,20000,1940000,12,30,1,1,2,0,0.0,1.15
2025-04-14,Mobile,Delhi,86,20000,1720000,105,30,1,0,7,0,0.0,1.15
2025-04-14,Mobile,Bangalore,86,20000,1720000,61,30,1,0,5,0,0.0,1.15
2025-04-14,Mobile,Chennai,99,20000,1980000,68,30,1,0,5,0,0.0,1.15
2025-04-14,Mobile,Pune,89,20000,1780000,25,30,1,1,4,0,0.0,1.15
2025-04-14,Mobile,Kolkata,80,20000,1600000,64,30,1,0,6,0,0.0,1.15
2025-04-14,Mobile,Ahmedabad,104,20000,2080000,31,30,1,0,3,0,0.0,1.15
2025-04-14,Tablet,Hyderabad,53,30000,1590000,58,25,0,0,3,0,0.0,1.15
2025-04-14,Tablet,Mumbai,63,30000,1890000,40,25,0,0,5,0,0.0,1.15
2025-04-14,Tablet,Delhi,68,30000,2040000,70,25,1,0,5,0,0.0,1.15
2025-04-14,Tablet,Bangalore,46,30000,1380000,147,25,1,0,3,0,0.0,1.15
2025-04-14,Tablet,Chennai,39,30000,1170000,63,25,0,0,6,0,0.0,1.15
2025-04-14,Tablet,Pune,70,30000,2100000,35,25,0,0,5,0,0.0,1.15
2025-04-14,Tablet,Kolkata,42,30000,1260000,85,25,1,0,5,0,0.0,1.15
2025-04-14,Tablet,Ahmedabad,45,30000,1350000,101,25,0,0,3,0,0.0,1.15
2025-04-14,Headphones,Hyderabad,80,3000,240000,94,40,1,0,7,0,0.0,1.15
2025-04-14,Headphones,Mumbai,79,3000,237000,77,40,1,0,2,0,0.0,1.15
2025-04-14,Headphones,Delhi,61,3000,183000,53,40,1,0,2,0,0.0,1.15
2025-04-14,Headphones,Bangalore,80,3000,240000,55,40,0,0,2,0,0.0,1.15
2025-04-14,Headphones,Chennai,66,3000,198000,117,40,0,0,4,0,0.0,1.15
2025-04-14,Headphones,Pune,94,3000,282000,98,40,1,0,5,0,0.0,1.15
2025-04-14,Headphones,Kolkata,70,3000,210000,91,40,1,0,2,0,0.0,1.15
2025-04-14,Headphones,Ahmedabad,57,3000,171000,147,40,1,0,7,0,0.0,1.15
2025-04-14,Smartwatch,Hyderabad,54,8000,432000,61,20,0,0,4,0,0.0,1.15
2025-04-14,Smartwatch,Mumbai,52,8000,416000,52,20,0,0,7,0,0.0,1.15
2025-04-14,Smartwatch,Delhi,50,8000,400000,91,20,1,0,5,0,0.0,1.15
2025-04-14,Smartwatch,Bangalore,41,8000,328000,74,20,0,0,5,0,0.0,1.15
2025-04-14,Smartwatch,Chennai,31,8000,248000,47,20,0,0,7,0,0.0,1.15
2025-04-14,Smartwatch,Pune,47,8000,376000,65,20,0,0,4,0,0.0,1.15
2025-04-14,Smartwatch,Kolkata,51,8000,408000,110,20,1,0,4,0,0.0,1.15
2025-04-14,Smartwatch,Ahmedabad,33,8000,264000,20,20,0,0,3,0,0.0,1.15
2025-04-14,Keyboard,Hyderabad,93,1500,139500,51,35,1,0,2,0,0.0,1.15
2025-04-14,Keyboard,Mumbai,69,1500,103500,107,35,1,0,3,0,0.0,1.15
2025-04-14,Keyboard,Delhi,64,1500,96000,146,35,1,0,7,0,0.0,1.15
2025-04-14,Keyboard,Bangalore,71,1500,106500,105,35,0,0,6,0,0.0,1.15
2025-04-14,Keyboard,Chennai,98,1500,147000,64,35,1,0,5,0,0.0,1.15
2025-04-14,Keyboard,Pune,84,1500,126000,65,35,0,0,5,0,0.0,1.15
2025-04-14,Keyboard,Kolkata,89,1500,133500,52,35,1,0,6,0,0.0,1.15
2025-04-14,Keyboard,Ahmedabad,93,1500,139500,114,35,1,0,6,0,0.0,1.15
2025-04-14,Monitor,Hyderabad,48,18000,864000,129,15,1,0,6,0,0.0,1.15
2025-04-14,Monitor,Mumbai,50,18000,900000,30,15,0,0,4,0,0.0,1.15
2025-04-14,Monitor,Delhi,49,18000,882000,30,15,0,0,6,0,0.0,1.15
2025-04-14,Monitor,Bangalore,41,18000,738000,138,15,1,0,2,0,0.0,1.15
2025-04-14,Monitor,Chennai,56,18000,1008000,39,15,0,0,6,0,0.0,1.15
2025-04-14,Monitor,Pune,47,18000,846000,99,15,1,0,4,0,0.0,1.15
2025-04-14,Monitor,Kolkata,41,18000,738000,108,15,1,0,6,0,0.0,1.15
2025-04-14,Monitor,Ahmedabad,54,18000,972000,76,15,0,0,5,0,0.0,1.15
2025-04-14,Mouse,Hyderabad,89,800,71200,62,50,1,0,5,0,0.0,1.15
2025-04-14,Mouse,Mumbai,106,800,84800,0,50,1,1,4,0,0.0,1.15
2025-04-14,Mouse,Delhi,116,800,92800,28,50,1,1,7,0,0.0,1.15
2025-04-14,Mouse,Bangalore,112,800,89600,111,50,1,0,7,0,0.0,1.15
2025-04-14,Mouse,Chennai,102,800,81600,10,50,1,1,7,0,0.0,1.15
2025-04-14,Mouse,Pune,97,800,77600,34,50,1,1,3,0,0.0,1.15
2025-04-14,Mouse,Kolkata,101,800,80800,124,50,1,0,7,0,0.0,1.15
2025-04-14,Mouse,Ahmedabad,106,800,84800,62,50,1,0,7,0,0.0,1.15
2025-04-14,Printer,Hyderabad,21,12000,252000,76,10,1,0,4,0,0.0,1.15
2025-04-14,Printer,Mumbai,29,12000,348000,47,10,0,0,6,0,0.0,1.15
2025-04-14,Printer,Delhi,36,12000,432000,60,10,0,0,5,0,0.0,1.15
2025-04-14,Printer,Bangalore,44,12000,528000,54,10,0,0,3,0,0.0,1.15
2025-04-14,Printer,Chennai,41,12000,492000,62,10,1,0,7,0,0.0,1.15
2025-04-14,Printer,Pune,25,12000,300000,86,10,1,0,3,0,0.0,1.15
2025-04-14,Printer,Kolkata,48,12000,576000,37,10,0,0,4,0,0.0,1.15
2025-04-14,Printer,Ahmedabad,36,12000,432000,10,10,0,0,7,0,0.0,1.15
2025-04-14,Speaker,Hyderabad,60,4000,240000,30,25,0,0,7,0,0.0,1.15
2025-04-14,Speaker,Mumbai,58,4000,232000,42,25,1,0,6,0,0.0,1.15
2025-04-14,Speaker,Delhi,70,4000,280000,30,25,0,0,3,0,0.0,1.15
2025-04-14,Speaker,Bangalore,72,4000,288000,26,25,1,0,7,0,0.0,1.15
2025-04-14,Speaker,Chennai,53,4000,212000,73,25,1,0,2,0,0.0,1.15
2025-04-14,Speaker,Pune,53,4000,212000,62,25,0,0,3,0,0.0,1.15
2025-04-14,Speaker,Kolkata,64,4000,256000,52,25,0,0,7,0,0.0,1.15
2025-04-14,Speaker,Ahmedabad,73,4000,292000,114,25,1,0,6,0,0.0,1.15
2025-04-15,Laptop,Hyderabad,67,55000,3685000,61,20,1,0,3,1,13.1,1.15
2025-04-15,Laptop,Mumbai,78,55000,4290000,27,20,1,0,3,1,13.1,1.15
2025-04-15,Laptop,Delhi,78,55000,4290000,35,20,1,0,6,1,13.1,1.15
2025-04-15,Laptop,Bangalore,72,55000,3960000,60,20,1,0,7,1,13.1,1.15
2025-04-15,Laptop,Chennai,83,55000,4565000,81,20,1,0,5,1,13.1,1.15
2025-04-15,Laptop,Pune,87,55000,4785000,29,20,1,0,3,1,13.1,1.15
2025-04-15,Laptop,Kolkata,64,55000,3520000,49,20,1,0,3,1,13.1,1.15
2025-04-15,Laptop,Ahmedabad,71,55000,3905000,24,20,1,0,4,1,13.1,1.15
2025-04-15,Mobile,Hyderabad,129,20000,2580000,79,30,1,0,6,1,13.1,1.15
2025-04-15,Mobile,Mumbai,110,20000,2200000,51,30,1,0,4,1,13.1,1.15
2025-04-15,Mobile,Delhi,100,20000,2000000,72,30,1,0,7,1,13.1,1.15
2025-04-15,Mobile,Bangalore,112,20000,2240000,41,30,1,0,2,1,13.1,1.15
2025-04-15,Mobile,Chennai,104,20000,2080000,56,30,1,0,3,1,13.1,1.15
2025-04-15,Mobile,Pune,120,20000,2400000,0,30,1,1,6,1,13.1,1.15
2025-04-15,Mobile,Kolkata,105,20000,2100000,64,30,1,0,3,1,13.1,1.15
2025-04-15,Mobile,Ahmedabad,108,20000,2160000,6,30,1,1,7,1,13.1,1.15
2025-04-15,Tablet,Hyderabad,51,30000,1530000,71,25,1,0,4,1,13.1,1.15
2025-04-15,Tablet,Mumbai,73,30000,2190000,33,25,1,0,4,1,13.1,1.15
2025-04-15,Tablet,Delhi,47,30000,1410000,125,25,1,0,2,1,13.1,1.15
2025-04-15,Tablet,Bangalore,59,30000,1770000,88,25,0,0,3,1,13.1,1.15
2025-04-15,Tablet,Chennai,62,30000,1860000,133,25,1,0,4,1,13.1,1.15
2025-04-15,Tablet,Pune,86,30000,2580000,10,25,1,1,5,1,13.1,1.15
2025-04-15,Tablet,Kolkata,62,30000,1860000,132,25,1,0,2,1,13.1,1.15
2025-04-15,Tablet,Ahmedabad,62,30000,1860000,39,25,0,0,4,1,13.1,1.15
2025-04-15,Headphones,Hyderabad,83,3000,249000,158,40,1,0,2,1,13.1,1.15
2025-04-15,Headphones,Mumbai,93,3000,279000,132,40,1,0,3,1,13.1,1.15
2025-04-15,Headphones,Delhi,86,3000,258000,47,40,1,0,6,1,13.1,1.15
2025-04-15,Headphones,Bangalore,85,3000,255000,58,40,1,0,5,1,13.1,1.15
2025-04-15,Headphones,Chennai,92,3000,276000,86,40,1,0,5,1,13.1,1.15
2025-04-15,Headphones,Pune,80,3000,240000,69,40,1,0,4,1,13.1,1.15
2025-04-15,Headphones,Kolkata,100,3000,300000,55,40,1,0,3,1,13.1,1.15
2025-04-15,Headphones,Ahmedabad,89,3000,267000,58,40,0,0,3,1,13.1,1.15
2025-04-15,Smartwatch,Hyderabad,51,8000,408000,100,20,1,0,5,1,13.1,1.15
2025-04-15,Smartwatch,Mumbai,71,8000,568000,107,20,1,0,4,1,13.1,1.15
2025-04-15,Smartwatch,Delhi,54,8000,432000,37,20,0,0,7,1,13.1,1.15
2025-04-15,Smartwatch,Bangalore,66,8000,528000,134,20,1,0,4,1,13.1,1.15
2025-04-15,Smartwatch,Chennai,44,8000,352000,56,20,1,0,5,1,13.1,1.15
2025-04-15,Smartwatch,Pune,53,8000,424000,159,20,1,0,7,1,13.1,1.15
2025-04-15,Smartwatch,Kolkata,45,8000,360000,65,20,0,0,5,1,13.1,1.15
2025-04-15,Smartwatch,Ahmedabad,56,8000,448000,90,20,1,0,6,1,13.1,1.15
2025-04-15,Keyboard,Hyderabad,88,1500,132000,92,35,1,0,3,1,13.1,1.15
2025-04-15,Keyboard,Mumbai,107,1500,160500,57,35,1,0,4,1,13.1,1.15
2025-04-15,Keyboard,Delhi,87,1500,130500,59,35,0,0,4,1,13.1,1.15
2025-04-15,Keyboard,Bangalore,102,1500,153000,116,35,1,0,3,1,13.1,1.15
2025-04-15,Keyboard,Chennai,109,1500,163500,37,35,1,0,3,1,13.1,1.15
2025-04-15,Keyboard,Pune,100,1500,150000,54,35,1,0,4,1,13.1,1.15
2025-04-15,Keyboard,Kolkata,101,1500,151500,1,35,1,1,2,1,13.1,1.15
2025-04-15,Keyboard,Ahmedabad,99,1500,148500,66,35,1,0,2,1,13.1,1.15
2025-04-15,Monitor,Hyderabad,62,18000,1116000,67,15,0,0,5,1,13.1,1.15
2025-04-15,Monitor,Mumbai,77,18000,1386000,53,15,1,0,6,1,13.1,1.15
2025-04-15,Monitor,Delhi,62,18000,1116000,37,15,1,0,4,1,13.1,1.15
2025-04-15,Monitor,Bangalore,71,18000,1278000,67,15,0,0,5,1,13.1,1.15
2025-04-15,Monitor,Chennai,61,18000,1098000,52,15,1,0,5,1,13.1,1.15
2025-04-15,Monitor,Pune,62,18000,1116000,37,15,0,0,6,1,13.1,1.15
2025-04-15,Monitor,Kolkata,60,18000,1080000,48,15,0,0,3,1,13.1,1.15
2025-04-15,Monitor,Ahmedabad,71,18000,1278000,67,15,1,0,2,1,13.1,1.15
2025-04-15,Mouse,Hyderabad,117,800,93600,23,50,1,1,5,1,13.1,1.15
2025-04-15,Mouse,Mumbai,122,800,97600,0,50,1,1,2,1,13.1,1.15
2025-04-15,Mouse,Delhi,131,800,104800,0,50,1,1,7,1,13.1,1.15
2025-04-15,Mouse,Bangalore,123,800,98400,64,50,1,0,3,1,13.1,1.15
2025-04-15,Mouse,Chennai,123,800,98400,0,50,1,1,5,1,13.1,1.15
2025-04-15,Mouse,Pune,122,800,97600,0,50,1,1,3,1,13.1,1.15
2025-04-15,Mouse,Kolkata,123,800,98400,120,50,1,0,4,1,13.1,1.15
2025-04-15,Mouse,Ahmedabad,120,800,96000,12,50,1,1,5,1,13.1,1.15
2025-04-15,Printer,Hyderabad,34,12000,408000,42,10,0,0,3,1,13.1,1.15
2025-04-15,Printer,Mumbai,35,12000,420000,12,10,0,0,4,1,13.1,1.15
2025-04-15,Printer,Delhi,46,12000,552000,14,10,0,0,5,1,13.1,1.15
2025-04-15,Printer,Bangalore,44,12000,528000,10,10,0,0,7,1,13.1,1.15
2025-04-15,Printer,Chennai,55,12000,660000,140,10,1,0,6,1,13.1,1.15
2025-04-15,Printer,Pune,52,12000,624000,34,10,0,0,7,1,13.1,1.15
2025-04-15,Printer,Kolkata,41,12000,492000,68,10,1,0,5,1,13.1,1.15
2025-04-15,Printer,Ahmedabad,49,12000,588000,73,10,1,0,5,1,13.1,1.15
2025-04-15,Speaker,Hyderabad,90,4000,360000,85,25,1,0,2,1,13.1,1.15
2025-04-15,Speaker,Mumbai,87,4000,348000,80,25,1,0,4,1,13.1,1.15
2025-04-15,Speaker,Delhi,76,4000,304000,50,25,1,0,4,1,13.1,1.15
2025-04-15,Speaker,Bangalore,71,4000,284000,26,25,1,0,4,1,13.1,1.15
2025-04-15,Speaker,Chennai,91,4000,364000,32,25,1,0,2,1,13.1,1.15
2025-04-15,Speaker,Pune,94,4000,376000,32,25,1,0,2,1,13.1,1.15
2025-04-15,Speaker,Kolkata,84,4000,336000,43,25,1,0,2,1,13.1,1.15
2025-04-15,Speaker,Ahmedabad,91,4000,364000,138,25,1,0,7,1,13.1,1.15
2025-04-16,Laptop,Hyderabad,67,55000,3685000,89,20,1,0,4,0,0.0,1.15
2025-04-16,Laptop,Mumbai,57,55000,3135000,70,20,1,0,4,0,0.0,1.15
2025-04-16,Laptop,Delhi,59,55000,3245000,79,20,1,0,4,0,0.0,1.15
2025-04-16,Laptop,Bangalore,72,55000,3960000,86,20,1,0,6,0,0.0,1.15
2025-04-16,Laptop,Chennai,64,55000,3520000,74,20,1,0,4,0,0.0,1.15
2025-04-16,Laptop,Pune,53,55000,2915000,102,20,1,0,5,0,0.0,1.15
2025-04-16,Laptop,Kolkata,71,55000,3905000,87,20,1,0,3,0,0.0,1.15
2025-04-16,Laptop,Ahmedabad,56,55000,3080000,114,20,1,0,4,0,0.0,1.15
2025-04-16,Mobile,Hyderabad,88,20000,1760000,129,30,1,0,4,0,0.0,1.15
2025-04-16,Mobile,Mumbai,90,20000,1800000,104,30,1,0,3,0,0.0,1.15
2025-04-16,Mobile,Delhi,92,20000,1840000,65,30,1,0,4,0,0.0,1.15
2025-04-16,Mobile,Bangalore,95,20000,1900000,89,30,1,0,2,0,0.0,1.15
2025-04-16,Mobile,Chennai,102,20000,2040000,36,30,1,0,3,0,0.0,1.15
2025-04-16,Mobile,Pune,107,20000,2140000,20,30,1,1,4,0,0.0,1.15
2025-04-16,Mobile,Kolkata,101,20000,2020000,51,30,1,0,3,0,0.0,1.15
2025-04-16,Mobile,Ahmedabad,99,20000,1980000,19,30,1,1,2,0,0.0,1.15
2025-04-16,Tablet,Hyderabad,48,30000,1440000,78,25,1,0,3,0,0.0,1.15
2025-04-16,Tablet,Mumbai,61,30000,1830000,119,25,1,0,6,0,0.0,1.15
2025-04-16,Tablet,Delhi,50,30000,1500000,75,25,0,0,4,0,0.0,1.15
2025-04-16,Tablet,Bangalore,54,30000,1620000,34,25,0,0,4,0,0.0,1.15
2025-04-16,Tablet,Chennai,58,30000,1740000,75,25,0,0,7,0,0.0,1.15
2025-04-16,Tablet,Pune,50,30000,1500000,91,25,1,0,2,0,0.0,1.15
2025-04-16,Tablet,Kolkata,44,30000,1320000,88,25,0,0,5,0,0.0,1.15
2025-04-16,Tablet,Ahmedabad,71,30000,2130000,68,25,1,0,2,0,0.0,1.15
2025-04-16,Headphones,Hyderabad,78,3000,234000,80,40,0,0,7,0,0.0,1.15
2025-04-16,Headphones,Mumbai,67,3000,201000,65,40,0,0,4,0,0.0,1.15
2025-04-16,Headphones,Delhi,77,3000,231000,108,40,1,0,4,0,0.0,1.15
2025-04-16,Headphones,Bangalore,67,3000,201000,79,40,1,0,6,0,0.0,1.15
2025-04-16,Headphones,Chennai,77,3000,231000,120,40,1,0,3,0,0.0,1.15
2025-04-16,Headphones,Pune,70,3000,210000,93,40,1,0,3,0,0.0,1.15
2025-04-16,Headphones,Kolkata,88,3000,264000,41,40,1,0,3,0,0.0,1.15
2025-04-16,Headphones,Ahmedabad,80,3000,240000,59,40,1,0,3,0,0.0,1.15
2025-04-16,Smartwatch,Hyderabad,36,8000,288000,64,20,0,0,3,0,0.0,1.15
2025-04-16,Smartwatch,Mumbai,47,8000,376000,60,20,0,0,4,0,0.0,1.15
2025-04-16,Smartwatch,Delhi,52,8000,416000,74,20,1,0,4,0,0.0,1.15
2025-04-16,Smartwatch,Bangalore,43,8000,344000,91,20,0,0,5,0,0.0,1.15
2025-04-16,Smartwatch,Chennai,43,8000,344000,140,20,1,0,5,0,0.0,1.15
2025-04-16,Smartwatch,Pune,46,8000,368000,113,20,0,0,2,0,0.0,1.15
2025-04-16,Smartwatch,Kolkata,40,8000,320000,25,20,0,0,5,0,0.0,1.15
2025-04-16,Smartwatch,Ahmedabad,45,8000,360000,45,20,0,0,6,0,0.0,1.15
2025-04-16,Keyboard,Hyderabad,72,1500,108000,85,35,1,0,4,0,0.0,1.15
2025-04-16,Keyboard,Mumbai,64,1500,96000,140,35,1,0,7,0,0.0,1.15
2025-04-16,Keyboard,Delhi,73,1500,109500,67,35,1,0,7,0,0.0,1.15
2025-04-16,Keyboard,Bangalore,81,1500,121500,35,35,0,0,2,0,0.0,1.15
2025-04-16,Keyboard,Chennai,71,1500,106500,72,35,1,0,5,0,0.0,1.15
2025-04-16,Keyboard,Pune,70,1500,105000,88,35,1,0,4,0,0.0,1.15
2025-04-16,Keyboard,Kolkata,90,1500,135000,29,35,1,1,2,0,0.0,1.15
2025-04-16,Keyboard,Ahmedabad,70,1500,105000,84,35,1,0,7,0,0.0,1.15
2025-04-16,Monitor,Hyderabad,52,18000,936000,15,15,0,0,5,0,0.0,1.15
2025-04-16,Monitor,Mumbai,54,18000,972000,67,15,1,0,3,0,0.0,1.15
2025-04-16,Monitor,Delhi,53,18000,954000,41,15,1,0,6,0,0.0,1.15
2025-04-16,Monitor,Bangalore,46,18000,828000,21,15,0,0,6,0,0.0,1.15
2025-04-16,Monitor,Chennai,52,18000,936000,117,15,1,0,3,0,0.0,1.15
2025-04-16,Monitor,Pune,61,18000,1098000,53,15,1,0,6,0,0.0,1.15
2025-04-16,Monitor,Kolkata,43,18000,774000,123,15,1,0,2,0,0.0,1.15
2025-04-16,Monitor,Ahmedabad,54,18000,972000,161,15,1,0,2,0,0.0,1.15
2025-04-16,Mouse,Hyderabad,100,800,80000,14,50,1,1,7,0,0.0,1.15
2025-04-16,Mouse,Mumbai,114,800,91200,27,50,1,1,3,0,0.0,1.15
2025-04-16,Mouse,Delhi,108,800,86400,26,50,1,1,6,0,0.0,1.15
2025-04-16,Mouse,Bangalore,104,800,83200,16,50,1,1,3,0,0.0,1.15
2025-04-16,Mouse,Chennai,109,800,87200,20,50,1,1,5,0,0.0,1.15
2025-04-16,Mouse,Pune,113,800,90400,0,50,1,1,6,0,0.0,1.15
2025-04-16,Mouse,Kolkata,119,800,95200,91,50,1,0,6,0,0.0,1.15
2025-04-16,Mouse,Ahmedabad,95,800,76000,26,50,1,1,5,0,0.0,1.15
2025-04-16,Printer,Hyderabad,22,12000,264000,20,10,0,0,7,0,0.0,1.15
2025-04-16,Printer,Mumbai,27,12000,324000,100,10,1,0,5,0,0.0,1.15
2025-04-16,Printer,Delhi,32,12000,384000,84,10,1,0,7,0,0.0,1.15
2025-04-16,Printer,Bangalore,31,12000,372000,108,10,1,0,4,0,0.0,1.15
2025-04-16,Printer,Chennai,45,12000,540000,95,10,0,0,2,0,0.0,1.15
2025-04-16,Printer,Pune,39,12000,468000,101,10,1,0,7,0,0.0,1.15
2025-04-16,Printer,Kolkata,27,12000,324000,41,10,0,0,6,0,0.0,1.15
2025-04-16,Printer,Ahmedabad,37,12000,444000,36,10,0,0,5,0,0.0,1.15
2025-04-16,Speaker,Hyderabad,73,4000,292000,66,25,1,0,6,0,0.0,1.15
2025-04-16,Speaker,Mumbai,83,4000,332000,124,25,1,0,6,0,0.0,1.15
2025-04-16,Speaker,Delhi,54,4000,216000,142,25,1,0,2,0,0.0,1.15
2025-04-16,Speaker,Bangalore,64,4000,256000,47,25,1,0,2,0,0.0,1.15
2025-04-16,Speaker,Chennai,73,4000,292000,70,25,1,0,5,0,0.0,1.15
2025-04-16,Speaker,Pune,76,4000,304000,15,25,1,1,3,0,0.0,1.15
2025-04-16,Speaker,Kolkata,62,4000,248000,117,25,1,0,2,0,0.0,1.15
2025-04-16,Speaker,Ahmedabad,70,4000,280000,68,25,0,0,2,0,0.0,1.15
2025-04-17,Laptop,Hyderabad,76,55000,4180000,84,20,1,0,5,0,0.0,1.15
2025-04-17,Laptop,Mumbai,57,55000,3135000,145,20,1,0,3,0,0.0,1.15
2025-04-17,Laptop,Delhi,71,55000,3905000,93,20,1,0,4,0,0.0,1.15
2025-04-17,Laptop,Bangalore,58,55000,3190000,28,20,0,0,4,0,0.0,1.15
2025-04-17,Laptop,Chennai,62,55000,3410000,158,20,1,0,2,0,0.0,1.15
2025-04-17,Laptop,Pune,58,55000,3190000,44,20,0,0,6,0,0.0,1.15
2025-04-17,Laptop,Kolkata,73,55000,4015000,96,20,1,0,4,0,0.0,1.15
2025-04-17,Laptop,Ahmedabad,66,55000,3630000,48,20,0,0,4,0,0.0,1.15
2025-04-17,Mobile,Hyderabad,96,20000,1920000,33,30,0,0,6,0,0.0,1.15
2025-04-17,Mobile,Mumbai,79,20000,1580000,103,30,1,0,5,0,0.0,1.15
2025-04-17,Mobile,Delhi,106,20000,2120000,49,30,1,0,2,0,0.0,1.15
2025-04-17,Mobile,Bangalore,95,20000,1900000,129,30,1,0,5,0,0.0,1.15
2025-04-17,Mobile,Chennai,78,20000,1560000,99,30,1,0,3,0,0.0,1.15
2025-04-17,Mobile,Pune,108,20000,2160000,4,30,1,1,6,0,0.0,1.15
2025-04-17,Mobile,Kolkata,93,20000,1860000,83,30,1,0,5,0,0.0,1.15
2025-04-17,Mobile,Ahmedabad,99,20000,1980000,15,30,1,1,4,0,0.0,1.15
2025-04-17,Tablet,Hyderabad,55,30000,1650000,92,25,1,0,5,0,0.0,1.15
2025-04-17,Tablet,Mumbai,51,30000,1530000,68,25,0,0,3,0,0.0,1.15
2025-04-17,Tablet,Delhi,51,30000,1530000,127,25,1,0,7,0,0.0,1.15
2025-04-17,Tablet,Bangalore,68,30000,2040000,103,25,1,0,2,0,0.0,1.15
2025-04-17,Tablet,Chennai,55,30000,1650000,139,25,1,0,7,0,0.0,1.15
2025-04-17,Tablet,Pune,56,30000,1680000,35,25,0,0,2,0,0.0,1.15
2025-04-17,Tablet,Kolkata,56,30000,1680000,32,25,0,0,3,0,0.0,1.15
2025-04-17,Tablet,Ahmedabad,51,30000,1530000,104,25,1,0,6,0,0.0,1.15
2025-04-17,Headphones,Hyderabad,69,3000,207000,155,40,1,0,6,0,0.0,1.15
2025-04-17,Headphones,Mumbai,77,3000,231000,97,40,1,0,6,0,0.0,1.15
2025-04-17,Headphones,Delhi,60,3000,180000,48,40,0,0,6,0,0.0,1.15
2025-04-17,Headphones,Bangalore,76,3000,228000,80,40,1,0,3,0,0.0,1.15
2025-04-17,Headphones,Chennai,82,3000,246000,100,40,1,0,7,0,0.0,1.15
2025-04-17,Headphones,Pune,65,3000,195000,118,40,1,0,5,0,0.0,1.15
2025-04-17,Headphones,Kolkata,84,3000,252000,24,40,1,1,5,0,0.0,1.15
2025-04-17,Headphones,Ahmedabad,58,3000,174000,101,40,1,0,3,0,0.0,1.15
2025-04-17,Smartwatch,Hyderabad,33,8000,264000,31,20,0,0,7,0,0.0,1.15
2025-04-17,Smartwatch,Mumbai,51,8000,408000,91,20,1,0,3,0,0.0,1.15
2025-04-17,Smartwatch,Delhi,42,8000,336000,32,20,0,0,2,0,0.0,1.15
2025-04-17,Smartwatch,Bangalore,46,8000,368000,45,20,0,0,5,0,0.0,1.15
2025-04-17,Smartwatch,Chennai,44,8000,352000,96,20,0,0,2,0,0.0,1.15
2025-04-17,Smartwatch,Pune,59,8000,472000,54,20,0,0,5,0,0.0,1.15
2025-04-17,Smartwatch,Kolkata,34,8000,272000,86,20,1,0,5,0,0.0,1.15
2025-04-17,Smartwatch,Ahmedabad,48,8000,384000,114,20,1,0,4,0,0.0,1.15
2025-04-17,Keyboard,Hyderabad,58,1500,87000,163,35,1,0,6,0,0.0,1.15
2025-04-17,Keyboard,Mumbai,87,1500,130500,53,35,0,0,5,0,0.0,1.15
2025-04-17,Keyboard,Delhi,86,1500,129000,105,35,1,0,7,0,0.0,1.15
2025-04-17,Keyboard,Bangalore,103,1500,154500,65,35,1,0,7,0,0.0,1.15
2025-04-17,Keyboard,Chennai,91,1500,136500,117,35,1,0,7,0,0.0,1.15
2025-04-17,Keyboard,Pune,71,1500,106500,154,35,1,0,6,0,0.0,1.15
2025-04-17,Keyboard,Kolkata,74,1500,111000,44,35,1,0,7,0,0.0,1.15
2025-04-17,Keyboard,Ahmedabad,85,1500,127500,49,35,1,0,6,0,0.0,1.15
2025-04-17,Monitor,Hyderabad,43,18000,774000,66,15,1,0,7,0,0.0,1.15
2025-04-17,Monitor,Mumbai,57,18000,1026000,93,15,1,0,6,0,0.0,1.15
2025-04-17,Monitor,Delhi,41,18000,738000,66,15,1,0,3,0,0.0,1.15
2025-04-17,Monitor,Bangalore,58,18000,1044000,33,15,1,0,4,0,0.0,1.15
2025-04-17,Monitor,Chennai,42,18000,756000,75,15,0,0,2,0,0.0,1.15
2025-04-17,Monitor,Pune,47,18000,846000,141,15,1,0,7,0,0.0,1.15
2025-04-17,Monitor,Kolkata,41,18000,738000,82,15,0,0,2,0,0.0,1.15
2025-04-17,Monitor,Ahmedabad,58,18000,1044000,103,15,0,0,7,0,0.0,1.15
2025-04-17,Mouse,Hyderabad,86,800,68800,0,50,1,1,4,0,0.0,1.15
2025-04-17,Mouse,Mumbai,111,800,88800,57,50,1,0,3,0,0.0,1.15
2025-04-17,Mouse,Delhi,101,800,80800,22,50,1,1,7,0,0.0,1.15
2025-04-17,Mouse,Bangalore,104,800,83200,35,50,1,1,7,0,0.0,1.15
2025-04-17,Mouse,Chennai,97,800,77600,9,50,1,1,6,0,0.0,1.15
2025-04-17,Mouse,Pune,98,800,78400,0,50,1,1,5,0,0.0,1.15
2025-04-17,Mouse,Kolkata,103,800,82400,59,50,1,0,7,0,0.0,1.15
2025-04-17,Mouse,Ahmedabad,103,800,82400,0,50,1,1,5,0,0.0,1.15
2025-04-17,Printer,Hyderabad,37,12000,444000,46,10,1,0,4,0,0.0,1.15
2025-04-17,Printer,Mumbai,27,12000,324000,73,10,0,0,3,0,0.0,1.15
2025-04-17,Printer,Delhi,36,12000,432000,48,10,0,0,5,0,0.0,1.15
2025-04-17,Printer,Bangalore,29,12000,348000,79,10,0,0,5,0,0.0,1.15
2025-04-17,Printer,Chennai,22,12000,264000,73,10,0,0,5,0,0.0,1.15
2025-04-17,Printer,Pune,26,12000,312000,75,10,0,0,2,0,0.0,1.15
2025-04-17,Printer,Kolkata,32,12000,384000,140,10,1,0,3,0,0.0,1.15
2025-04-17,Printer,Ahmedabad,26,12000,312000,10,10,0,0,6,0,0.0,1.15
2025-04-17,Speaker,Hyderabad,73,4000,292000,139,25,1,0,6,0,0.0,1.15
2025-04-17,Speaker,Mumbai,72,4000,288000,52,25,0,0,5,0,0.0,1.15
2025-04-17,Speaker,Delhi,54,4000,216000,88,25,0,0,6,0,0.0,1.15
2025-04-17,Speaker,Bangalore,66,4000,264000,77,25,1,0,6,0,0.0,1.15
2025-04-17,Speaker,Chennai,61,4000,244000,93,25,1,0,2,0,0.0,1.15
2025-04-17,Speaker,Pune,75,4000,300000,70,25,1,0,2,0,0.0,1.15
2025-04-17,Speaker,Kolkata,80,4000,320000,37,25,0,0,7,0,0.0,1.15
2025-04-17,Speaker,Ahmedabad,64,4000,256000,138,25,1,0,3,0,0.0,1.15
2025-04-18,Laptop,Hyderabad,51,55000,2805000,33,20,0,0,4,0,0.0,1.15
2025-04-18,Laptop,Mumbai,72,55000,3960000,73,20,0,0,7,0,0.0,1.15
2025-04-18,Laptop,Delhi,61,55000,3355000,32,20,0,0,7,0,0.0,1.15
2025-04-18,Laptop,Bangalore,52,55000,2860000,30,20,1,0,7,0,0.0,1.15
2025-04-18,Laptop,Chennai,66,55000,3630000,92,20,0,0,2,0,0.0,1.15
2025-04-18,Laptop,Pune,62,55000,3410000,114,20,1,0,7,0,0.0,1.15
2025-04-18,Laptop,Kolkata,66,55000,3630000,30,20,0,0,6,0,0.0,1.15
2025-04-18,Laptop,Ahmedabad,59,55000,3245000,41,20,1,0,5,0,0.0,1.15
2025-04-18,Mobile,Hyderabad,100,20000,2000000,78,30,1,0,4,0,0.0,1.15
2025-04-18,Mobile,Mumbai,99,20000,1980000,134,30,1,0,3,0,0.0,1.15
2025-04-18,Mobile,Delhi,85,20000,1700000,36,30,1,0,7,0,0.0,1.15
2025-04-18,Mobile,Bangalore,94,20000,1880000,35,30,0,0,3,0,0.0,1.15
2025-04-18,Mobile,Chennai,88,20000,1760000,131,30,1,0,6,0,0.0,1.15
2025-04-18,Mobile,Pune,86,20000,1720000,17,30,1,1,3,0,0.0,1.15
2025-04-18,Mobile,Kolkata,93,20000,1860000,87,30,1,0,5,0,0.0,1.15
2025-04-18,Mobile,Ahmedabad,73,20000,1460000,40,30,1,0,5,0,0.0,1.15
2025-04-18,Tablet,Hyderabad,61,30000,1830000,31,25,0,0,2,0,0.0,1.15
2025-04-18,Tablet,Mumbai,51,30000,1530000,113,25,1,0,4,0,0.0,1.15
2025-04-18,Tablet,Delhi,54,30000,1620000,73,25,0,0,4,0,0.0,1.15
2025-04-18,Tablet,Bangalore,65,30000,1950000,38,25,0,0,3,0,0.0,1.15
2025-04-18,Tablet,Chennai,56,30000,1680000,83,25,0,0,3,0,0.0,1.15
2025-04-18,Tablet,Pune,65,30000,1950000,28,25,1,0,2,0,0.0,1.15
2025-04-18,Tablet,Kolkata,58,30000,1740000,67,25,1,0,5,0,0.0,1.15
2025-04-18,Tablet,Ahmedabad,39,30000,1170000,65,25,0,0,2,0,0.0,1.15
2025-04-18,Headphones,Hyderabad,69,3000,207000,86,40,0,0,5,0,0.0,1.15
2025-04-18,Headphones,Mumbai,66,3000,198000,154,40,1,0,4,0,0.0,1.15
2025-04-18,Headphones,Delhi,59,3000,177000,70,40,1,0,2,0,0.0,1.15
2025-04-18,Headphones,Bangalore,86,3000,258000,127,40,1,0,5,0,0.0,1.15
2025-04-18,Headphones,Chennai,67,3000,201000,99,40,1,0,2,0,0.0,1.15
2025-04-18,Headphones,Pune,80,3000,240000,155,40,1,0,5,0,0.0,1.15
2025-04-18,Headphones,Kolkata,82,3000,246000,85,40,1,0,7,0,0.0,1.15
2025-04-18,Headphones,Ahmedabad,82,3000,246000,144,40,1,0,2,0,0.0,1.15
2025-04-18,Smartwatch,Hyderabad,45,8000,360000,84,20,1,0,4,0,0.0,1.15
2025-04-18,Smartwatch,Mumbai,25,8000,200000,66,20,0,0,7,0,0.0,1.15
2025-04-18,Smartwatch,Delhi,43,8000,344000,118,20,1,0,6,0,0.0,1.15
2025-04-18,Smartwatch,Bangalore,36,8000,288000,106,20,1,0,5,0,0.0,1.15
2025-04-18,Smartwatch,Chennai,44,8000,352000,52,20,0,0,4,0,0.0,1.15
2025-04-18,Smartwatch,Pune,40,8000,320000,158,20,1,0,3,0,0.0,1.15
2025-04-18,Smartwatch,Kolkata,57,8000,456000,29,20,0,0,5,0,0.0,1.15
2025-04-18,Smartwatch,Ahmedabad,45,8000,360000,69,20,0,0,4,0,0.0,1.15
2025-04-18,Keyboard,Hyderabad,75,1500,112500,88,35,0,0,4,0,0.0,1.15
2025-04-18,Keyboard,Mumbai,76,1500,114000,56,35,1,0,3,0,0.0,1.15
2025-04-18,Keyboard,Delhi,77,1500,115500,109,35,1,0,6,0,0.0,1.15
2025-04-18,Keyboard,Bangalore,81,1500,121500,102,35,1,0,7,0,0.0,1.15
2025-04-18,Keyboard,Chennai,88,1500,132000,97,35,1,0,7,0,0.0,1.15
2025-04-18,Keyboard,Pune,92,1500,138000,62,35,0,0,2,0,0.0,1.15
2025-04-18,Keyboard,Kolkata,80,1500,120000,30,35,1,1,5,0,0.0,1.15
2025-04-18,Keyboard,Ahmedabad,72,1500,108000,51,35,1,0,5,0,0.0,1.15
2025-04-18,Monitor,Hyderabad,44,18000,792000,22,15,0,0,3,0,0.0,1.15
2025-04-18,Monitor,Mumbai,53,18000,954000,40,15,0,0,3,0,0.0,1.15
2025-04-18,Monitor,Delhi,59,18000,1062000,96,15,1,0,7,0,0.0,1.15
2025-04-18,Monitor,Bangalore,41,18000,738000,120,15,1,0,2,0,0.0,1.15
2025-04-18,Monitor,Chennai,58,18000,1044000,17,15,0,0,7,0,0.0,1.15
2025-04-18,Monitor,Pune,54,18000,972000,87,15,0,0,2,0,0.0,1.15
2025-04-18,Monitor,Kolkata,57,18000,1026000,25,15,0,0,3,0,0.0,1.15
2025-04-18,Monitor,Ahmedabad,50,18000,900000,53,15,0,0,7,0,0.0,1.15
2025-04-18,Mouse,Hyderabad,96,800,76800,44,50,1,1,4,0,0.0,1.15
2025-04-18,Mouse,Mumbai,89,800,71200,98,50,1,0,3,0,0.0,1.15
2025-04-18,Mouse,Delhi,114,800,91200,50,50,1,0,2,0,0.0,1.15
2025-04-18,Mouse,Bangalore,106,800,84800,58,50,1,0,4,0,0.0,1.15
2025-04-18,Mouse,Chennai,96,800,76800,0,50,1,1,3,0,0.0,1.15
2025-04-18,Mouse,Pune,91,800,72800,12,50,1,1,2,0,0.0,1.15
2025-04-18,Mouse,Kolkata,100,800,80000,24,50,1,1,5,0,0.0,1.15
2025-04-18,Mouse,Ahmedabad,108,800,86400,0,50,1,1,5,0,0.0,1.15
2025-04-18,Printer,Hyderabad,36,12000,432000,10,10,0,0,4,0,0.0,1.15
2025-04-18,Printer,Mumbai,19,12000,228000,54,10,0,0,6,0,0.0,1.15
2025-04-18,Printer,Delhi,25,12000,300000,23,10,0,0,3,0,0.0,1.15
2025-04-18,Printer,Bangalore,37,12000,444000,42,10,0,0,4,0,0.0,1.15
2025-04-18,Printer,Chennai,29,12000,348000,44,10,0,0,5,0,0.0,1.15
2025-04-18,Printer,Pune,44,12000,528000,31,10,0,0,3,0,0.0,1.15
2025-04-18,Printer,Kolkata,36,12000,432000,104,10,0,0,6,0,0.0,1.15
2025-04-18,Printer,Ahmedabad,38,12000,456000,75,10,1,0,2,0,0.0,1.15
2025-04-18,Speaker,Hyderabad,65,4000,260000,74,25,0,0,5,0,0.0,1.15
2025-04-18,Speaker,Mumbai,59,4000,236000,125,25,1,0,5,0,0.0,1.15
2025-04-18,Speaker,Delhi,89,4000,356000,138,25,1,0,3,0,0.0,1.15
2025-04-18,Speaker,Bangalore,75,4000,300000,120,25,1,0,6,0,0.0,1.15
2025-04-18,Speaker,Chennai,65,4000,260000,28,25,0,0,7,0,0.0,1.15
2025-04-18,Speaker,Pune,77,4000,308000,94,25,1,0,7,0,0.0,1.15
2025-04-18,Speaker,Kolkata,67,4000,268000,95,25,1,0,3,0,0.0,1.15
2025-04-18,Speaker,Ahmedabad,62,4000,248000,76,25,0,0,7,0,0.0,1.15
2025-04-19,Laptop,Hyderabad,67,55000,3685000,95,20,1,0,4,0,0.0,1.15
2025-04-19,Laptop,Mumbai,56,55000,3080000,148,20,1,0,7,0,0.0,1.15
2025-04-19,Laptop,Delhi,73,55000,4015000,46,20,1,0,2,0,0.0,1.15
2025-04-19,Laptop,Bangalore,71,55000,3905000,82,20,1,0,5,0,0.0,1.15
2025-04-19,Laptop,Chennai,59,55000,3245000,33,20,0,0,6,0,0.0,1.15
2025-04-19,Laptop,Pune,69,55000,3795000,45,20,0,0,5,0,0.0,1.15
2025-04-19,Laptop,Kolkata,65,55000,3575000,48,20,1,0,2,0,0.0,1.15
2025-04-19,Laptop,Ahmedabad,66,55000,3630000,121,20,1,0,5,0,0.0,1.15
2025-04-19,Mobile,Hyderabad,84,20000,1680000,73,30,1,0,4,0,0.0,1.15
2025-04-19,Mobile,Mumbai,106,20000,2120000,123,30,1,0,6,0,0.0,1.15
2025-04-19,Mobile,Delhi,97,20000,1940000,26,30,1,1,3,0,0.0,1.15
2025-04-19,Mobile,Bangalore,111,20000,2220000,0,30,1,1,3,0,0.0,1.15
2025-04-19,Mobile,Chennai,82,20000,1640000,49,30,0,0,3,0,0.0,1.15
2025-04-19,Mobile,Pune,90,20000,1800000,51,30,1,0,7,0,0.0,1.15
2025-04-19,Mobile,Kolkata,97,20000,1940000,77,30,1,0,5,0,0.0,1.15
2025-04-19,Mobile,Ahmedabad,100,20000,2000000,59,30,1,0,6,0,0.0,1.15
2025-04-19,Tablet,Hyderabad,46,30000,1380000,71,25,1,0,5,0,0.0,1.15
2025-04-19,Tablet,Mumbai,67,30000,2010000,46,25,0,0,3,0,0.0,1.15
2025-04-19,Tablet,Delhi,58,30000,1740000,114,25,1,0,4,0,0.0,1.15
2025-04-19,Tablet,Bangalore,43,30000,1290000,58,25,1,0,4,0,0.0,1.15
2025-04-19,Tablet,Chennai,43,30000,1290000,40,25,0,0,4,0,0.0,1.15
2025-04-19,Tablet,Pune,52,30000,1560000,93,25,1,0,7,0,0.0,1.15
2025-04-19,Tablet,Kolkata,56,30000,1680000,132,25,1,0,5,0,0.0,1.15
2025-04-19,Tablet,Ahmedabad,55,30000,1650000,113,25,1,0,6,0,0.0,1.15
2025-04-19,Headphones,Hyderabad,78,3000,234000,135,40,1,0,6,0,0.0,1.15
2025-04-19,Headphones,Mumbai,72,3000,216000,82,40,0,0,4,0,0.0,1.15
2025-04-19,Headphones,Delhi,73,3000,219000,66,40,1,0,3,0,0.0,1.15
2025-04-19,Headphones,Bangalore,53,3000,159000,74,40,0,0,3,0,0.0,1.15
2025-04-19,Headphones,Chennai,65,3000,195000,115,40,1,0,6,0,0.0,1.15
2025-04-19,Headphones,Pune,78,3000,234000,77,40,0,0,5,0,0.0,1.15
2025-04-19,Headphones,Kolkata,67,3000,201000,123,40,1,0,3,0,0.0,1.15
2025-04-19,Headphones,Ahmedabad,64,3000,192000,80,40,0,0,7,0,0.0,1.15
2025-04-19,Smartwatch,Hyderabad,33,8000,264000,51,20,0,0,7,0,0.0,1.15
2025-04-19,Smartwatch,Mumbai,44,8000,352000,22,20,0,0,4,0,0.0,1.15
2025-04-19,Smartwatch,Delhi,35,8000,280000,83,20,0,0,3,0,0.0,1.15
2025-04-19,Smartwatch,Bangalore,53,8000,424000,53,20,0,0,7,0,0.0,1.15
2025-04-19,Smartwatch,Chennai,48,8000,384000,126,20,1,0,3,0,0.0,1.15
2025-04-19,Smartwatch,Pune,38,8000,304000,120,20,0,0,2,0,0.0,1.15
2025-04-19,Smartwatch,Kolkata,44,8000,352000,41,20,1,0,7,0,0.0,1.15
2025-04-19,Smartwatch,Ahmedabad,40,8000,320000,29,20,0,0,6,0,0.0,1.15
2025-04-19,Keyboard,Hyderabad,88,1500,132000,61,35,1,0,3,0,0.0,1.15
2025-04-19,Keyboard,Mumbai,75,1500,112500,89,35,1,0,2,0,0.0,1.15
2025-04-19,Keyboard,Delhi,77,1500,115500,166,35,1,0,2,0,0.0,1.15
2025-04-19,Keyboard,Bangalore,93,1500,139500,135,35,1,0,4,0,0.0,1.15
2025-04-19,Keyboard,Chennai,68,1500,102000,147,35,1,0,3,0,0.0,1.15
2025-04-19,Keyboard,Pune,74,1500,111000,45,35,1,0,5,0,0.0,1.15
2025-04-19,Keyboard,Kolkata,77,1500,115500,44,35,1,0,7,0,0.0,1.15
2025-04-19,Keyboard,Ahmedabad,67,1500,100500,70,35,1,0,2,0,0.0,1.15
2025-04-19,Monitor,Hyderabad,60,18000,1080000,112,15,1,0,2,0,0.0,1.15
2025-04-19,Monitor,Mumbai,64,18000,1152000,54,15,1,0,6,0,0.0,1.15
2025-04-19,Monitor,Delhi,57,18000,1026000,39,15,0,0,3,0,0.0,1.15
2025-04-19,Monitor,Bangalore,58,18000,1044000,62,15,0,0,4,0,0.0,1.15
2025-04-19,Monitor,Chennai,49,18000,882000,84,15,1,0,5,0,0.0,1.15
2025-04-19,Monitor,Pune,61,18000,1098000,26,15,0,0,4,0,0.0,1.15
2025-04-19,Monitor,Kolkata,43,18000,774000,45,15,1,0,2,0,0.0,1.15
2025-04-19,Monitor,Ahmedabad,48,18000,864000,124,15,1,0,7,0,0.0,1.15
2025-04-19,Mouse,Hyderabad,115,800,92000,54,50,1,0,3,0,0.0,1.15
2025-04-19,Mouse,Mumbai,102,800,81600,108,50,1,0,2,0,0.0,1.15
2025-04-19,Mouse,Delhi,103,800,82400,97,50,1,0,4,0,0.0,1.15
2025-04-19,Mouse,Bangalore,96,800,76800,112,50,1,0,7,0,0.0,1.15
2025-04-19,Mouse,Chennai,107,800,85600,42,50,1,1,6,0,0.0,1.15
2025-04-19,Mouse,Pune,108,800,86400,0,50,1,1,6,0,0.0,1.15
2025-04-19,Mouse,Kolkata,109,800,87200,32,50,1,1,5,0,0.0,1.15
2025-04-19,Mouse,Ahmedabad,99,800,79200,39,50,1,1,2,0,0.0,1.15
2025-04-19,Printer,Hyderabad,35,12000,420000,121,10,1,0,7,0,0.0,1.15
2025-04-19,Printer,Mumbai,40,12000,480000,14,10,0,0,6,0,0.0,1.15
2025-04-19,Printer,Delhi,18,12000,216000,141,10,1,0,6,0,0.0,1.15
2025-04-19,Printer,Bangalore,20,12000,240000,22,10,0,0,6,0,0.0,1.15
2025-04-19,Printer,Chennai,24,12000,288000,20,10,0,0,7,0,0.0,1.15
2025-04-19,Printer,Pune,36,12000,432000,83,10,1,0,6,0,0.0,1.15
2025-04-19,Printer,Kolkata,35,12000,420000,69,10,0,0,2,0,0.0,1.15
2025-04-19,Printer,Ahmedabad,14,12000,168000,61,10,0,0,2,0,0.0,1.15
2025-04-19,Speaker,Hyderabad,69,4000,276000,107,25,1,0,3,0,0.0,1.15
2025-04-19,Speaker,Mumbai,79,4000,316000,46,25,0,0,7,0,0.0,1.15
2025-04-19,Speaker,Delhi,69,4000,276000,69,25,0,0,6,0,0.0,1.15
2025-04-19,Speaker,Bangalore,71,4000,284000,49,25,0,0,4,0,0.0,1.15
2025-04-19,Speaker,Chennai,58,4000,232000,111,25,1,0,4,0,0.0,1.15
2025-04-19,Speaker,Pune,68,4000,272000,26,25,0,0,6,0,0.0,1.15
2025-04-19,Speaker,Kolkata,54,4000,216000,41,25,0,0,6,0,0.0,1.15
2025-04-19,Speaker,Ahmedabad,72,4000,288000,99,25,1,0,6,0,0.0,1.15
2025-04-20,Laptop,Hyderabad,59,55000,3245000,36,20,0,0,5,0,0.0,1.15
2025-04-20,Laptop,Mumbai,58,55000,3190000,90,20,0,0,5,0,0.0,1.15
2025-04-20,Laptop,Delhi,64,55000,3520000,90,20,1,0,5,0,0.0,1.15
2025-04-20,Laptop,Bangalore,72,55000,3960000,130,20,1,0,4,0,0.0,1.15
2025-04-20,Laptop,Chennai,58,55000,3190000,41,20,1,0,2,0,0.0,1.15
2025-04-20,Laptop,Pune,61,55000,3355000,121,20,1,0,5,0,0.0,1.15
2025-04-20,Laptop,Kolkata,70,55000,3850000,89,20,1,0,7,0,0.0,1.15
2025-04-20,Laptop,Ahmedabad,66,55000,3630000,55,20,0,0,3,0,0.0,1.15
2025-04-20,Mobile,Hyderabad,91,20000,1820000,106,30,1,0,4,0,0.0,1.15
2025-04-20,Mobile,Mumbai,100,20000,2000000,149,30,1,0,6,0,0.0,1.15
2025-04-20,Mobile,Delhi,81,20000,1620000,81,30,1,0,5,0,0.0,1.15
2025-04-20,Mobile,Bangalore,93,20000,1860000,55,30,1,0,6,0,0.0,1.15
2025-04-20,Mobile,Chennai,83,20000,1660000,20,30,1,1,5,0,0.0,1.15
2025-04-20,Mobile,Pune,98,20000,1960000,62,30,1,0,7,0,0.0,1.15
2025-04-20,Mobile,Kolkata,93,20000,1860000,83,30,1,0,6,0,0.0,1.15
2025-04-20,Mobile,Ahmedabad,103,20000,2060000,45,30,1,0,4,0,0.0,1.15
2025-04-20,Tablet,Hyderabad,45,30000,1350000,26,25,0,0,7,0,0.0,1.15
2025-04-20,Tablet,Mumbai,63,30000,1890000,62,25,1,0,3,0,0.0,1.15
2025-04-20,Tablet,Delhi,67,30000,2010000,47,25,0,0,4,0,0.0,1.15
2025-04-20,Tablet,Bangalore,59,30000,1770000,65,25,1,0,4,0,0.0,1.15
2025-04-20,Tablet,Chennai,49,30000,1470000,113,25,1,0,7,0,0.0,1.15
2025-04-20,Tablet,Pune,56,30000,1680000,37,25,0,0,5,0,0.0,1.15
2025-04-20,Tablet,Kolkata,59,30000,1770000,73,25,0,0,4,0,0.0,1.15
2025-04-20,Tablet,Ahmedabad,59,30000,1770000,54,25,0,0,5,0,0.0,1.15
2025-04-20,Headphones,Hyderabad,71,3000,213000,64,40,0,0,5,0,0.0,1.15
2025-04-20,Headphones,Mumbai,81,3000,243000,145,40,1,0,4,0,0.0,1.15
2025-04-20,Headphones,Delhi,100,3000,300000,106,40,1,0,4,0,0.0,1.15
2025-04-20,Headphones,Bangalore,59,3000,177000,121,40,1,0,3,0,0.0,1.15
2025-04-20,Headphones,Chennai,76,3000,228000,125,40,1,0,3,0,0.0,1.15
2025-04-20,Headphones,Pune,61,3000,183000,156,40,1,0,7,0,0.0,1.15
2025-04-20,Headphones,Kolkata,72,3000,216000,51,40,0,0,7,0,0.0,1.15
2025-04-20,Headphones,Ahmedabad,83,3000,249000,77,40,1,0,7,0,0.0,1.15
2025-04-20,Smartwatch,Hyderabad,55,8000,440000,131,20,1,0,4,0,0.0,1.15
2025-04-20,Smartwatch,Mumbai,55,8000,440000,115,20,1,0,4,0,0.0,1.15
2025-04-20,Smartwatch,Delhi,39,8000,312000,44,20,0,0,3,0,0.0,1.15
2025-04-20,Smartwatch,Bangalore,43,8000,344000,124,20,1,0,7,0,0.0,1.15
2025-04-20,Smartwatch,Chennai,42,8000,336000,84,20,0,0,4,0,0.0,1.15
2025-04-20,Smartwatch,Pune,35,8000,280000,85,20,0,0,5,0,0.0,1.15
2025-04-20,Smartwatch,Kolkata,31,8000,248000,142,20,1,0,7,0,0.0,1.15
2025-04-20,Smartwatch,Ahmedabad,52,8000,416000,126,20,1,0,6,0,0.0,1.15
2025-04-20,Keyboard,Hyderabad,73,1500,109500,72,35,1,0,6,0,0.0,1.15
2025-04-20,Keyboard,Mumbai,101,1500,151500,129,35,1,0,7,0,0.0,1.15
2025-04-20,Keyboard,Delhi,78,1500,117000,88,35,0,0,5,0,0.0,1.15
2025-04-20,Keyboard,Bangalore,82,1500,123000,53,35,0,0,6,0,0.0,1.15
2025-04-20,Keyboard,Chennai,72,1500,108000,75,35,0,0,6,0,0.0,1.15
2025-04-20,Keyboard,Pune,74,1500,111000,112,35,1,0,2,0,0.0,1.15
2025-04-20,Keyboard,Kolkata,75,1500,112500,105,35,1,0,4,0,0.0,1.15
2025-04-20,Keyboard,Ahmedabad,83,1500,124500,104,35,1,0,7,0,0.0,1.15
2025-04-20,Monitor,Hyderabad,50,18000,900000,62,15,0,0,6,0,0.0,1.15
2025-04-20,Monitor,Mumbai,53,18000,954000,107,15,1,0,3,0,0.0,1.15
2025-04-20,Monitor,Delhi,55,18000,990000,76,15,1,0,2,0,0.0,1.15
2025-04-20,Monitor,Bangalore,43,18000,774000,19,15,0,0,5,0,0.0,1.15
2025-04-20,Monitor,Chennai,51,18000,918000,33,15,0,0,3,0,0.0,1.15
2025-04-20,Monitor,Pune,64,18000,1152000,32,15,1,0,3,0,0.0,1.15
2025-04-20,Monitor,Kolkata,56,18000,1008000,87,15,1,0,5,0,0.0,1.15
2025-04-20,Monitor,Ahmedabad,45,18000,810000,79,15,0,0,6,0,0.0,1.15
2025-04-20,Mouse,Hyderabad,86,800,68800,87,50,1,0,5,0,0.0,1.15
2025-04-20,Mouse,Mumbai,105,800,84000,136,50,1,0,2,0,0.0,1.15
2025-04-20,Mouse,Delhi,89,800,71200,144,50,1,0,2,0,0.0,1.15
2025-04-20,Mouse,Bangalore,101,800,80800,148,50,1,0,2,0,0.0,1.15
2025-04-20,Mouse,Chennai,104,800,83200,6,50,1,1,5,0,0.0,1.15
2025-04-20,Mouse,Pune,101,800,80800,0,50,1,1,4,0,0.0,1.15
2025-04-20,Mouse,Kolkata,115,800,92000,65,50,1,0,2,0,0.0,1.15
2025-04-20,Mouse,Ahmedabad,87,800,69600,42,50,1,1,6,0,0.0,1.15
2025-04-20,Printer,Hyderabad,30,12000,360000,91,10,0,0,4,0,0.0,1.15
2025-04-20,Printer,Mumbai,33,12000,396000,115,10,1,0,7,0,0.0,1.15
2025-04-20,Printer,Delhi,31,12000,372000,110,10,0,0,7,0,0.0,1.15
2025-04-20,Printer,Bangalore,12,12000,144000,10,10,0,0,4,0,0.0,1.15
2025-04-20,Printer,Chennai,23,12000,276000,142,10,1,0,6,0,0.0,1.15
2025-04-20,Printer,Pune,39,12000,468000,44,10,0,0,3,0,0.0,1.15
2025-04-20,Printer,Kolkata,28,12000,336000,41,10,0,0,3,0,0.0,1.15
2025-04-20,Printer,Ahmedabad,28,12000,336000,33,10,0,0,7,0,0.0,1.15
2025-04-20,Speaker,Hyderabad,57,4000,228000,50,25,0,0,2,0,0.0,1.15
2025-04-20,Speaker,Mumbai,77,4000,308000,49,25,1,0,7,0,0.0,1.15
2025-04-20,Speaker,Delhi,65,4000,260000,75,25,1,0,6,0,0.0,1.15
2025-04-20,Speaker,Bangalore,74,4000,296000,57,25,1,0,4,0,0.0,1.15
2025-04-20,Speaker,Chennai,73,4000,292000,38,25,0,0,6,0,0.0,1.15
2025-04-20,Speaker,Pune,70,4000,280000,40,25,1,0,5,0,0.0,1.15
2025-04-20,Speaker,Kolkata,62,4000,248000,60,25,1,0,3,0,0.0,1.15
2025-04-20,Speaker,Ahmedabad,76,4000,304000,129,25,1,0,4,0,0.0,1.15
2025-04-21,Laptop,Hyderabad,66,55000,3630000,41,20,1,0,3,0,0.0,1.15
2025-04-21,Laptop,Mumbai,67,55000,3685000,23,20,0,0,6,0,0.0,1.15
2025-04-21,Laptop,Delhi,65,55000,3575000,25,20,0,0,3,0,0.0,1.15
2025-04-21,Laptop,Bangalore,76,55000,4180000,54,20,0,0,3,0,0.0,1.15
2025-04-21,Laptop,Chennai,56,55000,3080000,66,20,1,0,7,0,0.0,1.15
2025-04-21,Laptop,Pune,62,55000,3410000,59,20,0,0,4,0,0.0,1.15
2025-04-21,Laptop,Kolkata,72,55000,3960000,104,20,1,0,6,0,0.0,1.15
2025-04-21,Laptop,Ahmedabad,69,55000,3795000,79,20,1,0,2,0,0.0,1.15
2025-04-21,Mobile,Hyderabad,106,20000,2120000,115,30,1,0,3,0,0.0,1.15
2025-04-21,Mobile,Mumbai,91,20000,1820000,58,30,0,0,2,0,0.0,1.15
2025-04-21,Mobile,Delhi,94,20000,1880000,134,30,1,0,6,0,0.0,1.15
2025-04-21,Mobile,Bangalore,105,20000,2100000,16,30,1,1,3,0,0.0,1.15
2025-04-21,Mobile,Chennai,94,20000,1880000,69,30,1,0,3,0,0.0,1.15
2025-04-21,Mobile,Pune,92,20000,1840000,119,30,1,0,3,0,0.0,1.15
2025-04-21,Mobile,Kolkata,86,20000,1720000,73,30,1,0,6,0,0.0,1.15
2025-04-21,Mobile,Ahmedabad,99,20000,1980000,68,30,1,0,2,0,0.0,1.15
2025-04-21,Tablet,Hyderabad,38,30000,1140000,67,25,1,0,7,0,0.0,1.15
2025-04-21,Tablet,Mumbai,56,30000,1680000,136,25,1,0,2,0,0.0,1.15
2025-04-21,Tablet,Delhi,81,30000,2430000,32,25,1,0,4,0,0.0,1.15
2025-04-21,Tablet,Bangalore,47,30000,1410000,103,25,1,0,7,0,0.0,1.15
2025-04-21,Tablet,Chennai,49,30000,1470000,64,25,0,0,4,0,0.0,1.15
2025-04-21,Tablet,Pune,45,30000,1350000,106,25,1,0,6,0,0.0,1.15
2025-04-21,Tablet,Kolkata,56,30000,1680000,94,25,1,0,5,0,0.0,1.15
2025-04-21,Tablet,Ahmedabad,76,30000,2280000,57,25,1,0,2,0,0.0,1.15
2025-04-21,Headphones,Hyderabad,54,3000,162000,114,40,1,0,3,0,0.0,1.15
2025-04-21,Headphones,Mumbai,93,3000,279000,52,40,0,0,6,0,0.0,1.15
2025-04-21,Headphones,Delhi,76,3000,228000,81,40,1,0,5,0,0.0,1.15
2025-04-21,Headphones,Bangalore,83,3000,249000,149,40,1,0,5,0,0.0,1.15
2025-04-21,Headphones,Chennai,65,3000,195000,60,40,0,0,4,0,0.0,1.15
2025-04-21,Headphones,Pune,75,3000,225000,81,40,0,0,3,0,0.0,1.15
2025-04-21,Headphones,Kolkata,69,3000,207000,109,40,1,0,3,0,0.0,1.15
2025-04-21,Headphones,Ahmedabad,77,3000,231000,104,40,1,0,3,0,0.0,1.15
2025-04-21,Smartwatch,Hyderabad,49,8000,392000,82,20,0,0,7,0,0.0,1.15
2025-04-21,Smartwatch,Mumbai,43,8000,344000,72,20,0,0,4,0,0.0,1.15
2025-04-21,Smartwatch,Delhi,48,8000,384000,53,20,1,0,7,0,0.0,1.15
2025-04-21,Smartwatch,Bangalore,49,8000,392000,75,20,0,0,6,0,0.0,1.15
2025-04-21,Smartwatch,Chennai,44,8000,352000,40,20,0,0,2,0,0.0,1.15
2025-04-21,Smartwatch,Pune,39,8000,312000,46,20,0,0,4,0,0.0,1.15
2025-04-21,Smartwatch,Kolkata,48,8000,384000,94,20,0,0,2,0,0.0,1.15
2025-04-21,Smartwatch,Ahmedabad,53,8000,424000,73,20,0,0,2,0,0.0,1.15
2025-04-21,Keyboard,Hyderabad,83,1500,124500,135,35,1,0,5,0,0.0,1.15
2025-04-21,Keyboard,Mumbai,75,1500,112500,54,35,0,0,2,0,0.0,1.15
2025-04-21,Keyboard,Delhi,80,1500,120000,103,35,1,0,2,0,0.0,1.15
2025-04-21,Keyboard,Bangalore,86,1500,129000,57,35,1,0,2,0,0.0,1.15
2025-04-21,Keyboard,Chennai,71,1500,106500,74,35,1,0,2,0,0.0,1.15
2025-04-21,Keyboard,Pune,76,1500,114000,36,35,0,0,5,0,0.0,1.15
2025-04-21,Keyboard,Kolkata,71,1500,106500,88,35,1,0,7,0,0.0,1.15
2025-04-21,Keyboard,Ahmedabad,76,1500,114000,106,35,1,0,5,0,0.0,1.15
2025-04-21,Monitor,Hyderabad,56,18000,1008000,149,15,1,0,5,0,0.0,1.15
2025-04-21,Monitor,Mumbai,54,18000,972000,53,15,0,0,2,0,0.0,1.15
2025-04-21,Monitor,Delhi,47,18000,846000,29,15,0,0,5,0,0.0,1.15
2025-04-21,Monitor,Bangalore,46,18000,828000,59,15,1,0,4,0,0.0,1.15
2025-04-21,Monitor,Chennai,57,18000,1026000,80,15,1,0,3,0,0.0,1.15
2025-04-21,Monitor,Pune,55,18000,990000,81,15,1,0,2,0,0.0,1.15
2025-04-21,Monitor,Kolkata,45,18000,810000,42,15,0,0,4,0,0.0,1.15
2025-04-21,Monitor,Ahmedabad,50,18000,900000,29,15,0,0,4,0,0.0,1.15
2025-04-21,Mouse,Hyderabad,102,800,81600,98,50,1,0,2,0,0.0,1.15
2025-04-21,Mouse,Mumbai,113,800,90400,93,50,1,0,2,0,0.0,1.15
2025-04-21,Mouse,Delhi,86,800,68800,58,50,0,0,3,0,0.0,1.15
2025-04-21,Mouse,Bangalore,109,800,87200,95,50,1,0,4,0,0.0,1.15
2025-04-21,Mouse,Chennai,118,800,94400,0,50,1,1,3,0,0.0,1.15
2025-04-21,Mouse,Pune,110,800,88000,0,50,1,1,5,0,0.0,1.15
2025-04-21,Mouse,Kolkata,114,800,91200,39,50,1,1,5,0,0.0,1.15
2025-04-21,Mouse,Ahmedabad,110,800,88000,4,50,1,1,4,0,0.0,1.15
2025-04-21,Printer,Hyderabad,29,12000,348000,62,10,0,0,6,0,0.0,1.15
2025-04-21,Printer,Mumbai,37,12000,444000,78,10,0,0,5,0,0.0,1.15
2025-04-21,Printer,Delhi,25,12000,300000,85,10,0,0,2,0,0.0,1.15
2025-04-21,Printer,Bangalore,35,12000,420000,30,10,1,0,2,0,0.0,1.15
2025-04-21,Printer,Chennai,22,12000,264000,120,10,0,0,3,0,0.0,1.15
2025-04-21,Printer,Pune,36,12000,432000,84,10,1,0,3,0,0.0,1.15
2025-04-21,Printer,Kolkata,29,12000,348000,12,10,0,0,2,0,0.0,1.15
2025-04-21,Printer,Ahmedabad,38,12000,456000,136,10,1,0,4,0,0.0,1.15
2025-04-21,Speaker,Hyderabad,65,4000,260000,135,25,1,0,4,0,0.0,1.15
2025-04-21,Speaker,Mumbai,55,4000,220000,58,25,1,0,5,0,0.0,1.15
2025-04-21,Speaker,Delhi,67,4000,268000,111,25,1,0,3,0,0.0,1.15
2025-04-21,Speaker,Bangalore,58,4000,232000,94,25,1,0,4,0,0.0,1.15
2025-04-21,Speaker,Chennai,69,4000,276000,37,25,1,0,7,0,0.0,1.15
2025-04-21,Speaker,Pune,60,4000,240000,78,25,1,0,2,0,0.0,1.15
2025-04-21,Speaker,Kolkata,74,4000,296000,108,25,1,0,2,0,0.0,1.15
2025-04-21,Speaker,Ahmedabad,71,4000,284000,58,25,0,0,4,0,0.0,1.15
2025-04-22,Laptop,Hyderabad,67,55000,3685000,70,20,1,0,2,0,0.0,1.15
2025-04-22,Laptop,Mumbai,60,55000,3300000,49,20,1,0,6,0,0.0,1.15
2025-04-22,Laptop,Delhi,70,55000,3850000,29,20,1,0,3,0,0.0,1.15
2025-04-22,Laptop,Bangalore,68,55000,3740000,93,20,1,0,3,0,0.0,1.15
2025-04-22,Laptop,Chennai,67,55000,3685000,149,20,1,0,3,0,0.0,1.15
2025-04-22,Laptop,Pune,62,55000,3410000,100,20,1,0,3,0,0.0,1.15
2025-04-22,Laptop,Kolkata,72,55000,3960000,32,20,0,0,7,0,0.0,1.15
2025-04-22,Laptop,Ahmedabad,47,55000,2585000,32,20,0,0,2,0,0.0,1.15
2025-04-22,Mobile,Hyderabad,94,20000,1880000,75,30,1,0,4,0,0.0,1.15
2025-04-22,Mobile,Mumbai,85,20000,1700000,78,30,1,0,2,0,0.0,1.15
2025-04-22,Mobile,Delhi,94,20000,1880000,40,30,0,0,6,0,0.0,1.15
2025-04-22,Mobile,Bangalore,82,20000,1640000,72,30,1,0,5,0,0.0,1.15
2025-04-22,Mobile,Chennai,89,20000,1780000,105,30,1,0,4,0,0.0,1.15
2025-04-22,Mobile,Pune,99,20000,1980000,128,30,1,0,4,0,0.0,1.15
2025-04-22,Mobile,Kolkata,85,20000,1700000,73,30,1,0,2,0,0.0,1.15
2025-04-22,Mobile,Ahmedabad,90,20000,1800000,85,30,1,0,7,0,0.0,1.15
2025-04-22,Tablet,Hyderabad,49,30000,1470000,158,25,1,0,2,0,0.0,1.15
2025-04-22,Tablet,Mumbai,52,30000,1560000,84,25,0,0,6,0,0.0,1.15
2025-04-22,Tablet,Delhi,55,30000,1650000,93,25,1,0,7,0,0.0,1.15
2025-04-22,Tablet,Bangalore,50,30000,1500000,53,25,0,0,2,0,0.0,1.15
2025-04-22,Tablet,Chennai,63,30000,1890000,128,25,1,0,2,0,0.0,1.15
2025-04-22,Tablet,Pune,55,30000,1650000,51,25,0,0,5,0,0.0,1.15
2025-04-22,Tablet,Kolkata,42,30000,1260000,52,25,0,0,4,0,0.0,1.15
2025-04-22,Tablet,Ahmedabad,42,30000,1260000,130,25,1,0,7,0,0.0,1.15
2025-04-22,Headphones,Hyderabad,56,3000,168000,58,40,0,0,4,0,0.0,1.15
2025-04-22,Headphones,Mumbai,82,3000,246000,38,40,1,1,4,0,0.0,1.15
2025-04-22,Headphones,Delhi,68,3000,204000,129,40,1,0,7,0,0.0,1.15
2025-04-22,Headphones,Bangalore,80,3000,240000,69,40,0,0,6,0,0.0,1.15
2025-04-22,Headphones,Chennai,65,3000,195000,110,40,1,0,5,0,0.0,1.15
2025-04-22,Headphones,Pune,76,3000,228000,76,40,1,0,6,0,0.0,1.15
2025-04-22,Headphones,Kolkata,83,3000,249000,140,40,1,0,6,0,0.0,1.15
2025-04-22,Headphones,Ahmedabad,69,3000,207000,123,40,1,0,3,0,0.0,1.15
2025-04-22,Smartwatch,Hyderabad,61,8000,488000,21,20,0,0,2,0,0.0,1.15
2025-04-22,Smartwatch,Mumbai,38,8000,304000,34,20,0,0,3,0,0.0,1.15
2025-04-22,Smartwatch,Delhi,31,8000,248000,22,20,0,0,5,0,0.0,1.15
2025-04-22,Smartwatch,Bangalore,31,8000,248000,44,20,0,0,2,0,0.0,1.15
2025-04-22,Smartwatch,Chennai,52,8000,416000,92,20,1,0,5,0,0.0,1.15
2025-04-22,Smartwatch,Pune,40,8000,320000,113,20,1,0,5,0,0.0,1.15
2025-04-22,Smartwatch,Kolkata,45,8000,360000,49,20,0,0,4,0,0.0,1.15
2025-04-22,Smartwatch,Ahmedabad,60,8000,480000,64,20,1,0,6,0,0.0,1.15
2025-04-22,Keyboard,Hyderabad,79,1500,118500,56,35,0,0,2,0,0.0,1.15
2025-04-22,Keyboard,Mumbai,82,1500,123000,95,35,1,0,7,0,0.0,1.15
2025-04-22,Keyboard,Delhi,95,1500,142500,63,35,1,0,3,0,0.0,1.15
2025-04-22,Keyboard,Bangalore,72,1500,108000,125,35,1,0,5,0,0.0,1.15
2025-04-22,Keyboard,Chennai,79,1500,118500,132,35,1,0,7,0,0.0,1.15
2025-04-22,Keyboard,Pune,80,1500,120000,18,35,1,1,4,0,0.0,1.15
2025-04-22,Keyboard,Kolkata,65,1500,97500,90,35,1,0,7,0,0.0,1.15
2025-04-22,Keyboard,Ahmedabad,84,1500,126000,83,35,1,0,2,0,0.0,1.15
2025-04-22,Monitor,Hyderabad,56,18000,1008000,93,15,0,0,2,0,0.0,1.15
2025-04-22,Monitor,Mumbai,54,18000,972000,75,15,1,0,5,0,0.0,1.15
2025-04-22,Monitor,Delhi,42,18000,756000,54,15,1,0,6,0,0.0,1.15
2025-04-22,Monitor,Bangalore,48,18000,864000,146,15,1,0,5,0,0.0,1.15
2025-04-22,Monitor,Chennai,47,18000,846000,33,15,0,0,2,0,0.0,1.15
2025-04-22,Monitor,Pune,53,18000,954000,28,15,0,0,6,0,0.0,1.15
2025-04-22,Monitor,Kolkata,45,18000,810000,51,15,1,0,2,0,0.0,1.15
2025-04-22,Monitor,Ahmedabad,56,18000,1008000,116,15,1,0,4,0,0.0,1.15
2025-04-22,Mouse,Hyderabad,83,800,66400,122,50,1,0,4,0,0.0,1.15
2025-04-22,Mouse,Mumbai,97,800,77600,93,50,1,0,2,0,0.0,1.15
2025-04-22,Mouse,Delhi,87,800,69600,70,50,1,0,3,0,0.0,1.15
2025-04-22,Mouse,Bangalore,115,800,92000,53,50,1,0,2,0,0.0,1.15
2025-04-22,Mouse,Chennai,105,800,84000,0,50,1,1,7,0,0.0,1.15
2025-04-22,Mouse,Pune,119,800,95200,21,50,1,1,7,0,0.0,1.15
2025-04-22,Mouse,Kolkata,96,800,76800,74,50,1,0,5,0,0.0,1.15
2025-04-22,Mouse,Ahmedabad,92,800,73600,0,50,1,1,3,0,0.0,1.15
2025-04-22,Printer,Hyderabad,22,12000,264000,40,10,0,0,6,0,0.0,1.15
2025-04-22,Printer,Mumbai,40,12000,480000,38,10,0,0,2,0,0.0,1.15
2025-04-22,Printer,Delhi,33,12000,396000,52,10,0,0,7,0,0.0,1.15
2025-04-22,Printer,Bangalore,52,12000,624000,83,10,1,0,6,0,0.0,1.15
2025-04-22,Printer,Chennai,27,12000,324000,93,10,0,0,5,0,0.0,1.15
2025-04-22,Printer,Pune,28,12000,336000,56,10,0,0,5,0,0.0,1.15
2025-04-22,Printer,Kolkata,32,12000,384000,66,10,1,0,4,0,0.0,1.15
2025-04-22,Printer,Ahmedabad,39,12000,468000,97,10,0,0,6,0,0.0,1.15
2025-04-22,Speaker,Hyderabad,73,4000,292000,62,25,0,0,3,0,0.0,1.15
2025-04-22,Speaker,Mumbai,54,4000,216000,120,25,1,0,2,0,0.0,1.15
2025-04-22,Speaker,Delhi,70,4000,280000,41,25,0,0,4,0,0.0,1.15
2025-04-22,Speaker,Bangalore,63,4000,252000,31,25,0,0,5,0,0.0,1.15
2025-04-22,Speaker,Chennai,63,4000,252000,77,25,1,0,2,0,0.0,1.15
2025-04-22,Speaker,Pune,74,4000,296000,109,25,1,0,2,0,0.0,1.15
2025-04-22,Speaker,Kolkata,53,4000,212000,55,25,0,0,4,0,0.0,1.15
2025-04-22,Speaker,Ahmedabad,79,4000,316000,70,25,1,0,3,0,0.0,1.15
2025-04-23,Laptop,Hyderabad,70,55000,3850000,89,20,1,0,3,0,0.0,1.15
2025-04-23,Laptop,Mumbai,56,55000,3080000,84,20,1,0,3,0,0.0,1.15
2025-04-23,Laptop,Delhi,52,55000,2860000,84,20,1,0,6,0,0.0,1.15
2025-04-23,Laptop,Bangalore,61,55000,3355000,32,20,0,0,2,0,0.0,1.15
2025-04-23,Laptop,Chennai,67,55000,3685000,82,20,0,0,2,0,0.0,1.15
2025-04-23,Laptop,Pune,61,55000,3355000,39,20,0,0,6,0,0.0,1.15
2025-04-23,Laptop,Kolkata,80,55000,4400000,24,20,1,0,6,0,0.0,1.15
2025-04-23,Laptop,Ahmedabad,64,55000,3520000,86,20,1,0,7,0,0.0,1.15
2025-04-23,Mobile,Hyderabad,105,20000,2100000,84,30,1,0,7,0,0.0,1.15
2025-04-23,Mobile,Mumbai,82,20000,1640000,124,30,1,0,3,0,0.0,1.15
2025-04-23,Mobile,Delhi,80,20000,1600000,33,30,1,0,4,0,0.0,1.15
2025-04-23,Mobile,Bangalore,77,20000,1540000,137,30,1,0,5,0,0.0,1.15
2025-04-23,Mobile,Chennai,85,20000,1700000,162,30,1,0,5,0,0.0,1.15
2025-04-23,Mobile,Pune,77,20000,1540000,51,30,0,0,2,0,0.0,1.15
2025-04-23,Mobile,Kolkata,98,20000,1960000,27,30,1,1,5,0,0.0,1.15
2025-04-23,Mobile,Ahmedabad,88,20000,1760000,93,30,1,0,7,0,0.0,1.15
2025-04-23,Tablet,Hyderabad,57,30000,1710000,101,25,0,0,3,0,0.0,1.15
2025-04-23,Tablet,Mumbai,54,30000,1620000,30,25,0,0,4,0,0.0,1.15
2025-04-23,Tablet,Delhi,52,30000,1560000,41,25,0,0,4,0,0.0,1.15
2025-04-23,Tablet,Bangalore,61,30000,1830000,103,25,1,0,7,0,0.0,1.15
2025-04-23,Tablet,Chennai,52,30000,1560000,76,25,0,0,3,0,0.0,1.15
2025-04-23,Tablet,Pune,67,30000,2010000,54,25,1,0,4,0,0.0,1.15
2025-04-23,Tablet,Kolkata,52,30000,1560000,71,25,1,0,5,0,0.0,1.15
2025-04-23,Tablet,Ahmedabad,64,30000,1920000,66,25,0,0,6,0,0.0,1.15
2025-04-23,Headphones,Hyderabad,88,3000,264000,115,40,1,0,6,0,0.0,1.15
2025-04-23,Headphones,Mumbai,82,3000,246000,57,40,1,0,2,0,0.0,1.15
2025-04-23,Headphones,Delhi,71,3000,213000,58,40,0,0,5,0,0.0,1.15
2025-04-23,Headphones,Bangalore,82,3000,246000,100,40,1,0,5,0,0.0,1.15
2025-04-23,Headphones,Chennai,93,3000,279000,151,40,1,0,4,0,0.0,1.15
2025-04-23,Headphones,Pune,65,3000,195000,147,40,1,0,4,0,0.0,1.15
2025-04-23,Headphones,Kolkata,79,3000,237000,61,40,0,0,7,0,0.0,1.15
2025-04-23,Headphones,Ahmedabad,81,3000,243000,42,40,0,0,3,0,0.0,1.15
2025-04-23,Smartwatch,Hyderabad,66,8000,528000,62,20,1,0,3,0,0.0,1.15
2025-04-23,Smartwatch,Mumbai,29,8000,232000,128,20,1,0,7,0,0.0,1.15
2025-04-23,Smartwatch,Delhi,53,8000,424000,79,20,1,0,3,0,0.0,1.15
2025-04-23,Smartwatch,Bangalore,39,8000,312000,61,20,1,0,7,0,0.0,1.15
2025-04-23,Smartwatch,Chennai,36,8000,288000,56,20,0,0,4,0,0.0,1.15
2025-04-23,Smartwatch,Pune,50,8000,400000,63,20,0,0,7,0,0.0,1.15
2025-04-23,Smartwatch,Kolkata,47,8000,376000,120,20,1,0,6,0,0.0,1.15
2025-04-23,Smartwatch,Ahmedabad,43,8000,344000,21,20,0,0,5,0,0.0,1.15
2025-04-23,Keyboard,Hyderabad,82,1500,123000,62,35,1,0,6,0,0.0,1.15
2025-04-23,Keyboard,Mumbai,79,1500,118500,145,35,1,0,2,0,0.0,1.15
2025-04-23,Keyboard,Delhi,74,1500,111000,102,35,1,0,5,0,0.0,1.15
2025-04-23,Keyboard,Bangalore,80,1500,120000,45,35,0,0,6,0,0.0,1.15
2025-04-23,Keyboard,Chennai,71,1500,106500,61,35,0,0,4,0,0.0,1.15
2025-04-23,Keyboard,Pune,80,1500,120000,83,35,1,0,6,0,0.0,1.15
2025-04-23,Keyboard,Kolkata,92,1500,138000,147,35,1,0,5,0,0.0,1.15
2025-04-23,Keyboard,Ahmedabad,77,1500,115500,108,35,1,0,3,0,0.0,1.15
2025-04-23,Monitor,Hyderabad,53,18000,954000,40,15,0,0,3,0,0.0,1.15
2025-04-23,Monitor,Mumbai,52,18000,936000,23,15,0,0,2,0,0.0,1.15
2025-04-23,Monitor,Delhi,50,18000,900000,134,15,1,0,2,0,0.0,1.15
2025-04-23,Monitor,Bangalore,56,18000,1008000,90,15,0,0,3,0,0.0,1.15
2025-04-23,Monitor,Chennai,51,18000,918000,93,15,1,0,5,0,0.0,1.15
2025-04-23,Monitor,Pune,44,18000,792000,105,15,1,0,4,0,0.0,1.15
2025-04-23,Monitor,Kolkata,55,18000,990000,138,15,1,0,4,0,0.0,1.15
2025-04-23,Monitor,Ahmedabad,50,18000,900000,66,15,0,0,5,0,0.0,1.15
2025-04-23,Mouse,Hyderabad,111,800,88800,120,50,1,0,3,0,0.0,1.15
2025-04-23,Mouse,Mumbai,104,800,83200,100,50,1,0,5,0,0.0,1.15
2025-04-23,Mouse,Delhi,95,800,76000,99,50,1,0,2,0,0.0,1.15
2025-04-23,Mouse,Bangalore,100,800,80000,10,50,1,1,7,0,0.0,1.15
2025-04-23,Mouse,Chennai,104,800,83200,0,50,1,1,5,0,0.0,1.15
2025-04-23,Mouse,Pune,112,800,89600,0,50,1,1,6,0,0.0,1.15
2025-04-23,Mouse,Kolkata,113,800,90400,23,50,1,1,5,0,0.0,1.15
2025-04-23,Mouse,Ahmedabad,102,800,81600,1,50,1,1,2,0,0.0,1.15
2025-04-23,Printer,Hyderabad,41,12000,492000,144,10,1,0,7,0,0.0,1.15
2025-04-23,Printer,Mumbai,24,12000,288000,14,10,0,0,5,0,0.0,1.15
2025-04-23,Printer,Delhi,28,12000,336000,24,10,0,0,6,0,0.0,1.15
2025-04-23,Printer,Bangalore,29,12000,348000,54,10,0,0,5,0,0.0,1.15
2025-04-23,Printer,Chennai,29,12000,348000,64,10,0,0,6,0,0.0,1.15
2025-04-23,Printer,Pune,24,12000,288000,32,10,0,0,4,0,0.0,1.15
2025-04-23,Printer,Kolkata,30,12000,360000,36,10,0,0,5,0,0.0,1.15
2025-04-23,Printer,Ahmedabad,21,12000,252000,76,10,0,0,4,0,0.0,1.15
2025-04-23,Speaker,Hyderabad,59,4000,236000,151,25,1,0,3,0,0.0,1.15
2025-04-23,Speaker,Mumbai,63,4000,252000,57,25,0,0,6,0,0.0,1.15
2025-04-23,Speaker,Delhi,89,4000,356000,5,25,1,1,3,0,0.0,1.15
2025-04-23,Speaker,Bangalore,65,4000,260000,99,25,1,0,7,0,0.0,1.15
2025-04-23,Speaker,Chennai,59,4000,236000,122,25,1,0,2,0,0.0,1.15
2025-04-23,Speaker,Pune,65,4000,260000,44,25,0,0,6,0,0.0,1.15
2025-04-23,Speaker,Kolkata,59,4000,236000,113,25,1,0,2,0,0.0,1.15
2025-04-23,Speaker,Ahmedabad,65,4000,260000,59,25,1,0,4,0,0.0,1.15
2025-04-24,Laptop,Hyderabad,62,55000,3410000,27,20,0,0,3,0,0.0,1.15
2025-04-24,Laptop,Mumbai,56,55000,3080000,28,20,0,0,2,0,0.0,1.15
2025-04-24,Laptop,Delhi,62,55000,3410000,22,20,0,0,6,0,0.0,1.15
2025-04-24,Laptop,Bangalore,69,55000,3795000,21,20,1,0,3,0,0.0,1.15
2025-04-24,Laptop,Chennai,67,55000,3685000,70,20,1,0,7,0,0.0,1.15
2025-04-24,Laptop,Pune,60,55000,3300000,84,20,1,0,7,0,0.0,1.15
2025-04-24,Laptop,Kolkata,71,55000,3905000,66,20,1,0,7,0,0.0,1.15
2025-04-24,Laptop,Ahmedabad,66,55000,3630000,20,20,0,0,6,0,0.0,1.15
2025-04-24,Mobile,Hyderabad,92,20000,1840000,115,30,1,0,5,0,0.0,1.15
2025-04-24,Mobile,Mumbai,95,20000,1900000,114,30,1,0,3,0,0.0,1.15
2025-04-24,Mobile,Delhi,93,20000,1860000,26,30,1,1,4,0,0.0,1.15
2025-04-24,Mobile,Bangalore,94,20000,1880000,43,30,0,0,3,0,0.0,1.15
2025-04-24,Mobile,Chennai,83,20000,1660000,79,30,0,0,3,0,0.0,1.15
2025-04-24,Mobile,Pune,90,20000,1800000,15,30,1,1,5,0,0.0,1.15
2025-04-24,Mobile,Kolkata,91,20000,1820000,85,30,1,0,5,0,0.0,1.15
2025-04-24,Mobile,Ahmedabad,101,20000,2020000,114,30,1,0,5,0,0.0,1.15
2025-04-24,Tablet,Hyderabad,64,30000,1920000,37,25,0,0,4,0,0.0,1.15
2025-04-24,Tablet,Mumbai,47,30000,1410000,79,25,1,0,6,0,0.0,1.15
2025-04-24,Tablet,Delhi,59,30000,1770000,114,25,1,0,2,0,0.0,1.15
2025-04-24,Tablet,Bangalore,54,30000,1620000,49,25,0,0,3,0,0.0,1.15
2025-04-24,Tablet,Chennai,40,30000,1200000,36,25,0,0,3,0,0.0,1.15
2025-04-24,Tablet,Pune,47,30000,1410000,125,25,1,0,5,0,0.0,1.15
2025-04-24,Tablet,Kolkata,64,30000,1920000,98,25,1,0,6,0,0.0,1.15
2025-04-24,Tablet,Ahmedabad,48,30000,1440000,154,25,1,0,7,0,0.0,1.15
2025-04-24,Headphones,Hyderabad,77,3000,231000,142,40,1,0,5,0,0.0,1.15
2025-04-24,Headphones,Mumbai,70,3000,210000,87,40,1,0,3,0,0.0,1.15
2025-04-24,Headphones,Delhi,72,3000,216000,104,40,1,0,2,0,0.0,1.15
2025-04-24,Headphones,Bangalore,76,3000,228000,101,40,1,0,6,0,0.0,1.15
2025-04-24,Headphones,Chennai,76,3000,228000,75,40,0,0,2,0,0.0,1.15
2025-04-24,Headphones,Pune,73,3000,219000,74,40,0,0,5,0,0.0,1.15
2025-04-24,Headphones,Kolkata,72,3000,216000,100,40,1,0,4,0,0.0,1.15
2025-04-24,Headphones,Ahmedabad,80,3000,240000,79,40,1,0,5,0,0.0,1.15
2025-04-24,Smartwatch,Hyderabad,37,8000,296000,25,20,0,0,3,0,0.0,1.15
2025-04-24,Smartwatch,Mumbai,36,8000,288000,92,20,0,0,2,0,0.0,1.15
2025-04-24,Smartwatch,Delhi,43,8000,344000,36,20,0,0,4,0,0.0,1.15
2025-04-24,Smartwatch,Bangalore,36,8000,288000,25,20,0,0,2,0,0.0,1.15
2025-04-24,Smartwatch,Chennai,49,8000,392000,107,20,1,0,2,0,0.0,1.15
2025-04-24,Smartwatch,Pune,39,8000,312000,24,20,0,0,6,0,0.0,1.15
2025-04-24,Smartwatch,Kolkata,48,8000,384000,72,20,0,0,3,0,0.0,1.15
2025-04-24,Smartwatch,Ahmedabad,60,8000,480000,16,20,1,1,5,0,0.0,1.15
2025-04-24,Keyboard,Hyderabad,56,1500,84000,58,35,1,0,3,0,0.0,1.15
2025-04-24,Keyboard,Mumbai,86,1500,129000,59,35,0,0,6,0,0.0,1.15
2025-04-24,Keyboard,Delhi,85,1500,127500,113,35,1,0,2,0,0.0,1.15
2025-04-24,Keyboard,Bangalore,78,1500,117000,36,35,1,0,5,0,0.0,1.15
2025-04-24,Keyboard,Chennai,66,1500,99000,84,35,1,0,5,0,0.0,1.15
2025-04-24,Keyboard,Pune,65,1500,97500,85,35,1,0,6,0,0.0,1.15
2025-04-24,Keyboard,Kolkata,69,1500,103500,78,35,0,0,7,0,0.0,1.15
2025-04-24,Keyboard,Ahmedabad,71,1500,106500,37,35,0,0,6,0,0.0,1.15
2025-04-24,Monitor,Hyderabad,50,18000,900000,116,15,1,0,7,0,0.0,1.15
2025-04-24,Monitor,Mumbai,45,18000,810000,43,15,1,0,5,0,0.0,1.15
2025-04-24,Monitor,Delhi,44,18000,792000,90,15,0,0,5,0,0.0,1.15
2025-04-24,Monitor,Bangalore,54,18000,972000,36,15,0,0,2,0,0.0,1.15
2025-04-24,Monitor,Chennai,58,18000,1044000,35,15,0,0,5,0,0.0,1.15
2025-04-24,Monitor,Pune,58,18000,1044000,47,15,0,0,5,0,0.0,1.15
2025-04-24,Monitor,Kolkata,48,18000,864000,90,15,0,0,6,0,0.0,1.15
2025-04-24,Monitor,Ahmedabad,57,18000,1026000,60,15,1,0,5,0,0.0,1.15
2025-04-24,Mouse,Hyderabad,93,800,74400,162,50,1,0,4,0,0.0,1.15
2025-04-24,Mouse,Mumbai,103,800,82400,71,50,1,0,6,0,0.0,1.15
2025-04-24,Mouse,Delhi,94,800,75200,70,50,1,0,4,0,0.0,1.15
2025-04-24,Mouse,Bangalore,98,800,78400,25,50,1,1,5,0,0.0,1.15
2025-04-24,Mouse,Chennai,93,800,74400,32,50,1,1,5,0,0.0,1.15
2025-04-24,Mouse,Pune,107,800,85600,0,50,1,1,3,0,0.0,1.15
2025-04-24,Mouse,Kolkata,93,800,74400,13,50,1,1,4,0,0.0,1.15
2025-04-24,Mouse,Ahmedabad,91,800,72800,36,50,1,1,4,0,0.0,1.15
2025-04-24,Printer,Hyderabad,38,12000,456000,106,10,0,0,7,0,0.0,1.15
2025-04-24,Printer,Mumbai,44,12000,528000,77,10,1,0,7,0,0.0,1.15
2025-04-24,Printer,Delhi,30,12000,360000,118,10,1,0,6,0,0.0,1.15
2025-04-24,Printer,Bangalore,48,12000,576000,73,10,1,0,2,0,0.0,1.15
2025-04-24,Printer,Chennai,15,12000,180000,49,10,0,0,7,0,0.0,1.15
2025-04-24,Printer,Pune,29,12000,348000,68,10,1,0,7,0,0.0,1.15
2025-04-24,Printer,Kolkata,31,12000,372000,153,10,1,0,5,0,0.0,1.15
2025-04-24,Printer,Ahmedabad,30,12000,360000,46,10,0,0,5,0,0.0,1.15
2025-04-24,Speaker,Hyderabad,62,4000,248000,89,25,0,0,2,0,0.0,1.15
2025-04-24,Speaker,Mumbai,65,4000,260000,70,25,1,0,3,0,0.0,1.15
2025-04-24,Speaker,Delhi,63,4000,252000,0,25,1,1,4,0,0.0,1.15
2025-04-24,Speaker,Bangalore,53,4000,212000,46,25,0,0,4,0,0.0,1.15
2025-04-24,Speaker,Chennai,68,4000,272000,54,25,0,0,2,0,0.0,1.15
2025-04-24,Speaker,Pune,71,4000,284000,109,25,1,0,3,0,0.0,1.15
2025-04-24,Speaker,Kolkata,61,4000,244000,52,25,0,0,6,0,0.0,1.15
2025-04-24,Speaker,Ahmedabad,56,4000,224000,103,25,1,0,5,0,0.0,1.15
2025-04-25,Laptop,Hyderabad,64,55000,3520000,64,20,1,0,5,0,0.0,1.15
2025-04-25,Laptop,Mumbai,54,55000,2970000,45,20,1,0,4,0,0.0,1.15
2025-04-25,Laptop,Delhi,69,55000,3795000,93,20,1,0,7,0,0.0,1.15
2025-04-25,Laptop,Bangalore,73,55000,4015000,17,20,1,1,2,0,0.0,1.15
2025-04-25,Laptop,Chennai,73,55000,4015000,76,20,1,0,3,0,0.0,1.15
2025-04-25,Laptop,Pune,51,55000,2805000,33,20,0,0,3,0,0.0,1.15
2025-04-25,Laptop,Kolkata,54,55000,2970000,104,20,1,0,6,0,0.0,1.15
2025-04-25,Laptop,Ahmedabad,64,55000,3520000,87,20,1,0,6,0,0.0,1.15
2025-04-25,Mobile,Hyderabad,92,20000,1840000,164,30,1,0,4,0,0.0,1.15
2025-04-25,Mobile,Mumbai,82,20000,1640000,32,30,0,0,5,0,0.0,1.15
2025-04-25,Mobile,Delhi,89,20000,1780000,24,30,1,1,3,0,0.0,1.15
2025-04-25,Mobile,Bangalore,93,20000,1860000,42,30,1,0,5,0,0.0,1.15
2025-04-25,Mobile,Chennai,88,20000,1760000,110,30,1,0,3,0,0.0,1.15
2025-04-25,Mobile,Pune,78,20000,1560000,77,30,1,0,2,0,0.0,1.15
2025-04-25,Mobile,Kolkata,87,20000,1740000,81,30,1,0,4,0,0.0,1.15
2025-04-25,Mobile,Ahmedabad,96,20000,1920000,167,30,1,0,5,0,0.0,1.15
2025-04-25,Tablet,Hyderabad,50,30000,1500000,90,25,1,0,6,0,0.0,1.15
2025-04-25,Tablet,Mumbai,57,30000,1710000,132,25,1,0,7,0,0.0,1.15
2025-04-25,Tablet,Delhi,44,30000,1320000,70,25,0,0,5,0,0.0,1.15
2025-04-25,Tablet,Bangalore,55,30000,1650000,78,25,1,0,7,0,0.0,1.15
2025-04-25,Tablet,Chennai,51,30000,1530000,117,25,1,0,3,0,0.0,1.15
2025-04-25,Tablet,Pune,54,30000,1620000,71,25,0,0,3,0,0.0,1.15
2025-04-25,Tablet,Kolkata,54,30000,1620000,44,25,0,0,4,0,0.0,1.15
2025-04-25,Tablet,Ahmedabad,56,30000,1680000,98,25,0,0,2,0,0.0,1.15
2025-04-25,Headphones,Hyderabad,67,3000,201000,75,40,0,0,4,0,0.0,1.15
2025-04-25,Headphones,Mumbai,78,3000,234000,132,40,1,0,3,0,0.0,1.15
2025-04-25,Headphones,Delhi,85,3000,255000,122,40,1,0,5,0,0.0,1.15
2025-04-25,Headphones,Bangalore,93,3000,279000,114,40,1,0,4,0,0.0,1.15
2025-04-25,Headphones,Chennai,77,3000,231000,77,40,1,0,2,0,0.0,1.15
2025-04-25,Headphones,Pune,72,3000,216000,145,40,1,0,6,0,0.0,1.15
2025-04-25,Headphones,Kolkata,69,3000,207000,95,40,1,0,4,0,0.0,1.15
2025-04-25,Headphones,Ahmedabad,78,3000,234000,139,40,1,0,5,0,0.0,1.15
2025-04-25,Smartwatch,Hyderabad,38,8000,304000,75,20,1,0,6,0,0.0,1.15
2025-04-25,Smartwatch,Mumbai,48,8000,384000,44,20,0,0,7,0,0.0,1.15
2025-04-25,Smartwatch,Delhi,46,8000,368000,119,20,1,0,3,0,0.0,1.15
2025-04-25,Smartwatch,Bangalore,47,8000,376000,63,20,1,0,5,0,0.0,1.15
2025-04-25,Smartwatch,Chennai,35,8000,280000,72,20,0,0,6,0,0.0,1.15
2025-04-25,Smartwatch,Pune,52,8000,416000,100,20,1,0,3,0,0.0,1.15
2025-04-25,Smartwatch,Kolkata,48,8000,384000,24,20,0,0,3,0,0.0,1.15
2025-04-25,Smartwatch,Ahmedabad,40,8000,320000,73,20,1,0,4,0,0.0,1.15
2025-04-25,Keyboard,Hyderabad,64,1500,96000,67,35,1,0,5,0,0.0,1.15
2025-04-25,Keyboard,Mumbai,83,1500,124500,67,35,1,0,4,0,0.0,1.15
2025-04-25,Keyboard,Delhi,95,1500,142500,113,35,1,0,5,0,0.0,1.15
2025-04-25,Keyboard,Bangalore,99,1500,148500,33,35,1,1,3,0,0.0,1.15
2025-04-25,Keyboard,Chennai,77,1500,115500,101,35,1,0,3,0,0.0,1.15
2025-04-25,Keyboard,Pune,78,1500,117000,87,35,1,0,6,0,0.0,1.15
2025-04-25,Keyboard,Kolkata,90,1500,135000,84,35,1,0,3,0,0.0,1.15
2025-04-25,Keyboard,Ahmedabad,83,1500,124500,90,35,1,0,4,0,0.0,1.15
2025-04-25,Monitor,Hyderabad,50,18000,900000,66,15,0,0,6,0,0.0,1.15
2025-04-25,Monitor,Mumbai,31,18000,558000,131,15,1,0,2,0,0.0,1.15
2025-04-25,Monitor,Delhi,42,18000,756000,48,15,0,0,2,0,0.0,1.15
2025-04-25,Monitor,Bangalore,59,18000,1062000,109,15,1,0,2,0,0.0,1.15
2025-04-25,Monitor,Chennai,51,18000,918000,49,15,1,0,3,0,0.0,1.15
2025-04-25,Monitor,Pune,44,18000,792000,74,15,1,0,7,0,0.0,1.15
2025-04-25,Monitor,Kolkata,34,18000,612000,56,15,0,0,7,0,0.0,1.15
2025-04-25,Monitor,Ahmedabad,51,18000,918000,136,15,1,0,4,0,0.0,1.15
2025-04-25,Mouse,Hyderabad,104,800,83200,58,50,0,0,5,0,0.0,1.15
2025-04-25,Mouse,Mumbai,101,800,80800,105,50,1,0,2,0,0.0,1.15
2025-04-25,Mouse,Delhi,108,800,86400,93,50,1,0,3,0,0.0,1.15
2025-04-25,Mouse,Bangalore,101,800,80800,72,50,1,0,7,0,0.0,1.15
2025-04-25,Mouse,Chennai,111,800,88800,36,50,1,1,4,0,0.0,1.15
2025-04-25,Mouse,Pune,112,800,89600,0,50,1,1,2,0,0.0,1.15
2025-04-25,Mouse,Kolkata,113,800,90400,0,50,1,1,5,0,0.0,1.15
2025-04-25,Mouse,Ahmedabad,108,800,86400,49,50,1,1,2,0,0.0,1.15
2025-04-25,Printer,Hyderabad,25,12000,300000,81,10,0,0,5,0,0.0,1.15
2025-04-25,Printer,Mumbai,38,12000,456000,39,10,0,0,4,0,0.0,1.15
2025-04-25,Printer,Delhi,32,12000,384000,86,10,0,0,6,0,0.0,1.15
2025-04-25,Printer,Bangalore,52,12000,624000,21,10,0,0,7,0,0.0,1.15
2025-04-25,Printer,Chennai,45,12000,540000,119,10,1,0,5,0,0.0,1.15
2025-04-25,Printer,Pune,40,12000,480000,28,10,0,0,5,0,0.0,1.15
2025-04-25,Printer,Kolkata,36,12000,432000,117,10,0,0,4,0,0.0,1.15
2025-04-25,Printer,Ahmedabad,27,12000,324000,19,10,0,0,6,0,0.0,1.15
2025-04-25,Speaker,Hyderabad,77,4000,308000,67,25,1,0,3,0,0.0,1.15
2025-04-25,Speaker,Mumbai,69,4000,276000,60,25,1,0,2,0,0.0,1.15
2025-04-25,Speaker,Delhi,72,4000,288000,48,25,1,0,5,0,0.0,1.15
2025-04-25,Speaker,Bangalore,59,4000,236000,54,25,1,0,6,0,0.0,1.15
2025-04-25,Speaker,Chennai,52,4000,208000,126,25,1,0,3,0,0.0,1.15
2025-04-25,Speaker,Pune,65,4000,260000,44,25,0,0,6,0,0.0,1.15
2025-04-25,Speaker,Kolkata,61,4000,244000,65,25,1,0,4,0,0.0,1.15
2025-04-25,Speaker,Ahmedabad,65,4000,260000,38,25,0,0,2,0,0.0,1.15
2025-04-26,Laptop,Hyderabad,51,55000,2805000,112,20,1,0,6,0,0.0,1.15
2025-04-26,Laptop,Mumbai,78,55000,4290000,68,20,1,0,7,0,0.0,1.15
2025-04-26,Laptop,Delhi,61,55000,3355000,32,20,0,0,6,0,0.0,1.15
2025-04-26,Laptop,Bangalore,70,55000,3850000,95,20,1,0,5,0,0.0,1.15
2025-04-26,Laptop,Chennai,66,55000,3630000,79,20,1,0,5,0,0.0,1.15
2025-04-26,Laptop,Pune,48,55000,2640000,48,20,1,0,3,0,0.0,1.15
2025-04-26,Laptop,Kolkata,63,55000,3465000,41,20,0,0,2,0,0.0,1.15
2025-04-26,Laptop,Ahmedabad,70,55000,3850000,108,20,1,0,5,0,0.0,1.15
2025-04-26,Mobile,Hyderabad,95,20000,1900000,69,30,0,0,6,0,0.0,1.15
2025-04-26,Mobile,Mumbai,90,20000,1800000,0,30,1,1,5,0,0.0,1.15
2025-04-26,Mobile,Delhi,81,20000,1620000,11,30,1,1,2,0,0.0,1.15
2025-04-26,Mobile,Bangalore,98,20000,1960000,38,30,1,0,3,0,0.0,1.15
2025-04-26,Mobile,Chennai,90,20000,1800000,95,30,1,0,3,0,0.0,1.15
2025-04-26,Mobile,Pune,96,20000,1920000,53,30,1,0,7,0,0.0,1.15
2025-04-26,Mobile,Kolkata,99,20000,1980000,93,30,1,0,2,0,0.0,1.15
2025-04-26,Mobile,Ahmedabad,81,20000,1620000,86,30,0,0,2,0,0.0,1.15
2025-04-26,Tablet,Hyderabad,57,30000,1710000,33,25,0,0,2,0,0.0,1.15
2025-04-26,Tablet,Mumbai,67,30000,2010000,65,25,0,0,7,0,0.0,1.15
2025-04-26,Tablet,Delhi,51,30000,1530000,136,25,1,0,3,0,0.0,1.15
2025-04-26,Tablet,Bangalore,57,30000,1710000,87,25,1,0,7,0,0.0,1.15
2025-04-26,Tablet,Chennai,46,30000,1380000,71,25,0,0,3,0,0.0,1.15
2025-04-26,Tablet,Pune,52,30000,1560000,152,25,1,0,3,0,0.0,1.15
2025-04-26,Tablet,Kolkata,49,30000,1470000,114,25,1,0,6,0,0.0,1.15
2025-04-26,Tablet,Ahmedabad,43,30000,1290000,55,25,0,0,2,0,0.0,1.15
2025-04-26,Headphones,Hyderabad,61,3000,183000,87,40,1,0,2,0,0.0,1.15
2025-04-26,Headphones,Mumbai,73,3000,219000,59,40,0,0,3,0,0.0,1.15
2025-04-26,Headphones,Delhi,76,3000,228000,46,40,0,0,7,0,0.0,1.15
2025-04-26,Headphones,Bangalore,77,3000,231000,116,40,1,0,3,0,0.0,1.15
2025-04-26,Headphones,Chennai,80,3000,240000,88,40,1,0,5,0,0.0,1.15
2025-04-26,Headphones,Pune,90,3000,270000,55,40,0,0,2,0,0.0,1.15
2025-04-26,Headphones,Kolkata,76,3000,228000,103,40,1,0,7,0,0.0,1.15
2025-04-26,Headphones,Ahmedabad,75,3000,225000,64,40,0,0,6,0,0.0,1.15
2025-04-26,Smartwatch,Hyderabad,32,8000,256000,43,20,0,0,5,0,0.0,1.15
2025-04-26,Smartwatch,Mumbai,44,8000,352000,110,20,1,0,2,0,0.0,1.15
2025-04-26,Smartwatch,Delhi,46,8000,368000,73,20,0,0,4,0,0.0,1.15
2025-04-26,Smartwatch,Bangalore,57,8000,456000,114,20,1,0,6,0,0.0,1.15
2025-04-26,Smartwatch,Chennai,35,8000,280000,37,20,0,0,7,0,0.0,1.15
2025-04-26,Smartwatch,Pune,59,8000,472000,41,20,0,0,6,0,0.0,1.15
2025-04-26,Smartwatch,Kolkata,41,8000,328000,113,20,1,0,7,0,0.0,1.15
2025-04-26,Smartwatch,Ahmedabad,45,8000,360000,28,20,0,0,6,0,0.0,1.15
2025-04-26,Keyboard,Hyderabad,80,1500,120000,70,35,1,0,3,0,0.0,1.15
2025-04-26,Keyboard,Mumbai,83,1500,124500,50,35,1,0,5,0,0.0,1.15
2025-04-26,Keyboard,Delhi,74,1500,111000,39,35,0,0,2,0,0.0,1.15
2025-04-26,Keyboard,Bangalore,83,1500,124500,31,35,1,1,2,0,0.0,1.15
2025-04-26,Keyboard,Chennai,98,1500,147000,149,35,1,0,6,0,0.0,1.15
2025-04-26,Keyboard,Pune,78,1500,117000,100,35,1,0,6,0,0.0,1.15
2025-04-26,Keyboard,Kolkata,80,1500,120000,55,35,1,0,5,0,0.0,1.15
2025-04-26,Keyboard,Ahmedabad,73,1500,109500,117,35,1,0,6,0,0.0,1.15
2025-04-26,Monitor,Hyderabad,53,18000,954000,154,15,1,0,6,0,0.0,1.15
2025-04-26,Monitor,Mumbai,56,18000,1008000,75,15,0,0,4,0,0.0,1.15
2025-04-26,Monitor,Delhi,56,18000,1008000,137,15,1,0,5,0,0.0,1.15
2025-04-26,Monitor,Bangalore,46,18000,828000,63,15,0,0,4,0,0.0,1.15
2025-04-26,Monitor,Chennai,59,18000,1062000,107,15,1,0,6,0,0.0,1.15
2025-04-26,Monitor,Pune,54,18000,972000,20,15,0,0,4,0,0.0,1.15
2025-04-26,Monitor,Kolkata,53,18000,954000,94,15,1,0,6,0,0.0,1.15
2025-04-26,Monitor,Ahmedabad,48,18000,864000,88,15,0,0,4,0,0.0,1.15
2025-04-26,Mouse,Hyderabad,102,800,81600,44,50,1,1,2,0,0.0,1.15
2025-04-26,Mouse,Mumbai,100,800,80000,107,50,1,0,2,0,0.0,1.15
2025-04-26,Mouse,Delhi,104,800,83200,98,50,1,0,4,0,0.0,1.15
2025-04-26,Mouse,Bangalore,103,800,82400,54,50,1,0,5,0,0.0,1.15
2025-04-26,Mouse,Chennai,110,800,88000,33,50,1,1,2,0,0.0,1.15
2025-04-26,Mouse,Pune,120,800,96000,12,50,1,1,4,0,0.0,1.15
2025-04-26,Mouse,Kolkata,107,800,85600,0,50,1,1,3,0,0.0,1.15
2025-04-26,Mouse,Ahmedabad,99,800,79200,52,50,1,0,2,0,0.0,1.15
2025-04-26,Printer,Hyderabad,21,12000,252000,60,10,0,0,4,0,0.0,1.15
2025-04-26,Printer,Mumbai,39,12000,468000,138,10,1,0,6,0,0.0,1.15
2025-04-26,Printer,Delhi,38,12000,456000,48,10,0,0,5,0,0.0,1.15
2025-04-26,Printer,Bangalore,26,12000,312000,107,10,1,0,6,0,0.0,1.15
2025-04-26,Printer,Chennai,31,12000,372000,88,10,0,0,7,0,0.0,1.15
2025-04-26,Printer,Pune,32,12000,384000,75,10,1,0,7,0,0.0,1.15
2025-04-26,Printer,Kolkata,28,12000,336000,89,10,0,0,2,0,0.0,1.15
2025-04-26,Printer,Ahmedabad,30,12000,360000,120,10,1,0,6,0,0.0,1.15
2025-04-26,Speaker,Hyderabad,73,4000,292000,123,25,1,0,7,0,0.0,1.15
2025-04-26,Speaker,Mumbai,67,4000,268000,68,25,1,0,5,0,0.0,1.15
2025-04-26,Speaker,Delhi,77,4000,308000,81,25,1,0,4,0,0.0,1.15
2025-04-26,Speaker,Bangalore,61,4000,244000,65,25,1,0,4,0,0.0,1.15
2025-04-26,Speaker,Chennai,57,4000,228000,69,25,0,0,4,0,0.0,1.15
2025-04-26,Speaker,Pune,58,4000,232000,49,25,1,0,7,0,0.0,1.15
2025-04-26,Speaker,Kolkata,62,4000,248000,115,25,1,0,7,0,0.0,1.15
2025-04-26,Speaker,Ahmedabad,56,4000,224000,96,25,1,0,5,0,0.0,1.15
2025-04-27,Laptop,Hyderabad,74,55000,4070000,38,20,0,0,3,0,0.0,1.15
2025-04-27,Laptop,Mumbai,70,55000,3850000,96,20,1,0,2,0,0.0,1.15
2025-04-27,Laptop,Delhi,75,55000,4125000,28,20,1,0,3,0,0.0,1.15
2025-04-27,Laptop,Bangalore,77,55000,4235000,143,20,1,0,4,0,0.0,1.15
2025-04-27,Laptop,Chennai,69,55000,3795000,125,20,1,0,6,0,0.0,1.15
2025-04-27,Laptop,Pune,61,55000,3355000,130,20,1,0,7,0,0.0,1.15
2025-04-27,Laptop,Kolkata,49,55000,2695000,111,20,1,0,2,0,0.0,1.15
2025-04-27,Laptop,Ahmedabad,70,55000,3850000,38,20,0,0,5,0,0.0,1.15
2025-04-27,Mobile,Hyderabad,91,20000,1820000,126,30,1,0,5,0,0.0,1.15
2025-04-27,Mobile,Mumbai,93,20000,1860000,19,30,1,1,2,0,0.0,1.15
2025-04-27,Mobile,Delhi,96,20000,1920000,0,30,1,1,4,0,0.0,1.15
2025-04-27,Mobile,Bangalore,85,20000,1700000,42,30,1,0,7,0,0.0,1.15
2025-04-27,Mobile,Chennai,99,20000,1980000,91,30,1,0,2,0,0.0,1.15
2025-04-27,Mobile,Pune,77,20000,1540000,115,30,1,0,7,0,0.0,1.15
2025-04-27,Mobile,Kolkata,100,20000,2000000,140,30,1,0,3,0,0.0,1.15
2025-04-27,Mobile,Ahmedabad,101,20000,2020000,79,30,1,0,6,0,0.0,1.15
2025-04-27,Tablet,Hyderabad,52,30000,1560000,105,25,1,0,2,0,0.0,1.15
2025-04-27,Tablet,Mumbai,54,30000,1620000,111,25,1,0,7,0,0.0,1.15
2025-04-27,Tablet,Delhi,55,30000,1650000,81,25,0,0,5,0,0.0,1.15
2025-04-27,Tablet,Bangalore,55,30000,1650000,32,25,0,0,2,0,0.0,1.15
2025-04-27,Tablet,Chennai,69,30000,2070000,131,25,1,0,4,0,0.0,1.15
2025-04-27,Tablet,Pune,55,30000,1650000,97,25,0,0,3,0,0.0,1.15
2025-04-27,Tablet,Kolkata,48,30000,1440000,66,25,0,0,2,0,0.0,1.15
2025-04-27,Tablet,Ahmedabad,59,30000,1770000,110,25,1,0,4,0,0.0,1.15
2025-04-27,Headphones,Hyderabad,68,3000,204000,143,40,1,0,3,0,0.0,1.15
2025-04-27,Headphones,Mumbai,77,3000,231000,86,40,1,0,7,0,0.0,1.15
2025-04-27,Headphones,Delhi,74,3000,222000,87,40,1,0,4,0,0.0,1.15
2025-04-27,Headphones,Bangalore,62,3000,186000,54,40,0,0,2,0,0.0,1.15
2025-04-27,Headphones,Chennai,76,3000,228000,154,40,1,0,5,0,0.0,1.15
2025-04-27,Headphones,Pune,89,3000,267000,19,40,1,1,2,0,0.0,1.15
2025-04-27,Headphones,Kolkata,74,3000,222000,88,40,1,0,3,0,0.0,1.15
2025-04-27,Headphones,Ahmedabad,85,3000,255000,101,40,1,0,5,0,0.0,1.15
2025-04-27,Smartwatch,Hyderabad,49,8000,392000,61,20,1,0,6,0,0.0,1.15
2025-04-27,Smartwatch,Mumbai,37,8000,296000,73,20,0,0,3,0,0.0,1.15
2025-04-27,Smartwatch,Delhi,43,8000,344000,30,20,0,0,3,0,0.0,1.15
2025-04-27,Smartwatch,Bangalore,43,8000,344000,71,20,0,0,6,0,0.0,1.15
2025-04-27,Smartwatch,Chennai,45,8000,360000,125,20,1,0,6,0,0.0,1.15
2025-04-27,Smartwatch,Pune,40,8000,320000,97,20,1,0,4,0,0.0,1.15
2025-04-27,Smartwatch,Kolkata,33,8000,264000,80,20,0,0,6,0,0.0,1.15
2025-04-27,Smartwatch,Ahmedabad,47,8000,376000,125,20,1,0,7,0,0.0,1.15
2025-04-27,Keyboard,Hyderabad,80,1500,120000,123,35,1,0,6,0,0.0,1.15
2025-04-27,Keyboard,Mumbai,82,1500,123000,44,35,1,0,4,0,0.0,1.15
2025-04-27,Keyboard,Delhi,57,1500,85500,67,35,1,0,2,0,0.0,1.15
2025-04-27,Keyboard,Bangalore,76,1500,114000,51,35,1,0,5,0,0.0,1.15
2025-04-27,Keyboard,Chennai,92,1500,138000,57,35,0,0,2,0,0.0,1.15
2025-04-27,Keyboard,Pune,72,1500,108000,172,35,1,0,4,0,0.0,1.15
2025-04-27,Keyboard,Kolkata,85,1500,127500,84,35,1,0,2,0,0.0,1.15
2025-04-27,Keyboard,Ahmedabad,67,1500,100500,50,35,0,0,5,0,0.0,1.15
2025-04-27,Monitor,Hyderabad,56,18000,1008000,98,15,0,0,2,0,0.0,1.15
2025-04-27,Monitor,Mumbai,46,18000,828000,29,15,0,0,2,0,0.0,1.15
2025-04-27,Monitor,Delhi,27,18000,486000,110,15,0,0,5,0,0.0,1.15
2025-04-27,Monitor,Bangalore,49,18000,882000,138,15,1,0,6,0,0.0,1.15
2025-04-27,Monitor,Chennai,53,18000,954000,54,15,0,0,3,0,0.0,1.15
2025-04-27,Monitor,Pune,50,18000,900000,110,15,1,0,6,0,0.0,1.15
2025-04-27,Monitor,Kolkata,58,18000,1044000,36,15,0,0,4,0,0.0,1.15
2025-04-27,Monitor,Ahmedabad,59,18000,1062000,29,15,0,0,7,0,0.0,1.15
2025-04-27,Mouse,Hyderabad,100,800,80000,54,50,1,0,4,0,0.0,1.15
2025-04-27,Mouse,Mumbai,128,800,102400,38,50,1,1,5,0,0.0,1.15
2025-04-27,Mouse,Delhi,107,800,85600,58,50,1,0,6,0,0.0,1.15
2025-04-27,Mouse,Bangalore,103,800,82400,45,50,1,1,7,0,0.0,1.15
2025-04-27,Mouse,Chennai,91,800,72800,77,50,1,0,3,0,0.0,1.15
2025-04-27,Mouse,Pune,99,800,79200,25,50,1,1,4,0,0.0,1.15
2025-04-27,Mouse,Kolkata,102,800,81600,0,50,1,1,2,0,0.0,1.15
2025-04-27,Mouse,Ahmedabad,98,800,78400,76,50,1,0,6,0,0.0,1.15
2025-04-27,Printer,Hyderabad,26,12000,312000,34,10,0,0,4,0,0.0,1.15
2025-04-27,Printer,Mumbai,47,12000,564000,91,10,0,0,5,0,0.0,1.15
2025-04-27,Printer,Delhi,30,12000,360000,18,10,0,0,2,0,0.0,1.15
2025-04-27,Printer,Bangalore,37,12000,444000,70,10,0,0,2,0,0.0,1.15
2025-04-27,Printer,Chennai,27,12000,324000,61,10,0,0,2,0,0.0,1.15
2025-04-27,Printer,Pune,26,12000,312000,49,10,0,0,2,0,0.0,1.15
2025-04-27,Printer,Kolkata,35,12000,420000,54,10,0,0,7,0,0.0,1.15
2025-04-27,Printer,Ahmedabad,33,12000,396000,87,10,0,0,5,0,0.0,1.15
2025-04-27,Speaker,Hyderabad,75,4000,300000,48,25,0,0,6,0,0.0,1.15
2025-04-27,Speaker,Mumbai,57,4000,228000,84,25,1,0,6,0,0.0,1.15
2025-04-27,Speaker,Delhi,73,4000,292000,101,25,1,0,7,0,0.0,1.15
2025-04-27,Speaker,Bangalore,69,4000,276000,57,25,1,0,7,0,0.0,1.15
2025-04-27,Speaker,Chennai,70,4000,280000,59,25,1,0,4,0,0.0,1.15
2025-04-27,Speaker,Pune,73,4000,292000,36,25,1,0,2,0,0.0,1.15
2025-04-27,Speaker,Kolkata,77,4000,308000,38,25,0,0,2,0,0.0,1.15
2025-04-27,Speaker,Ahmedabad,63,4000,252000,33,25,0,0,6,0,0.0,1.15
2025-04-28,Laptop,Hyderabad,56,55000,3080000,89,20,1,0,2,0,0.0,1.15
2025-04-28,Laptop,Mumbai,66,55000,3630000,30,20,0,0,6,0,0.0,1.15
2025-04-28,Laptop,Delhi,77,55000,4235000,59,20,1,0,4,0,0.0,1.15
2025-04-28,Laptop,Bangalore,48,55000,2640000,95,20,0,0,5,0,0.0,1.15
2025-04-28,Laptop,Chennai,66,55000,3630000,59,20,0,0,5,0,0.0,1.15
2025-04-28,Laptop,Pune,69,55000,3795000,61,20,0,0,5,0,0.0,1.15
2025-04-28,Laptop,Kolkata,77,55000,4235000,34,20,0,0,6,0,0.0,1.15
2025-04-28,Laptop,Ahmedabad,64,55000,3520000,111,20,1,0,5,0,0.0,1.15
2025-04-28,Mobile,Hyderabad,113,20000,2260000,65,30,1,0,6,0,0.0,1.15
2025-04-28,Mobile,Mumbai,86,20000,1720000,57,30,1,0,2,0,0.0,1.15
2025-04-28,Mobile,Delhi,82,20000,1640000,16,30,1,1,3,0,0.0,1.15
2025-04-28,Mobile,Bangalore,92,20000,1840000,29,30,1,1,3,0,0.0,1.15
2025-04-28,Mobile,Chennai,94,20000,1880000,110,30,1,0,2,0,0.0,1.15
2025-04-28,Mobile,Pune,92,20000,1840000,156,30,1,0,7,0,0.0,1.15
2025-04-28,Mobile,Kolkata,102,20000,2040000,38,30,0,0,3,0,0.0,1.15
2025-04-28,Mobile,Ahmedabad,67,20000,1340000,122,30,1,0,6,0,0.0,1.15
2025-04-28,Tablet,Hyderabad,63,30000,1890000,42,25,0,0,4,0,0.0,1.15
2025-04-28,Tablet,Mumbai,64,30000,1920000,47,25,0,0,5,0,0.0,1.15
2025-04-28,Tablet,Delhi,41,30000,1230000,40,25,0,0,4,0,0.0,1.15
2025-04-28,Tablet,Bangalore,55,30000,1650000,92,25,1,0,6,0,0.0,1.15
2025-04-28,Tablet,Chennai,54,30000,1620000,77,25,0,0,7,0,0.0,1.15
2025-04-28,Tablet,Pune,64,30000,1920000,33,25,0,0,5,0,0.0,1.15
2025-04-28,Tablet,Kolkata,44,30000,1320000,137,25,1,0,5,0,0.0,1.15
2025-04-28,Tablet,Ahmedabad,63,30000,1890000,47,25,0,0,7,0,0.0,1.15
2025-04-28,Headphones,Hyderabad,72,3000,216000,71,40,0,0,7,0,0.0,1.15
2025-04-28,Headphones,Mumbai,83,3000,249000,79,40,1,0,6,0,0.0,1.15
2025-04-28,Headphones,Delhi,65,3000,195000,158,40,1,0,3,0,0.0,1.15
2025-04-28,Headphones,Bangalore,74,3000,222000,108,40,1,0,3,0,0.0,1.15
2025-04-28,Headphones,Chennai,90,3000,270000,64,40,0,0,6,0,0.0,1.15
2025-04-28,Headphones,Pune,64,3000,192000,56,40,1,0,5,0,0.0,1.15
2025-04-28,Headphones,Kolkata,63,3000,189000,150,40,1,0,2,0,0.0,1.15
2025-04-28,Headphones,Ahmedabad,66,3000,198000,185,40,1,0,5,0,0.0,1.15
2025-04-28,Smartwatch,Hyderabad,44,8000,352000,120,20,1,0,6,0,0.0,1.15
2025-04-28,Smartwatch,Mumbai,49,8000,392000,24,20,0,0,7,0,0.0,1.15
2025-04-28,Smartwatch,Delhi,59,8000,472000,57,20,1,0,4,0,0.0,1.15
2025-04-28,Smartwatch,Bangalore,54,8000,432000,135,20,1,0,6,0,0.0,1.15
2025-04-28,Smartwatch,Chennai,44,8000,352000,81,20,0,0,6,0,0.0,1.15
2025-04-28,Smartwatch,Pune,45,8000,360000,52,20,0,0,5,0,0.0,1.15
2025-04-28,Smartwatch,Kolkata,49,8000,392000,31,20,0,0,7,0,0.0,1.15
2025-04-28,Smartwatch,Ahmedabad,46,8000,368000,79,20,0,0,3,0,0.0,1.15
2025-04-28,Keyboard,Hyderabad,70,1500,105000,53,35,0,0,3,0,0.0,1.15
2025-04-28,Keyboard,Mumbai,76,1500,114000,64,35,1,0,6,0,0.0,1.15
2025-04-28,Keyboard,Delhi,75,1500,112500,83,35,1,0,2,0,0.0,1.15
2025-04-28,Keyboard,Bangalore,88,1500,132000,42,35,1,0,7,0,0.0,1.15
2025-04-28,Keyboard,Chennai,86,1500,129000,104,35,1,0,7,0,0.0,1.15
2025-04-28,Keyboard,Pune,91,1500,136500,81,35,0,0,3,0,0.0,1.15
2025-04-28,Keyboard,Kolkata,87,1500,130500,61,35,1,0,4,0,0.0,1.15
2025-04-28,Keyboard,Ahmedabad,88,1500,132000,34,35,1,1,5,0,0.0,1.15
2025-04-28,Monitor,Hyderabad,61,18000,1098000,37,15,0,0,2,0,0.0,1.15
2025-04-28,Monitor,Mumbai,44,18000,792000,135,15,1,0,2,0,0.0,1.15
2025-04-28,Monitor,Delhi,60,18000,1080000,50,15,0,0,3,0,0.0,1.15
2025-04-28,Monitor,Bangalore,35,18000,630000,103,15,0,0,7,0,0.0,1.15
2025-04-28,Monitor,Chennai,34,18000,612000,20,15,0,0,2,0,0.0,1.15
2025-04-28,Monitor,Pune,47,18000,846000,63,15,0,0,6,0,0.0,1.15
2025-04-28,Monitor,Kolkata,42,18000,756000,70,15,1,0,7,0,0.0,1.15
2025-04-28,Monitor,Ahmedabad,54,18000,972000,103,15,1,0,2,0,0.0,1.15
2025-04-28,Mouse,Hyderabad,105,800,84000,46,50,1,1,2,0,0.0,1.15
2025-04-28,Mouse,Mumbai,92,800,73600,84,50,1,0,5,0,0.0,1.15
2025-04-28,Mouse,Delhi,94,800,75200,24,50,1,1,4,0,0.0,1.15
2025-04-28,Mouse,Bangalore,105,800,84000,26,50,1,1,3,0,0.0,1.15
2025-04-28,Mouse,Chennai,102,800,81600,85,50,1,0,4,0,0.0,1.15
2025-04-28,Mouse,Pune,107,800,85600,67,50,1,0,7,0,0.0,1.15
2025-04-28,Mouse,Kolkata,113,800,90400,12,50,1,1,7,0,0.0,1.15
2025-04-28,Mouse,Ahmedabad,118,800,94400,29,50,1,1,5,0,0.0,1.15
2025-04-28,Printer,Hyderabad,39,12000,468000,76,10,1,0,6,0,0.0,1.15
2025-04-28,Printer,Mumbai,44,12000,528000,47,10,0,0,3,0,0.0,1.15
2025-04-28,Printer,Delhi,34,12000,408000,131,10,1,0,6,0,0.0,1.15
2025-04-28,Printer,Bangalore,41,12000,492000,29,10,0,0,3,0,0.0,1.15
2025-04-28,Printer,Chennai,33,12000,396000,28,10,0,0,5,0,0.0,1.15
2025-04-28,Printer,Pune,32,12000,384000,17,10,0,0,4,0,0.0,1.15
2025-04-28,Printer,Kolkata,36,12000,432000,18,10,0,0,6,0,0.0,1.15
2025-04-28,Printer,Ahmedabad,25,12000,300000,62,10,0,0,3,0,0.0,1.15
2025-04-28,Speaker,Hyderabad,72,4000,288000,51,25,1,0,7,0,0.0,1.15
2025-04-28,Speaker,Mumbai,74,4000,296000,147,25,1,0,5,0,0.0,1.15
2025-04-28,Speaker,Delhi,65,4000,260000,36,25,0,0,6,0,0.0,1.15
2025-04-28,Speaker,Bangalore,77,4000,308000,43,25,1,0,7,0,0.0,1.15
2025-04-28,Speaker,Chennai,68,4000,272000,134,25,1,0,3,0,0.0,1.15
2025-04-28,Speaker,Pune,66,4000,264000,28,25,1,0,2,0,0.0,1.15
2025-04-28,Speaker,Kolkata,66,4000,264000,108,25,1,0,7,0,0.0,1.15
2025-04-28,Speaker,Ahmedabad,72,4000,288000,43,25,1,0,3,0,0.0,1.15
2025-04-29,Laptop,Hyderabad,71,55000,3905000,161,20,1,0,2,0,0.0,1.15
2025-04-29,Laptop,Mumbai,68,55000,3740000,43,20,1,0,6,0,0.0,1.15
2025-04-29,Laptop,Delhi,48,55000,2640000,66,20,1,0,5,0,0.0,1.15
2025-04-29,Laptop,Bangalore,62,55000,3410000,33,20,0,0,7,0,0.0,1.15
2025-04-29,Laptop,Chennai,81,55000,4455000,100,20,1,0,4,0,0.0,1.15
2025-04-29,Laptop,Pune,63,55000,3465000,148,20,1,0,4,0,0.0,1.15
2025-04-29,Laptop,Kolkata,60,55000,3300000,92,20,1,0,5,0,0.0,1.15
2025-04-29,Laptop,Ahmedabad,59,55000,3245000,52,20,0,0,2,0,0.0,1.15
2025-04-29,Mobile,Hyderabad,80,20000,1600000,65,30,1,0,2,0,0.0,1.15
2025-04-29,Mobile,Mumbai,89,20000,1780000,58,30,1,0,7,0,0.0,1.15
2025-04-29,Mobile,Delhi,83,20000,1660000,0,30,1,1,4,0,0.0,1.15
2025-04-29,Mobile,Bangalore,100,20000,2000000,57,30,1,0,5,0,0.0,1.15
2025-04-29,Mobile,Chennai,85,20000,1700000,94,30,1,0,5,0,0.0,1.15
2025-04-29,Mobile,Pune,99,20000,1980000,57,30,0,0,3,0,0.0,1.15
2025-04-29,Mobile,Kolkata,89,20000,1780000,10,30,1,1,4,0,0.0,1.15
2025-04-29,Mobile,Ahmedabad,99,20000,1980000,120,30,1,0,7,0,0.0,1.15
2025-04-29,Tablet,Hyderabad,65,30000,1950000,28,25,1,0,7,0,0.0,1.15
2025-04-29,Tablet,Mumbai,59,30000,1770000,72,25,1,0,6,0,0.0,1.15
2025-04-29,Tablet,Delhi,62,30000,1860000,31,25,1,0,6,0,0.0,1.15
2025-04-29,Tablet,Bangalore,45,30000,1350000,47,25,0,0,2,0,0.0,1.15
2025-04-29,Tablet,Chennai,63,30000,1890000,163,25,1,0,4,0,0.0,1.15
2025-04-29,Tablet,Pune,62,30000,1860000,41,25,1,0,7,0,0.0,1.15
2025-04-29,Tablet,Kolkata,46,30000,1380000,91,25,0,0,2,0,0.0,1.15
2025-04-29,Tablet,Ahmedabad,48,30000,1440000,130,25,1,0,3,0,0.0,1.15
2025-04-29,Headphones,Hyderabad,72,3000,216000,134,40,1,0,3,0,0.0,1.15
2025-04-29,Headphones,Mumbai,75,3000,225000,118,40,1,0,5,0,0.0,1.15
2025-04-29,Headphones,Delhi,64,3000,192000,94,40,0,0,6,0,0.0,1.15
2025-04-29,Headphones,Bangalore,73,3000,219000,137,40,1,0,7,0,0.0,1.15
2025-04-29,Headphones,Chennai,79,3000,237000,107,40,1,0,2,0,0.0,1.15
2025-04-29,Headphones,Pune,72,3000,216000,127,40,1,0,7,0,0.0,1.15
2025-04-29,Headphones,Kolkata,66,3000,198000,84,40,0,0,7,0,0.0,1.15
2025-04-29,Headphones,Ahmedabad,73,3000,219000,112,40,0,0,5,0,0.0,1.15
2025-04-29,Smartwatch,Hyderabad,43,8000,344000,77,20,0,0,3,0,0.0,1.15
2025-04-29,Smartwatch,Mumbai,40,8000,320000,85,20,1,0,7,0,0.0,1.15
2025-04-29,Smartwatch,Delhi,38,8000,304000,169,20,1,0,7,0,0.0,1.15
2025-04-29,Smartwatch,Bangalore,41,8000,328000,94,20,0,0,2,0,0.0,1.15
2025-04-29,Smartwatch,Chennai,47,8000,376000,34,20,0,0,4,0,0.0,1.15
2025-04-29,Smartwatch,Pune,49,8000,392000,73,20,1,0,5,0,0.0,1.15
2025-04-29,Smartwatch,Kolkata,44,8000,352000,60,20,1,0,2,0,0.0,1.15
2025-04-29,Smartwatch,Ahmedabad,53,8000,424000,26,20,0,0,4,0,0.0,1.15
2025-04-29,Keyboard,Hyderabad,81,1500,121500,98,35,1,0,5,0,0.0,1.15
2025-04-29,Keyboard,Mumbai,93,1500,139500,24,35,1,1,5,0,0.0,1.15
2025-04-29,Keyboard,Delhi,85,1500,127500,73,35,1,0,3,0,0.0,1.15
2025-04-29,Keyboard,Bangalore,82,1500,123000,27,35,1,1,4,0,0.0,1.15
2025-04-29,Keyboard,Chennai,80,1500,120000,154,35,1,0,3,0,0.0,1.15
2025-04-29,Keyboard,Pune,76,1500,114000,126,35,1,0,2,0,0.0,1.15
2025-04-29,Keyboard,Kolkata,89,1500,133500,111,35,1,0,2,0,0.0,1.15
2025-04-29,Keyboard,Ahmedabad,89,1500,133500,59,35,1,0,2,0,0.0,1.15
2025-04-29,Monitor,Hyderabad,53,18000,954000,60,15,1,0,5,0,0.0,1.15
2025-04-29,Monitor,Mumbai,46,18000,828000,89,15,0,0,6,0,0.0,1.15
2025-04-29,Monitor,Delhi,56,18000,1008000,94,15,1,0,7,0,0.0,1.15
2025-04-29,Monitor,Bangalore,57,18000,1026000,46,15,0,0,6,0,0.0,1.15
2025-04-29,Monitor,Chennai,53,18000,954000,58,15,1,0,4,0,0.0,1.15
2025-04-29,Monitor,Pune,49,18000,882000,136,15,1,0,2,0,0.0,1.15
2025-04-29,Monitor,Kolkata,51,18000,918000,19,15,0,0,5,0,0.0,1.15
2025-04-29,Monitor,Ahmedabad,56,18000,1008000,47,15,0,0,3,0,0.0,1.15
2025-04-29,Mouse,Hyderabad,90,800,72000,58,50,1,0,7,0,0.0,1.15
2025-04-29,Mouse,Mumbai,103,800,82400,55,50,1,0,2,0,0.0,1.15
2025-04-29,Mouse,Delhi,106,800,84800,64,50,1,0,3,0,0.0,1.15
2025-04-29,Mouse,Bangalore,97,800,77600,24,50,1,1,6,0,0.0,1.15
2025-04-29,Mouse,Chennai,78,800,62400,127,50,1,0,2,0,0.0,1.15
2025-04-29,Mouse,Pune,106,800,84800,76,50,1,0,5,0,0.0,1.15
2025-04-29,Mouse,Kolkata,101,800,80800,0,50,1,1,6,0,0.0,1.15
2025-04-29,Mouse,Ahmedabad,108,800,86400,56,50,1,0,2,0,0.0,1.15
2025-04-29,Printer,Hyderabad,44,12000,528000,32,10,0,0,4,0,0.0,1.15
2025-04-29,Printer,Mumbai,30,12000,360000,17,10,0,0,5,0,0.0,1.15
2025-04-29,Printer,Delhi,21,12000,252000,110,10,0,0,6,0,0.0,1.15
2025-04-29,Printer,Bangalore,32,12000,384000,106,10,1,0,7,0,0.0,1.15
2025-04-29,Printer,Chennai,43,12000,516000,43,10,1,0,5,0,0.0,1.15
2025-04-29,Printer,Pune,39,12000,468000,58,10,1,0,5,0,0.0,1.15
2025-04-29,Printer,Kolkata,36,12000,432000,123,10,1,0,3,0,0.0,1.15
2025-04-29,Printer,Ahmedabad,43,12000,516000,19,10,0,0,3,0,0.0,1.15
2025-04-29,Speaker,Hyderabad,75,4000,300000,126,25,1,0,7,0,0.0,1.15
2025-04-29,Speaker,Mumbai,85,4000,340000,62,25,0,0,5,0,0.0,1.15
2025-04-29,Speaker,Delhi,62,4000,248000,94,25,1,0,7,0,0.0,1.15
2025-04-29,Speaker,Bangalore,49,4000,196000,110,25,1,0,5,0,0.0,1.15
2025-04-29,Speaker,Chennai,51,4000,204000,83,25,0,0,7,0,0.0,1.15
2025-04-29,Speaker,Pune,78,4000,312000,33,25,1,0,6,0,0.0,1.15
2025-04-29,Speaker,Kolkata,59,4000,236000,49,25,0,0,6,0,0.0,1.15
2025-04-29,Speaker,Ahmedabad,57,4000,228000,43,25,1,0,4,0,0.0,1.15
2025-04-30,Laptop,Hyderabad,56,55000,3080000,105,20,0,0,5,0,0.0,1.15
2025-04-30,Laptop,Mumbai,59,55000,3245000,111,20,1,0,6,0,0.0,1.15
2025-04-30,Laptop,Delhi,67,55000,3685000,64,20,1,0,7,0,0.0,1.15
2025-04-30,Laptop,Bangalore,58,55000,3190000,75,20,1,0,3,0,0.0,1.15
2025-04-30,Laptop,Chennai,67,55000,3685000,33,20,0,0,5,0,0.0,1.15
2025-04-30,Laptop,Pune,56,55000,3080000,92,20,0,0,7,0,0.0,1.15
2025-04-30,Laptop,Kolkata,60,55000,3300000,32,20,0,0,2,0,0.0,1.15
2025-04-30,Laptop,Ahmedabad,63,55000,3465000,79,20,1,0,3,0,0.0,1.15
2025-04-30,Mobile,Hyderabad,80,20000,1600000,78,30,1,0,6,0,0.0,1.15
2025-04-30,Mobile,Mumbai,93,20000,1860000,79,30,1,0,3,0,0.0,1.15
2025-04-30,Mobile,Delhi,84,20000,1680000,0,30,1,1,5,0,0.0,1.15
2025-04-30,Mobile,Bangalore,84,20000,1680000,56,30,1,0,5,0,0.0,1.15
2025-04-30,Mobile,Chennai,88,20000,1760000,75,30,1,0,6,0,0.0,1.15
2025-04-30,Mobile,Pune,112,20000,2240000,18,30,1,1,2,0,0.0,1.15
2025-04-30,Mobile,Kolkata,92,20000,1840000,47,30,1,0,4,0,0.0,1.15
2025-04-30,Mobile,Ahmedabad,86,20000,1720000,34,30,0,0,3,0,0.0,1.15
2025-04-30,Tablet,Hyderabad,56,30000,1680000,95,25,1,0,5,0,0.0,1.15
2025-04-30,Tablet,Mumbai,54,30000,1620000,74,25,1,0,2,0,0.0,1.15
2025-04-30,Tablet,Delhi,66,30000,1980000,31,25,1,0,5,0,0.0,1.15
2025-04-30,Tablet,Bangalore,53,30000,1590000,88,25,1,0,5,0,0.0,1.15
2025-04-30,Tablet,Chennai,50,30000,1500000,113,25,0,0,2,0,0.0,1.15
2025-04-30,Tablet,Pune,49,30000,1470000,60,25,1,0,6,0,0.0,1.15
2025-04-30,Tablet,Kolkata,50,30000,1500000,41,25,0,0,3,0,0.0,1.15
2025-04-30,Tablet,Ahmedabad,72,30000,2160000,58,25,0,0,5,0,0.0,1.15
2025-04-30,Headphones,Hyderabad,76,3000,228000,58,40,0,0,7,0,0.0,1.15
2025-04-30,Headphones,Mumbai,72,3000,216000,46,40,0,0,2,0,0.0,1.15
2025-04-30,Headphones,Delhi,75,3000,225000,146,40,1,0,4,0,0.0,1.15
2025-04-30,Headphones,Bangalore,71,3000,213000,66,40,0,0,7,0,0.0,1.15
2025-04-30,Headphones,Chennai,87,3000,261000,96,40,1,0,4,0,0.0,1.15
2025-04-30,Headphones,Pune,74,3000,222000,53,40,0,0,6,0,0.0,1.15
2025-04-30,Headphones,Kolkata,75,3000,225000,59,40,1,0,2,0,0.0,1.15
2025-04-30,Headphones,Ahmedabad,65,3000,195000,47,40,0,0,3,0,0.0,1.15
2025-04-30,Smartwatch,Hyderabad,56,8000,448000,21,20,0,0,3,0,0.0,1.15
2025-04-30,Smartwatch,Mumbai,50,8000,400000,35,20,0,0,7,0,0.0,1.15
2025-04-30,Smartwatch,Delhi,49,8000,392000,120,20,0,0,6,0,0.0,1.15
2025-04-30,Smartwatch,Bangalore,50,8000,400000,44,20,0,0,6,0,0.0,1.15
2025-04-30,Smartwatch,Chennai,57,8000,456000,103,20,1,0,3,0,0.0,1.15
2025-04-30,Smartwatch,Pune,40,8000,320000,33,20,0,0,5,0,0.0,1.15
2025-04-30,Smartwatch,Kolkata,22,8000,176000,38,20,0,0,7,0,0.0,1.15
2025-04-30,Smartwatch,Ahmedabad,40,8000,320000,120,20,1,0,4,0,0.0,1.15
2025-04-30,Keyboard,Hyderabad,77,1500,115500,100,35,1,0,5,0,0.0,1.15
2025-04-30,Keyboard,Mumbai,96,1500,144000,25,35,1,1,6,0,0.0,1.15
2025-04-30,Keyboard,Delhi,82,1500,123000,112,35,1,0,7,0,0.0,1.15
2025-04-30,Keyboard,Bangalore,86,1500,129000,61,35,1,0,2,0,0.0,1.15
2025-04-30,Keyboard,Chennai,79,1500,118500,75,35,0,0,3,0,0.0,1.15
2025-04-30,Keyboard,Pune,84,1500,126000,42,35,0,0,7,0,0.0,1.15
2025-04-30,Keyboard,Kolkata,78,1500,117000,93,35,1,0,7,0,0.0,1.15
2025-04-30,Keyboard,Ahmedabad,95,1500,142500,26,35,1,1,4,0,0.0,1.15
2025-04-30,Monitor,Hyderabad,51,18000,918000,150,15,1,0,5,0,0.0,1.15
2025-04-30,Monitor,Mumbai,55,18000,990000,34,15,0,0,2,0,0.0,1.15
2025-04-30,Monitor,Delhi,51,18000,918000,43,15,0,0,5,0,0.0,1.15
2025-04-30,Monitor,Bangalore,54,18000,972000,125,15,1,0,4,0,0.0,1.15
2025-04-30,Monitor,Chennai,46,18000,828000,86,15,1,0,7,0,0.0,1.15
2025-04-30,Monitor,Pune,52,18000,936000,84,15,0,0,2,0,0.0,1.15
2025-04-30,Monitor,Kolkata,63,18000,1134000,52,15,1,0,3,0,0.0,1.15
2025-04-30,Monitor,Ahmedabad,41,18000,738000,105,15,1,0,7,0,0.0,1.15
2025-04-30,Mouse,Hyderabad,93,800,74400,114,50,1,0,3,0,0.0,1.15
2025-04-30,Mouse,Mumbai,114,800,91200,20,50,1,1,3,0,0.0,1.15
2025-04-30,Mouse,Delhi,104,800,83200,110,50,1,0,3,0,0.0,1.15
2025-04-30,Mouse,Bangalore,109,800,87200,13,50,1,1,5,0,0.0,1.15
2025-04-30,Mouse,Chennai,96,800,76800,128,50,1,0,5,0,0.0,1.15
2025-04-30,Mouse,Pune,113,800,90400,45,50,1,1,5,0,0.0,1.15
2025-04-30,Mouse,Kolkata,108,800,86400,0,50,1,1,7,0,0.0,1.15
2025-04-30,Mouse,Ahmedabad,100,800,80000,73,50,1,0,2,0,0.0,1.15
2025-04-30,Printer,Hyderabad,29,12000,348000,76,10,1,0,3,0,0.0,1.15
2025-04-30,Printer,Mumbai,33,12000,396000,59,10,1,0,7,0,0.0,1.15
2025-04-30,Printer,Delhi,25,12000,300000,85,10,0,0,3,0,0.0,1.15
2025-04-30,Printer,Bangalore,47,12000,564000,59,10,0,0,3,0,0.0,1.15
2025-04-30,Printer,Chennai,34,12000,408000,119,10,1,0,5,0,0.0,1.15
2025-04-30,Printer,Pune,34,12000,408000,24,10,0,0,7,0,0.0,1.15
2025-04-30,Printer,Kolkata,33,12000,396000,90,10,0,0,2,0,0.0,1.15
2025-04-30,Printer,Ahmedabad,40,12000,480000,112,10,1,0,3,0,0.0,1.15
2025-04-30,Speaker,Hyderabad,74,4000,296000,52,25,0,0,5,0,0.0,1.15
2025-04-30,Speaker,Mumbai,73,4000,292000,119,25,1,0,5,0,0.0,1.15
2025-04-30,Speaker,Delhi,65,4000,260000,29,25,0,0,2,0,0.0,1.15
2025-04-30,Speaker,Bangalore,75,4000,300000,35,25,0,0,4,0,0.0,1.15
2025-04-30,Speaker,Chennai,63,4000,252000,100,25,1,0,6,0,0.0,1.15
2025-04-30,Speaker,Pune,64,4000,256000,103,25,1,0,5,0,0.0,1.15
2025-04-30,Speaker,Kolkata,64,4000,256000,77,25,1,0,6,0,0.0,1.15
2025-04-30,Speaker,Ahmedabad,69,4000,276000,36,25,1,0,4,0,0.0,1.15
2025-05-01,Laptop,Hyderabad,70,55000,3850000,35,20,0,0,6,1,11.5,0.9
2025-05-01,Laptop,Mumbai,64,55000,3520000,47,20,0,0,3,1,11.5,0.9
2025-05-01,Laptop,Delhi,59,55000,3245000,124,20,1,0,6,1,11.5,0.9
2025-05-01,Laptop,Bangalore,64,55000,3520000,149,20,1,0,2,1,11.5,0.9
2025-05-01,Laptop,Chennai,55,55000,3025000,91,20,1,0,5,1,11.5,0.9
2025-05-01,Laptop,Pune,64,55000,3520000,28,20,0,0,5,1,11.5,0.9
2025-05-01,Laptop,Kolkata,52,55000,2860000,49,20,1,0,6,1,11.5,0.9
2025-05-01,Laptop,Ahmedabad,65,55000,3575000,120,20,1,0,3,1,11.5,0.9
2025-05-01,Mobile,Hyderabad,81,20000,1620000,123,30,1,0,3,1,11.5,0.9
2025-05-01,Mobile,Mumbai,95,20000,1900000,60,30,1,0,4,1,11.5,0.9
2025-05-01,Mobile,Delhi,84,20000,1680000,25,30,1,1,3,1,11.5,0.9
2025-05-01,Mobile,Bangalore,86,20000,1720000,38,30,1,0,6,1,11.5,0.9
2025-05-01,Mobile,Chennai,78,20000,1560000,133,30,1,0,2,1,11.5,0.9
2025-05-01,Mobile,Pune,101,20000,2020000,0,30,1,1,3,1,11.5,0.9
2025-05-01,Mobile,Kolkata,92,20000,1840000,101,30,1,0,6,1,11.5,0.9
2025-05-01,Mobile,Ahmedabad,84,20000,1680000,81,30,1,0,6,1,11.5,0.9
2025-05-01,Tablet,Hyderabad,72,30000,2160000,95,25,1,0,7,1,11.5,0.9
2025-05-01,Tablet,Mumbai,37,30000,1110000,37,25,0,0,5,1,11.5,0.9
2025-05-01,Tablet,Delhi,43,30000,1290000,55,25,1,0,2,1,11.5,0.9
2025-05-01,Tablet,Bangalore,49,30000,1470000,39,25,0,0,5,1,11.5,0.9
2025-05-01,Tablet,Chennai,49,30000,1470000,64,25,0,0,7,1,11.5,0.9
2025-05-01,Tablet,Pune,75,30000,2250000,72,25,1,0,5,1,11.5,0.9
2025-05-01,Tablet,Kolkata,46,30000,1380000,55,25,1,0,7,1,11.5,0.9
2025-05-01,Tablet,Ahmedabad,54,30000,1620000,133,25,1,0,6,1,11.5,0.9
2025-05-01,Headphones,Hyderabad,59,3000,177000,124,40,1,0,6,1,11.5,0.9
2025-05-01,Headphones,Mumbai,53,3000,159000,63,40,1,0,4,1,11.5,0.9
2025-05-01,Headphones,Delhi,59,3000,177000,87,40,0,0,4,1,11.5,0.9
2025-05-01,Headphones,Bangalore,72,3000,216000,51,40,1,0,6,1,11.5,0.9
2025-05-01,Headphones,Chennai,72,3000,216000,125,40,1,0,4,1,11.5,0.9
2025-05-01,Headphones,Pune,75,3000,225000,45,40,1,0,4,1,11.5,0.9
2025-05-01,Headphones,Kolkata,76,3000,228000,132,40,1,0,4,1,11.5,0.9
2025-05-01,Headphones,Ahmedabad,91,3000,273000,55,40,1,0,5,1,11.5,0.9
2025-05-01,Smartwatch,Hyderabad,45,8000,360000,38,20,1,0,6,1,11.5,0.9
2025-05-01,Smartwatch,Mumbai,61,8000,488000,40,20,1,0,4,1,11.5,0.9
2025-05-01,Smartwatch,Delhi,45,8000,360000,75,20,0,0,3,1,11.5,0.9
2025-05-01,Smartwatch,Bangalore,35,8000,280000,89,20,1,0,7,1,11.5,0.9
2025-05-01,Smartwatch,Chennai,42,8000,336000,61,20,0,0,3,1,11.5,0.9
2025-05-01,Smartwatch,Pune,40,8000,320000,87,20,1,0,5,1,11.5,0.9
2025-05-01,Smartwatch,Kolkata,51,8000,408000,53,20,1,0,4,1,11.5,0.9
2025-05-01,Smartwatch,Ahmedabad,43,8000,344000,77,20,0,0,6,1,11.5,0.9
2025-05-01,Keyboard,Hyderabad,81,1500,121500,82,35,1,0,3,1,11.5,0.9
2025-05-01,Keyboard,Mumbai,75,1500,112500,90,35,1,0,5,1,11.5,0.9
2025-05-01,Keyboard,Delhi,79,1500,118500,92,35,1,0,3,1,11.5,0.9
2025-05-01,Keyboard,Bangalore,74,1500,111000,112,35,1,0,7,1,11.5,0.9
2025-05-01,Keyboard,Chennai,85,1500,127500,121,35,1,0,7,1,11.5,0.9
2025-05-01,Keyboard,Pune,78,1500,117000,35,35,1,0,7,1,11.5,0.9
2025-05-01,Keyboard,Kolkata,80,1500,120000,118,35,1,0,7,1,11.5,0.9
2025-05-01,Keyboard,Ahmedabad,98,1500,147000,12,35,1,1,7,1,11.5,0.9
2025-05-01,Monitor,Hyderabad,51,18000,918000,99,15,0,0,5,1,11.5,0.9
2025-05-01,Monitor,Mumbai,47,18000,846000,83,15,1,0,3,1,11.5,0.9
2025-05-01,Monitor,Delhi,50,18000,900000,45,15,1,0,4,1,11.5,0.9
2025-05-01,Monitor,Bangalore,43,18000,774000,82,15,0,0,7,1,11.5,0.9
2025-05-01,Monitor,Chennai,44,18000,792000,42,15,0,0,6,1,11.5,0.9
2025-05-01,Monitor,Pune,35,18000,630000,49,15,0,0,3,1,11.5,0.9
2025-05-01,Monitor,Kolkata,44,18000,792000,78,15,1,0,2,1,11.5,0.9
2025-05-01,Monitor,Ahmedabad,38,18000,684000,67,15,0,0,2,1,11.5,0.9
2025-05-01,Mouse,Hyderabad,94,800,75200,128,50,1,0,4,1,11.5,0.9
2025-05-01,Mouse,Mumbai,99,800,79200,0,50,1,1,7,1,11.5,0.9
2025-05-01,Mouse,Delhi,102,800,81600,112,50,1,0,7,1,11.5,0.9
2025-05-01,Mouse,Bangalore,89,800,71200,64,50,1,0,6,1,11.5,0.9
2025-05-01,Mouse,Chennai,89,800,71200,94,50,1,0,5,1,11.5,0.9
2025-05-01,Mouse,Pune,96,800,76800,85,50,1,0,2,1,11.5,0.9
2025-05-01,Mouse,Kolkata,90,800,72000,0,50,1,1,7,1,11.5,0.9
2025-05-01,Mouse,Ahmedabad,96,800,76800,114,50,1,0,4,1,11.5,0.9
2025-05-01,Printer,Hyderabad,34,12000,408000,42,10,0,0,4,1,11.5,0.9
2025-05-01,Printer,Mumbai,43,12000,516000,16,10,0,0,6,1,11.5,0.9
2025-05-01,Printer,Delhi,25,12000,300000,60,10,0,0,4,1,11.5,0.9
2025-05-01,Printer,Bangalore,26,12000,312000,33,10,0,0,2,1,11.5,0.9
2025-05-01,Printer,Chennai,12,12000,144000,107,10,0,0,5,1,11.5,0.9
2025-05-01,Printer,Pune,45,12000,540000,128,10,1,0,3,1,11.5,0.9
2025-05-01,Printer,Kolkata,33,12000,396000,57,10,0,0,2,1,11.5,0.9
2025-05-01,Printer,Ahmedabad,28,12000,336000,84,10,0,0,3,1,11.5,0.9
2025-05-01,Speaker,Hyderabad,63,4000,252000,98,25,1,0,5,1,11.5,0.9
2025-05-01,Speaker,Mumbai,61,4000,244000,58,25,0,0,7,1,11.5,0.9
2025-05-01,Speaker,Delhi,54,4000,216000,45,25,1,0,6,1,11.5,0.9
2025-05-01,Speaker,Bangalore,69,4000,276000,80,25,1,0,2,1,11.5,0.9
2025-05-01,Speaker,Chennai,66,4000,264000,34,25,0,0,6,1,11.5,0.9
2025-05-01,Speaker,Pune,66,4000,264000,37,25,0,0,6,1,11.5,0.9
2025-05-01,Speaker,Kolkata,55,4000,220000,139,25,1,0,5,1,11.5,0.9
2025-05-01,Speaker,Ahmedabad,66,4000,264000,58,25,1,0,6,1,11.5,0.9
2025-05-02,Laptop,Hyderabad,56,55000,3080000,113,20,1,0,3,0,0.0,0.9
2025-05-02,Laptop,Mumbai,36,55000,1980000,105,20,1,0,7,0,0.0,0.9
2025-05-02,Laptop,Delhi,49,55000,2695000,75,20,0,0,3,0,0.0,0.9
2025-05-02,Laptop,Bangalore,38,55000,2090000,111,20,0,0,7,0,0.0,0.9
2025-05-02,Laptop,Chennai,62,55000,3410000,29,20,0,0,6,0,0.0,0.9
2025-05-02,Laptop,Pune,47,55000,2585000,94,20,1,0,7,0,0.0,0.9
2025-05-02,Laptop,Kolkata,55,55000,3025000,102,20,1,0,2,0,0.0,0.9
2025-05-02,Laptop,Ahmedabad,44,55000,2420000,76,20,0,0,6,0,0.0,0.9
2025-05-02,Mobile,Hyderabad,70,20000,1400000,53,30,0,0,5,0,0.0,0.9
2025-05-02,Mobile,Mumbai,73,20000,1460000,98,30,1,0,5,0,0.0,0.9
2025-05-02,Mobile,Delhi,69,20000,1380000,38,30,1,0,4,0,0.0,0.9
2025-05-02,Mobile,Bangalore,74,20000,1480000,37,30,1,0,3,0,0.0,0.9
2025-05-02,Mobile,Chennai,61,20000,1220000,72,30,0,0,4,0,0.0,0.9
2025-05-02,Mobile,Pune,84,20000,1680000,63,30,1,0,5,0,0.0,0.9
2025-05-02,Mobile,Kolkata,64,20000,1280000,37,30,0,0,4,0,0.0,0.9
2025-05-02,Mobile,Ahmedabad,81,20000,1620000,68,30,1,0,6,0,0.0,0.9
2025-05-02,Tablet,Hyderabad,36,30000,1080000,59,25,0,0,7,0,0.0,0.9
2025-05-02,Tablet,Mumbai,42,30000,1260000,70,25,1,0,7,0,0.0,0.9
2025-05-02,Tablet,Delhi,51,30000,1530000,122,25,1,0,7,0,0.0,0.9
2025-05-02,Tablet,Bangalore,47,30000,1410000,46,25,1,0,5,0,0.0,0.9
2025-05-02,Tablet,Chennai,40,30000,1200000,125,25,1,0,7,0,0.0,0.9
2025-05-02,Tablet,Pune,52,30000,1560000,167,25,1,0,4,0,0.0,0.9
2025-05-02,Tablet,Kolkata,39,30000,1170000,99,25,1,0,2,0,0.0,0.9
2025-05-02,Tablet,Ahmedabad,30,30000,900000,103,25,0,0,5,0,0.0,0.9
2025-05-02,Headphones,Hyderabad,64,3000,192000,60,40,0,0,2,0,0.0,0.9
2025-05-02,Headphones,Mumbai,41,3000,123000,143,40,1,0,2,0,0.0,0.9
2025-05-02,Headphones,Delhi,49,3000,147000,125,40,1,0,7,0,0.0,0.9
2025-05-02,Headphones,Bangalore,59,3000,177000,138,40,1,0,6,0,0.0,0.9
2025-05-02,Headphones,Chennai,62,3000,186000,63,40,0,0,6,0,0.0,0.9
2025-05-02,Headphones,Pune,60,3000,180000,112,40,1,0,7,0,0.0,0.9
2025-05-02,Headphones,Kolkata,69,3000,207000,63,40,0,0,6,0,0.0,0.9
2025-05-02,Headphones,Ahmedabad,33,3000,99000,140,40,1,0,7,0,0.0,0.9
2025-05-02,Smartwatch,Hyderabad,35,8000,280000,116,20,1,0,2,0,0.0,0.9
2025-05-02,Smartwatch,Mumbai,32,8000,256000,156,20,1,0,5,0,0.0,0.9
2025-05-02,Smartwatch,Delhi,33,8000,264000,42,20,0,0,2,0,0.0,0.9
2025-05-02,Smartwatch,Bangalore,36,8000,288000,53,20,0,0,3,0,0.0,0.9
2025-05-02,Smartwatch,Chennai,40,8000,320000,21,20,0,0,2,0,0.0,0.9
2025-05-02,Smartwatch,Pune,39,8000,312000,48,20,0,0,5,0,0.0,0.9
2025-05-02,Smartwatch,Kolkata,47,8000,376000,112,20,1,0,5,0,0.0,0.9
2025-05-02,Smartwatch,Ahmedabad,11,8000,88000,66,20,0,0,5,0,0.0,0.9
2025-05-02,Keyboard,Hyderabad,71,1500,106500,78,35,1,0,3,0,0.0,0.9
2025-05-02,Keyboard,Mumbai,58,1500,87000,143,35,1,0,4,0,0.0,0.9
2025-05-02,Keyboard,Delhi,56,1500,84000,36,35,0,0,3,0,0.0,0.9
2025-05-02,Keyboard,Bangalore,43,1500,64500,69,35,0,0,6,0,0.0,0.9
2025-05-02,Keyboard,Chennai,58,1500,87000,63,35,0,0,5,0,0.0,0.9
2025-05-02,Keyboard,Pune,69,1500,103500,96,35,1,0,2,0,0.0,0.9
2025-05-02,Keyboard,Kolkata,65,1500,97500,53,35,0,0,6,0,0.0,0.9
2025-05-02,Keyboard,Ahmedabad,72,1500,108000,57,35,1,0,4,0,0.0,0.9
2025-05-02,Monitor,Hyderabad,39,18000,702000,60,15,0,0,6,0,0.0,0.9
2025-05-02,Monitor,Mumbai,36,18000,648000,47,15,0,0,7,0,0.0,0.9
2025-05-02,Monitor,Delhi,39,18000,702000,154,15,1,0,4,0,0.0,0.9
2025-05-02,Monitor,Bangalore,34,18000,612000,48,15,0,0,3,0,0.0,0.9
2025-05-02,Monitor,Chennai,36,18000,648000,111,15,1,0,4,0,0.0,0.9
2025-05-02,Monitor,Pune,23,18000,414000,26,15,0,0,3,0,0.0,0.9
2025-05-02,Monitor,Kolkata,38,18000,684000,40,15,0,0,3,0,0.0,0.9
2025-05-02,Monitor,Ahmedabad,40,18000,720000,27,15,0,0,3,0,0.0,0.9
2025-05-02,Mouse,Hyderabad,79,800,63200,177,50,1,0,6,0,0.0,0.9
2025-05-02,Mouse,Mumbai,85,800,68000,36,50,1,1,5,0,0.0,0.9
2025-05-02,Mouse,Delhi,83,800,66400,165,50,1,0,4,0,0.0,0.9
2025-05-02,Mouse,Bangalore,79,800,63200,66,50,1,0,2,0,0.0,0.9
2025-05-02,Mouse,Chennai,77,800,61600,97,50,1,0,7,0,0.0,0.9
2025-05-02,Mouse,Pune,84,800,67200,108,50,1,0,5,0,0.0,0.9
2025-05-02,Mouse,Kolkata,80,800,64000,21,50,1,1,4,0,0.0,0.9
2025-05-02,Mouse,Ahmedabad,82,800,65600,162,50,1,0,4,0,0.0,0.9
2025-05-02,Printer,Hyderabad,27,12000,324000,15,10,0,0,2,0,0.0,0.9
2025-05-02,Printer,Mumbai,29,12000,348000,102,10,1,0,6,0,0.0,0.9
2025-05-02,Printer,Delhi,21,12000,252000,39,10,0,0,7,0,0.0,0.9
2025-05-02,Printer,Bangalore,32,12000,384000,66,10,1,0,7,0,0.0,0.9
2025-05-02,Printer,Chennai,41,12000,492000,66,10,0,0,5,0,0.0,0.9
2025-05-02,Printer,Pune,18,12000,216000,110,10,0,0,7,0,0.0,0.9
2025-05-02,Printer,Kolkata,40,12000,480000,17,10,0,0,4,0,0.0,0.9
2025-05-02,Printer,Ahmedabad,27,12000,324000,57,10,0,0,2,0,0.0,0.9
2025-05-02,Speaker,Hyderabad,58,4000,232000,40,25,0,0,5,0,0.0,0.9
2025-05-02,Speaker,Mumbai,45,4000,180000,70,25,1,0,2,0,0.0,0.9
2025-05-02,Speaker,Delhi,49,4000,196000,121,25,1,0,3,0,0.0,0.9
2025-05-02,Speaker,Bangalore,50,4000,200000,30,25,0,0,4,0,0.0,0.9
2025-05-02,Speaker,Chennai,52,4000,208000,128,25,1,0,5,0,0.0,0.9
2025-05-02,Speaker,Pune,51,4000,204000,47,25,1,0,4,0,0.0,0.9
2025-05-02,Speaker,Kolkata,52,4000,208000,87,25,0,0,6,0,0.0,0.9
2025-05-02,Speaker,Ahmedabad,55,4000,220000,66,25,1,0,5,0,0.0,0.9
2025-05-03,Laptop,Hyderabad,51,55000,2805000,62,20,0,0,3,0,0.0,0.9
2025-05-03,Laptop,Mumbai,55,55000,3025000,50,20,0,0,5,0,0.0,0.9
2025-05-03,Laptop,Delhi,59,55000,3245000,126,20,1,0,2,0,0.0,0.9
2025-05-03,Laptop,Bangalore,46,55000,2530000,65,20,0,0,7,0,0.0,0.9
2025-05-03,Laptop,Chennai,67,55000,3685000,36,20,1,0,2,0,0.0,0.9
2025-05-03,Laptop,Pune,38,55000,2090000,56,20,0,0,5,0,0.0,0.9
2025-05-03,Laptop,Kolkata,52,55000,2860000,50,20,0,0,5,0,0.0,0.9
2025-05-03,Laptop,Ahmedabad,56,55000,3080000,20,20,0,0,3,0,0.0,0.9
2025-05-03,Mobile,Hyderabad,90,20000,1800000,100,30,1,0,2,0,0.0,0.9
2025-05-03,Mobile,Mumbai,74,20000,1480000,139,30,1,0,3,0,0.0,0.9
2025-05-03,Mobile,Delhi,71,20000,1420000,91,30,1,0,5,0,0.0,0.9
2025-05-03,Mobile,Bangalore,81,20000,1620000,83,30,1,0,2,0,0.0,0.9
2025-05-03,Mobile,Chennai,83,20000,1660000,87,30,1,0,2,0,0.0,0.9
2025-05-03,Mobile,Pune,88,20000,1760000,74,30,1,0,6,0,0.0,0.9
2025-05-03,Mobile,Kolkata,81,20000,1620000,49,30,1,0,6,0,0.0,0.9
2025-05-03,Mobile,Ahmedabad,76,20000,1520000,91,30,1,0,5,0,0.0,0.9
2025-05-03,Tablet,Hyderabad,32,30000,960000,27,25,0,0,4,0,0.0,0.9
2025-05-03,Tablet,Mumbai,46,30000,1380000,91,25,1,0,3,0,0.0,0.9
2025-05-03,Tablet,Delhi,45,30000,1350000,77,25,0,0,5,0,0.0,0.9
2025-05-03,Tablet,Bangalore,34,30000,1020000,72,25,1,0,6,0,0.0,0.9
2025-05-03,Tablet,Chennai,34,30000,1020000,91,25,0,0,2,0,0.0,0.9
2025-05-03,Tablet,Pune,44,30000,1320000,123,25,0,0,6,0,0.0,0.9
2025-05-03,Tablet,Kolkata,40,30000,1200000,59,25,0,0,4,0,0.0,0.9
2025-05-03,Tablet,Ahmedabad,36,30000,1080000,67,25,0,0,5,0,0.0,0.9
2025-05-03,Headphones,Hyderabad,52,3000,156000,130,40,1,0,3,0,0.0,0.9
2025-05-03,Headphones,Mumbai,48,3000,144000,95,40,0,0,5,0,0.0,0.9
2025-05-03,Headphones,Delhi,60,3000,180000,65,40,0,0,7,0,0.0,0.9
2025-05-03,Headphones,Bangalore,48,3000,144000,90,40,0,0,5,0,0.0,0.9
2025-05-03,Headphones,Chennai,64,3000,192000,76,40,1,0,5,0,0.0,0.9
2025-05-03,Headphones,Pune,62,3000,186000,50,40,0,0,7,0,0.0,0.9
2025-05-03,Headphones,Kolkata,65,3000,195000,128,40,1,0,4,0,0.0,0.9
2025-05-03,Headphones,Ahmedabad,66,3000,198000,74,40,0,0,3,0,0.0,0.9
2025-05-03,Smartwatch,Hyderabad,40,8000,320000,76,20,0,0,2,0,0.0,0.9
2025-05-03,Smartwatch,Mumbai,20,8000,160000,136,20,0,0,3,0,0.0,0.9
2025-05-03,Smartwatch,Delhi,23,8000,184000,158,20,1,0,4,0,0.0,0.9
2025-05-03,Smartwatch,Bangalore,33,8000,264000,20,20,0,0,5,0,0.0,0.9
2025-05-03,Smartwatch,Chennai,38,8000,304000,56,20,1,0,7,0,0.0,0.9
2025-05-03,Smartwatch,Pune,24,8000,192000,24,20,0,0,6,0,0.0,0.9
2025-05-03,Smartwatch,Kolkata,47,8000,376000,65,20,0,0,5,0,0.0,0.9
2025-05-03,Smartwatch,Ahmedabad,42,8000,336000,24,20,0,0,6,0,0.0,0.9
2025-05-03,Keyboard,Hyderabad,66,1500,99000,124,35,1,0,4,0,0.0,0.9
2025-05-03,Keyboard,Mumbai,55,1500,82500,88,35,0,0,4,0,0.0,0.9
2025-05-03,Keyboard,Delhi,61,1500,91500,122,35,1,0,2,0,0.0,0.9
2025-05-03,Keyboard,Bangalore,52,1500,78000,96,35,1,0,3,0,0.0,0.9
2025-05-03,Keyboard,Chennai,70,1500,105000,87,35,1,0,6,0,0.0,0.9
2025-05-03,Keyboard,Pune,64,1500,96000,84,35,1,0,4,0,0.0,0.9
2025-05-03,Keyboard,Kolkata,68,1500,102000,51,35,1,0,2,0,0.0,0.9
2025-05-03,Keyboard,Ahmedabad,70,1500,105000,77,35,1,0,2,0,0.0,0.9
2025-05-03,Monitor,Hyderabad,40,18000,720000,20,15,0,0,2,0,0.0,0.9
2025-05-03,Monitor,Mumbai,39,18000,702000,134,15,1,0,2,0,0.0,0.9
2025-05-03,Monitor,Delhi,48,18000,864000,106,15,0,0,2,0,0.0,0.9
2025-05-03,Monitor,Bangalore,26,18000,468000,22,15,0,0,2,0,0.0,0.9
2025-05-03,Monitor,Chennai,42,18000,756000,69,15,0,0,5,0,0.0,0.9
2025-05-03,Monitor,Pune,55,18000,990000,64,15,1,0,7,0,0.0,0.9
2025-05-03,Monitor,Kolkata,33,18000,594000,64,15,1,0,3,0,0.0,0.9
2025-05-03,Monitor,Ahmedabad,46,18000,828000,83,15,1,0,5,0,0.0,0.9
2025-05-03,Mouse,Hyderabad,67,800,53600,110,50,0,0,6,0,0.0,0.9
2025-05-03,Mouse,Mumbai,73,800,58400,98,50,1,0,2,0,0.0,0.9
2025-05-03,Mouse,Delhi,74,800,59200,91,50,0,0,3,0,0.0,0.9
2025-05-03,Mouse,Bangalore,78,800,62400,68,50,1,0,2,0,0.0,0.9
2025-05-03,Mouse,Chennai,81,800,64800,89,50,1,0,5,0,0.0,0.9
2025-05-03,Mouse,Pune,86,800,68800,131,50,1,0,7,0,0.0,0.9
2025-05-03,Mouse,Kolkata,83,800,66400,78,50,1,0,5,0,0.0,0.9
2025-05-03,Mouse,Ahmedabad,86,800,68800,76,50,0,0,5,0,0.0,0.9
2025-05-03,Printer,Hyderabad,30,12000,360000,78,10,1,0,5,0,0.0,0.9
2025-05-03,Printer,Mumbai,29,12000,348000,73,10,0,0,2,0,0.0,0.9
2025-05-03,Printer,Delhi,30,12000,360000,156,10,1,0,6,0,0.0,0.9
2025-05-03,Printer,Bangalore,21,12000,252000,45,10,0,0,2,0,0.0,0.9
2025-05-03,Printer,Chennai,22,12000,264000,44,10,0,0,5,0,0.0,0.9
2025-05-03,Printer,Pune,22,12000,264000,88,10,0,0,5,0,0.0,0.9
2025-05-03,Printer,Kolkata,28,12000,336000,44,10,1,0,5,0,0.0,0.9
2025-05-03,Printer,Ahmedabad,25,12000,300000,32,10,0,0,3,0,0.0,0.9
2025-05-03,Speaker,Hyderabad,57,4000,228000,105,25,1,0,2,0,0.0,0.9
2025-05-03,Speaker,Mumbai,49,4000,196000,105,25,1,0,4,0,0.0,0.9
2025-05-03,Speaker,Delhi,52,4000,208000,69,25,0,0,5,0,0.0,0.9
2025-05-03,Speaker,Bangalore,46,4000,184000,36,25,1,0,6,0,0.0,0.9
2025-05-03,Speaker,Chennai,41,4000,164000,87,25,0,0,7,0,0.0,0.9
2025-05-03,Speaker,Pune,54,4000,216000,132,25,1,0,4,0,0.0,0.9
2025-05-03,Speaker,Kolkata,54,4000,216000,33,25,0,0,6,0,0.0,0.9
2025-05-03,Speaker,Ahmedabad,52,4000,208000,164,25,1,0,3,0,0.0,0.9
2025-05-04,Laptop,Hyderabad,50,55000,2750000,158,20,1,0,2,0,0.0,0.9
2025-05-04,Laptop,Mumbai,69,55000,3795000,81,20,1,0,3,0,0.0,0.9
2025-05-04,Laptop,Delhi,34,55000,1870000,92,20,0,0,2,0,0.0,0.9
2025-05-04,Laptop,Bangalore,49,55000,2695000,129,20,1,0,2,0,0.0,0.9
2025-05-04,Laptop,Chennai,45,55000,2475000,132,20,1,0,5,0,0.0,0.9
2025-05-04,Laptop,Pune,54,55000,2970000,139,20,1,0,5,0,0.0,0.9
2025-05-04,Laptop,Kolkata,49,55000,2695000,63,20,1,0,2,0,0.0,0.9
2025-05-04,Laptop,Ahmedabad,40,55000,2200000,34,20,1,0,3,0,0.0,0.9
2025-05-04,Mobile,Hyderabad,63,20000,1260000,37,30,0,0,3,0,0.0,0.9
2025-05-04,Mobile,Mumbai,63,20000,1260000,76,30,0,0,4,0,0.0,0.9
2025-05-04,Mobile,Delhi,80,20000,1600000,120,30,1,0,2,0,0.0,0.9
2025-05-04,Mobile,Bangalore,64,20000,1280000,89,30,1,0,3,0,0.0,0.9
2025-05-04,Mobile,Chennai,66,20000,1320000,132,30,1,0,4,0,0.0,0.9
2025-05-04,Mobile,Pune,52,20000,1040000,141,30,1,0,3,0,0.0,0.9
2025-05-04,Mobile,Kolkata,61,20000,1220000,77,30,1,0,4,0,0.0,0.9
2025-05-04,Mobile,Ahmedabad,67,20000,1340000,161,30,1,0,3,0,0.0,0.9
2025-05-04,Tablet,Hyderabad,46,30000,1380000,114,25,1,0,5,0,0.0,0.9
2025-05-04,Tablet,Mumbai,58,30000,1740000,33,25,0,0,3,0,0.0,0.9
2025-05-04,Tablet,Delhi,28,30000,840000,49,25,0,0,3,0,0.0,0.9
2025-05-04,Tablet,Bangalore,51,30000,1530000,97,25,1,0,6,0,0.0,0.9
2025-05-04,Tablet,Chennai,23,30000,690000,68,25,0,0,5,0,0.0,0.9
2025-05-04,Tablet,Pune,48,30000,1440000,75,25,0,0,5,0,0.0,0.9
2025-05-04,Tablet,Kolkata,46,30000,1380000,67,25,1,0,6,0,0.0,0.9
2025-05-04,Tablet,Ahmedabad,45,30000,1350000,138,25,1,0,5,0,0.0,0.9
2025-05-04,Headphones,Hyderabad,48,3000,144000,82,40,0,0,7,0,0.0,0.9
2025-05-04,Headphones,Mumbai,55,3000,165000,40,40,0,0,2,0,0.0,0.9
2025-05-04,Headphones,Delhi,68,3000,204000,132,40,1,0,3,0,0.0,0.9
2025-05-04,Headphones,Bangalore,57,3000,171000,125,40,1,0,5,0,0.0,0.9
2025-05-04,Headphones,Chennai,51,3000,153000,132,40,1,0,4,0,0.0,0.9
2025-05-04,Headphones,Pune,66,3000,198000,53,40,1,0,2,0,0.0,0.9
2025-05-04,Headphones,Kolkata,53,3000,159000,75,40,0,0,6,0,0.0,0.9
2025-05-04,Headphones,Ahmedabad,64,3000,192000,98,40,1,0,2,0,0.0,0.9
2025-05-04,Smartwatch,Hyderabad,25,8000,200000,51,20,0,0,4,0,0.0,0.9
2025-05-04,Smartwatch,Mumbai,37,8000,296000,99,20,0,0,6,0,0.0,0.9
2025-05-04,Smartwatch,Delhi,27,8000,216000,131,20,0,0,2,0,0.0,0.9
2025-05-04,Smartwatch,Bangalore,42,8000,336000,59,20,1,0,2,0,0.0,0.9
2025-05-04,Smartwatch,Chennai,35,8000,280000,21,20,0,0,2,0,0.0,0.9
2025-05-04,Smartwatch,Pune,38,8000,304000,71,20,1,0,7,0,0.0,0.9
2025-05-04,Smartwatch,Kolkata,32,8000,256000,33,20,0,0,5,0,0.0,0.9
2025-05-04,Smartwatch,Ahmedabad,30,8000,240000,141,20,1,0,6,0,0.0,0.9
2025-05-04,Keyboard,Hyderabad,66,1500,99000,58,35,0,0,4,0,0.0,0.9
2025-05-04,Keyboard,Mumbai,59,1500,88500,144,35,1,0,6,0,0.0,0.9
2025-05-04,Keyboard,Delhi,53,1500,79500,69,35,0,0,2,0,0.0,0.9
2025-05-04,Keyboard,Bangalore,72,1500,108000,93,35,1,0,7,0,0.0,0.9
2025-05-04,Keyboard,Chennai,61,1500,91500,169,35,1,0,3,0,0.0,0.9
2025-05-04,Keyboard,Pune,57,1500,85500,154,35,1,0,2,0,0.0,0.9
2025-05-04,Keyboard,Kolkata,69,1500,103500,65,35,1,0,4,0,0.0,0.9
2025-05-04,Keyboard,Ahmedabad,47,1500,70500,112,35,1,0,6,0,0.0,0.9
2025-05-04,Monitor,Hyderabad,47,18000,846000,25,15,1,0,7,0,0.0,0.9
2025-05-04,Monitor,Mumbai,51,18000,918000,83,15,0,0,7,0,0.0,0.9
2025-05-04,Monitor,Delhi,28,18000,504000,78,15,0,0,4,0,0.0,0.9
2025-05-04,Monitor,Bangalore,51,18000,918000,86,15,1,0,5,0,0.0,0.9
2025-05-04,Monitor,Chennai,45,18000,810000,24,15,0,0,5,0,0.0,0.9
2025-05-04,Monitor,Pune,34,18000,612000,30,15,0,0,2,0,0.0,0.9
2025-05-04,Monitor,Kolkata,36,18000,648000,28,15,0,0,4,0,0.0,0.9
2025-05-04,Monitor,Ahmedabad,41,18000,738000,42,15,0,0,4,0,0.0,0.9
2025-05-04,Mouse,Hyderabad,85,800,68000,171,50,1,0,7,0,0.0,0.9
2025-05-04,Mouse,Mumbai,70,800,56000,139,50,1,0,6,0,0.0,0.9
2025-05-04,Mouse,Delhi,92,800,73600,88,50,1,0,6,0,0.0,0.9
2025-05-04,Mouse,Bangalore,76,800,60800,97,50,1,0,5,0,0.0,0.9
2025-05-04,Mouse,Chennai,86,800,68800,101,50,1,0,5,0,0.0,0.9
2025-05-04,Mouse,Pune,84,800,67200,167,50,1,0,6,0,0.0,0.9
2025-05-04,Mouse,Kolkata,88,800,70400,139,50,1,0,6,0,0.0,0.9
2025-05-04,Mouse,Ahmedabad,67,800,53600,124,50,1,0,7,0,0.0,0.9
2025-05-04,Printer,Hyderabad,17,12000,204000,61,10,0,0,3,0,0.0,0.9
2025-05-04,Printer,Mumbai,22,12000,264000,51,10,0,0,6,0,0.0,0.9
2025-05-04,Printer,Delhi,32,12000,384000,124,10,0,0,7,0,0.0,0.9
2025-05-04,Printer,Bangalore,22,12000,264000,23,10,0,0,2,0,0.0,0.9
2025-05-04,Printer,Chennai,28,12000,336000,16,10,0,0,5,0,0.0,0.9
2025-05-04,Printer,Pune,34,12000,408000,54,10,0,0,6,0,0.0,0.9
2025-05-04,Printer,Kolkata,25,12000,300000,19,10,0,0,3,0,0.0,0.9
2025-05-04,Printer,Ahmedabad,26,12000,312000,113,10,1,0,7,0,0.0,0.9
2025-05-04,Speaker,Hyderabad,44,4000,176000,61,25,0,0,2,0,0.0,0.9
2025-05-04,Speaker,Mumbai,71,4000,284000,34,25,0,0,4,0,0.0,0.9
2025-05-04,Speaker,Delhi,55,4000,220000,75,25,1,0,5,0,0.0,0.9
2025-05-04,Speaker,Bangalore,52,4000,208000,57,25,1,0,3,0,0.0,0.9
2025-05-04,Speaker,Chennai,57,4000,228000,30,25,0,0,7,0,0.0,0.9
2025-05-04,Speaker,Pune,54,4000,216000,78,25,0,0,3,0,0.0,0.9
2025-05-04,Speaker,Kolkata,36,4000,144000,96,25,1,0,3,0,0.0,0.9
2025-05-04,Speaker,Ahmedabad,52,4000,208000,112,25,0,0,7,0,0.0,0.9
2025-05-05,Laptop,Hyderabad,53,55000,2915000,105,20,0,0,4,0,0.0,0.9
2025-05-05,Laptop,Mumbai,51,55000,2805000,30,20,0,0,2,0,0.0,0.9
2025-05-05,Laptop,Delhi,51,55000,2805000,41,20,0,0,7,0,0.0,0.9
2025-05-05,Laptop,Bangalore,38,55000,2090000,91,20,0,0,2,0,0.0,0.9
2025-05-05,Laptop,Chennai,39,55000,2145000,93,20,0,0,6,0,0.0,0.9
2025-05-05,Laptop,Pune,66,55000,3630000,73,20,0,0,6,0,0.0,0.9
2025-05-05,Laptop,Kolkata,41,55000,2255000,22,20,0,0,3,0,0.0,0.9
2025-05-05,Laptop,Ahmedabad,38,55000,2090000,72,20,1,0,6,0,0.0,0.9
2025-05-05,Mobile,Hyderabad,93,20000,1860000,22,30,1,1,7,0,0.0,0.9
2025-05-05,Mobile,Mumbai,66,20000,1320000,97,30,1,0,2,0,0.0,0.9
2025-05-05,Mobile,Delhi,52,20000,1040000,68,30,0,0,3,0,0.0,0.9
2025-05-05,Mobile,Bangalore,71,20000,1420000,102,30,1,0,6,0,0.0,0.9
2025-05-05,Mobile,Chennai,54,20000,1080000,78,30,0,0,4,0,0.0,0.9
2025-05-05,Mobile,Pune,56,20000,1120000,85,30,0,0,3,0,0.0,0.9
2025-05-05,Mobile,Kolkata,77,20000,1540000,132,30,1,0,6,0,0.0,0.9
2025-05-05,Mobile,Ahmedabad,81,20000,1620000,80,30,0,0,5,0,0.0,0.9
2025-05-05,Tablet,Hyderabad,38,30000,1140000,76,25,0,0,5,0,0.0,0.9
2025-05-05,Tablet,Mumbai,35,30000,1050000,53,25,1,0,7,0,0.0,0.9
2025-05-05,Tablet,Delhi,27,30000,810000,121,25,1,0,7,0,0.0,0.9
2025-05-05,Tablet,Bangalore,46,30000,1380000,51,25,0,0,3,0,0.0,0.9
2025-05-05,Tablet,Chennai,55,30000,1650000,141,25,1,0,5,0,0.0,0.9
2025-05-05,Tablet,Pune,60,30000,1800000,85,25,1,0,3,0,0.0,0.9
2025-05-05,Tablet,Kolkata,42,30000,1260000,25,25,0,0,7,0,0.0,0.9
2025-05-05,Tablet,Ahmedabad,40,30000,1200000,98,25,0,0,7,0,0.0,0.9
2025-05-05,Headphones,Hyderabad,55,3000,165000,129,40,1,0,2,0,0.0,0.9
2025-05-05,Headphones,Mumbai,55,3000,165000,74,40,1,0,2,0,0.0,0.9
2025-05-05,Headphones,Delhi,50,3000,150000,82,40,0,0,4,0,0.0,0.9
2025-05-05,Headphones,Bangalore,57,3000,171000,68,40,0,0,2,0,0.0,0.9
2025-05-05,Headphones,Chennai,57,3000,171000,75,40,0,0,7,0,0.0,0.9
2025-05-05,Headphones,Pune,74,3000,222000,58,40,1,0,5,0,0.0,0.9
2025-05-05,Headphones,Kolkata,61,3000,183000,96,40,1,0,4,0,0.0,0.9
2025-05-05,Headphones,Ahmedabad,62,3000,186000,150,40,1,0,3,0,0.0,0.9
2025-05-05,Smartwatch,Hyderabad,39,8000,312000,157,20,1,0,3,0,0.0,0.9
2025-05-05,Smartwatch,Mumbai,33,8000,264000,66,20,0,0,5,0,0.0,0.9
2025-05-05,Smartwatch,Delhi,36,8000,288000,95,20,0,0,5,0,0.0,0.9
2025-05-05,Smartwatch,Bangalore,47,8000,376000,62,20,1,0,3,0,0.0,0.9
2025-05-05,Smartwatch,Chennai,31,8000,248000,89,20,1,0,4,0,0.0,0.9
2025-05-05,Smartwatch,Pune,39,8000,312000,32,20,0,0,5,0,0.0,0.9
2025-05-05,Smartwatch,Kolkata,39,8000,312000,131,20,1,0,3,0,0.0,0.9
2025-05-05,Smartwatch,Ahmedabad,26,8000,208000,115,20,0,0,2,0,0.0,0.9
2025-05-05,Keyboard,Hyderabad,59,1500,88500,144,35,1,0,2,0,0.0,0.9
2025-05-05,Keyboard,Mumbai,60,1500,90000,84,35,0,0,4,0,0.0,0.9
2025-05-05,Keyboard,Delhi,70,1500,105000,132,35,1,0,4,0,0.0,0.9
2025-05-05,Keyboard,Bangalore,63,1500,94500,164,35,1,0,2,0,0.0,0.9
2025-05-05,Keyboard,Chennai,59,1500,88500,110,35,0,0,5,0,0.0,0.9
2025-05-05,Keyboard,Pune,79,1500,118500,75,35,0,0,6,0,0.0,0.9
2025-05-05,Keyboard,Kolkata,59,1500,88500,80,35,1,0,3,0,0.0,0.9
2025-05-05,Keyboard,Ahmedabad,60,1500,90000,52,35,0,0,6,0,0.0,0.9
2025-05-05,Monitor,Hyderabad,51,18000,918000,122,15,1,0,5,0,0.0,0.9
2025-05-05,Monitor,Mumbai,46,18000,828000,37,15,0,0,6,0,0.0,0.9
2025-05-05,Monitor,Delhi,45,18000,810000,33,15,0,0,6,0,0.0,0.9
2025-05-05,Monitor,Bangalore,41,18000,738000,45,15,0,0,6,0,0.0,0.9
2025-05-05,Monitor,Chennai,27,18000,486000,54,15,1,0,2,0,0.0,0.9
2025-05-05,Monitor,Pune,33,18000,594000,54,15,1,0,3,0,0.0,0.9
2025-05-05,Monitor,Kolkata,31,18000,558000,123,15,1,0,6,0,0.0,0.9
2025-05-05,Monitor,Ahmedabad,41,18000,738000,78,15,1,0,6,0,0.0,0.9
2025-05-05,Mouse,Hyderabad,88,800,70400,83,50,0,0,3,0,0.0,0.9
2025-05-05,Mouse,Mumbai,71,800,56800,68,50,0,0,3,0,0.0,0.9
2025-05-05,Mouse,Delhi,72,800,57600,96,50,1,0,3,0,0.0,0.9
2025-05-05,Mouse,Bangalore,72,800,57600,111,50,1,0,3,0,0.0,0.9
2025-05-05,Mouse,Chennai,80,800,64000,99,50,1,0,7,0,0.0,0.9
2025-05-05,Mouse,Pune,75,800,60000,92,50,0,0,5,0,0.0,0.9
2025-05-05,Mouse,Kolkata,76,800,60800,63,50,0,0,4,0,0.0,0.9
2025-05-05,Mouse,Ahmedabad,90,800,72000,183,50,1,0,5,0,0.0,0.9
2025-05-05,Printer,Hyderabad,20,12000,240000,41,10,0,0,5,0,0.0,0.9
2025-05-05,Printer,Mumbai,21,12000,252000,30,10,0,0,4,0,0.0,0.9
2025-05-05,Printer,Delhi,42,12000,504000,82,10,0,0,6,0,0.0,0.9
2025-05-05,Printer,Bangalore,22,12000,264000,114,10,1,0,5,0,0.0,0.9
2025-05-05,Printer,Chennai,37,12000,444000,106,10,1,0,3,0,0.0,0.9
2025-05-05,Printer,Pune,32,12000,384000,22,10,0,0,4,0,0.0,0.9
2025-05-05,Printer,Kolkata,34,12000,408000,51,10,1,0,3,0,0.0,0.9
2025-05-05,Printer,Ahmedabad,21,12000,252000,92,10,0,0,7,0,0.0,0.9
2025-05-05,Speaker,Hyderabad,47,4000,188000,130,25,1,0,2,0,0.0,0.9
2025-05-05,Speaker,Mumbai,54,4000,216000,110,25,1,0,3,0,0.0,0.9
2025-05-05,Speaker,Delhi,52,4000,208000,118,25,1,0,7,0,0.0,0.9
2025-05-05,Speaker,Bangalore,60,4000,240000,103,25,1,0,7,0,0.0,0.9
2025-05-05,Speaker,Chennai,37,4000,148000,88,25,1,0,7,0,0.0,0.9
2025-05-05,Speaker,Pune,54,4000,216000,127,25,1,0,6,0,0.0,0.9
2025-05-05,Speaker,Kolkata,48,4000,192000,48,25,0,0,7,0,0.0,0.9
2025-05-05,Speaker,Ahmedabad,71,4000,284000,41,25,0,0,2,0,0.0,0.9
2025-05-06,Laptop,Hyderabad,55,55000,3025000,50,20,0,0,7,0,0.0,0.9
2025-05-06,Laptop,Mumbai,46,55000,2530000,35,20,1,0,2,0,0.0,0.9
2025-05-06,Laptop,Delhi,51,55000,2805000,97,20,1,0,4,0,0.0,0.9
2025-05-06,Laptop,Bangalore,49,55000,2695000,42,20,0,0,7,0,0.0,0.9
2025-05-06,Laptop,Chennai,50,55000,2750000,43,20,0,0,3,0,0.0,0.9
2025-05-06,Laptop,Pune,60,55000,3300000,88,20,1,0,6,0,0.0,0.9
2025-05-06,Laptop,Kolkata,52,55000,2860000,22,20,1,0,2,0,0.0,0.9
2025-05-06,Laptop,Ahmedabad,50,55000,2750000,22,20,0,0,4,0,0.0,0.9
2025-05-06,Mobile,Hyderabad,61,20000,1220000,38,30,1,0,5,0,0.0,0.9
2025-05-06,Mobile,Mumbai,67,20000,1340000,30,30,0,0,3,0,0.0,0.9
2025-05-06,Mobile,Delhi,69,20000,1380000,137,30,1,0,6,0,0.0,0.9
2025-05-06,Mobile,Bangalore,74,20000,1480000,115,30,1,0,5,0,0.0,0.9
2025-05-06,Mobile,Chennai,75,20000,1500000,96,30,1,0,3,0,0.0,0.9
2025-05-06,Mobile,Pune,66,20000,1320000,151,30,1,0,2,0,0.0,0.9
2025-05-06,Mobile,Kolkata,79,20000,1580000,53,30,0,0,7,0,0.0,0.9
2025-05-06,Mobile,Ahmedabad,78,20000,1560000,112,30,1,0,4,0,0.0,0.9
2025-05-06,Tablet,Hyderabad,63,30000,1890000,88,25,1,0,5,0,0.0,0.9
2025-05-06,Tablet,Mumbai,42,30000,1260000,118,25,1,0,2,0,0.0,0.9
2025-05-06,Tablet,Delhi,30,30000,900000,91,25,0,0,5,0,0.0,0.9
2025-05-06,Tablet,Bangalore,41,30000,1230000,86,25,1,0,2,0,0.0,0.9
2025-05-06,Tablet,Chennai,51,30000,1530000,90,25,0,0,2,0,0.0,0.9
2025-05-06,Tablet,Pune,44,30000,1320000,41,25,0,0,3,0,0.0,0.9
2025-05-06,Tablet,Kolkata,34,30000,1020000,107,25,1,0,3,0,0.0,0.9
2025-05-06,Tablet,Ahmedabad,44,30000,1320000,54,25,0,0,7,0,0.0,0.9
2025-05-06,Headphones,Hyderabad,69,3000,207000,60,40,0,0,4,0,0.0,0.9
2025-05-06,Headphones,Mumbai,50,3000,150000,157,40,1,0,3,0,0.0,0.9
2025-05-06,Headphones,Delhi,53,3000,159000,122,40,1,0,5,0,0.0,0.9
2025-05-06,Headphones,Bangalore,67,3000,201000,116,40,1,0,3,0,0.0,0.9
2025-05-06,Headphones,Chennai,52,3000,156000,162,40,1,0,5,0,0.0,0.9
2025-05-06,Headphones,Pune,65,3000,195000,53,40,1,0,2,0,0.0,0.9
2025-05-06,Headphones,Kolkata,54,3000,162000,42,40,0,0,4,0,0.0,0.9
2025-05-06,Headphones,Ahmedabad,58,3000,174000,92,40,0,0,3,0,0.0,0.9
2025-05-06,Smartwatch,Hyderabad,28,8000,224000,129,20,0,0,2,0,0.0,0.9
2025-05-06,Smartwatch,Mumbai,31,8000,248000,35,20,0,0,4,0,0.0,0.9
2025-05-06,Smartwatch,Delhi,41,8000,328000,54,20,0,0,5,0,0.0,0.9
2025-05-06,Smartwatch,Bangalore,41,8000,328000,21,20,0,0,7,0,0.0,0.9
2025-05-06,Smartwatch,Chennai,30,8000,240000,59,20,0,0,7,0,0.0,0.9
2025-05-06,Smartwatch,Pune,33,8000,264000,104,20,1,0,4,0,0.0,0.9
2025-05-06,Smartwatch,Kolkata,33,8000,264000,98,20,0,0,7,0,0.0,0.9
2025-05-06,Smartwatch,Ahmedabad,41,8000,328000,74,20,0,0,6,0,0.0,0.9
2025-05-06,Keyboard,Hyderabad,55,1500,82500,89,35,0,0,6,0,0.0,0.9
2025-05-06,Keyboard,Mumbai,61,1500,91500,147,35,1,0,6,0,0.0,0.9
2025-05-06,Keyboard,Delhi,60,1500,90000,72,35,0,0,3,0,0.0,0.9
2025-05-06,Keyboard,Bangalore,65,1500,97500,99,35,0,0,7,0,0.0,0.9
2025-05-06,Keyboard,Chennai,59,1500,88500,51,35,0,0,5,0,0.0,0.9
2025-05-06,Keyboard,Pune,51,1500,76500,171,35,1,0,3,0,0.0,0.9
2025-05-06,Keyboard,Kolkata,72,1500,108000,61,35,1,0,2,0,0.0,0.9
2025-05-06,Keyboard,Ahmedabad,73,1500,109500,111,35,1,0,4,0,0.0,0.9
2025-05-06,Monitor,Hyderabad,26,18000,468000,96,15,0,0,2,0,0.0,0.9
2025-05-06,Monitor,Mumbai,45,18000,810000,126,15,1,0,4,0,0.0,0.9
2025-05-06,Monitor,Delhi,30,18000,540000,116,15,1,0,3,0,0.0,0.9
2025-05-06,Monitor,Bangalore,47,18000,846000,134,15,1,0,5,0,0.0,0.9
2025-05-06,Monitor,Chennai,48,18000,864000,132,15,1,0,6,0,0.0,0.9
2025-05-06,Monitor,Pune,26,18000,468000,28,15,0,0,3,0,0.0,0.9
2025-05-06,Monitor,Kolkata,32,18000,576000,91,15,0,0,6,0,0.0,0.9
2025-05-06,Monitor,Ahmedabad,55,18000,990000,23,15,0,0,4,0,0.0,0.9
2025-05-06,Mouse,Hyderabad,88,800,70400,48,50,1,1,4,0,0.0,0.9
2025-05-06,Mouse,Mumbai,85,800,68000,41,50,1,1,7,0,0.0,0.9
2025-05-06,Mouse,Delhi,78,800,62400,85,50,1,0,7,0,0.0,0.9
2025-05-06,Mouse,Bangalore,73,800,58400,121,50,1,0,7,0,0.0,0.9
2025-05-06,Mouse,Chennai,72,800,57600,152,50,1,0,7,0,0.0,0.9
2025-05-06,Mouse,Pune,80,800,64000,80,50,1,0,4,0,0.0,0.9
2025-05-06,Mouse,Kolkata,84,800,67200,56,50,1,0,5,0,0.0,0.9
2025-05-06,Mouse,Ahmedabad,78,800,62400,105,50,0,0,5,0,0.0,0.9
2025-05-06,Printer,Hyderabad,33,12000,396000,105,10,1,0,3,0,0.0,0.9
2025-05-06,Printer,Mumbai,14,12000,168000,16,10,0,0,6,0,0.0,0.9
2025-05-06,Printer,Delhi,18,12000,216000,64,10,0,0,3,0,0.0,0.9
2025-05-06,Printer,Bangalore,34,12000,408000,80,10,0,0,2,0,0.0,0.9
2025-05-06,Printer,Chennai,21,12000,252000,85,10,0,0,3,0,0.0,0.9
2025-05-06,Printer,Pune,38,12000,456000,101,10,1,0,2,0,0.0,0.9
2025-05-06,Printer,Kolkata,37,12000,444000,14,10,0,0,6,0,0.0,0.9
2025-05-06,Printer,Ahmedabad,18,12000,216000,74,10,0,0,5,0,0.0,0.9
2025-05-06,Speaker,Hyderabad,60,4000,240000,70,25,0,0,6,0,0.0,0.9
2025-05-06,Speaker,Mumbai,45,4000,180000,65,25,0,0,6,0,0.0,0.9
2025-05-06,Speaker,Delhi,56,4000,224000,62,25,0,0,6,0,0.0,0.9
2025-05-06,Speaker,Bangalore,39,4000,156000,64,25,0,0,6,0,0.0,0.9
2025-05-06,Speaker,Chennai,46,4000,184000,42,25,0,0,4,0,0.0,0.9
2025-05-06,Speaker,Pune,37,4000,148000,90,25,0,0,6,0,0.0,0.9
2025-05-06,Speaker,Kolkata,66,4000,264000,70,25,1,0,6,0,0.0,0.9
2025-05-06,Speaker,Ahmedabad,41,4000,164000,82,25,1,0,2,0,0.0,0.9
2025-05-07,Laptop,Hyderabad,53,55000,2915000,132,20,1,0,4,0,0.0,0.9
2025-05-07,Laptop,Mumbai,60,55000,3300000,81,20,1,0,4,0,0.0,0.9
2025-05-07,Laptop,Delhi,68,55000,3740000,29,20,0,0,5,0,0.0,0.9
2025-05-07,Laptop,Bangalore,46,55000,2530000,132,20,1,0,2,0,0.0,0.9
2025-05-07,Laptop,Chennai,34,55000,1870000,114,20,1,0,4,0,0.0,0.9
2025-05-07,Laptop,Pune,48,55000,2640000,40,20,0,0,3,0,0.0,0.9
2025-05-07,Laptop,Kolkata,51,55000,2805000,33,20,1,0,7,0,0.0,0.9
2025-05-07,Laptop,Ahmedabad,50,55000,2750000,120,20,1,0,4,0,0.0,0.9
2025-05-07,Mobile,Hyderabad,50,20000,1000000,85,30,1,0,2,0,0.0,0.9
2025-05-07,Mobile,Mumbai,71,20000,1420000,30,30,1,0,3,0,0.0,0.9
2025-05-07,Mobile,Delhi,59,20000,1180000,78,30,0,0,3,0,0.0,0.9
2025-05-07,Mobile,Bangalore,83,20000,1660000,32,30,0,0,4,0,0.0,0.9
2025-05-07,Mobile,Chennai,68,20000,1360000,153,30,1,0,2,0,0.0,0.9
2025-05-07,Mobile,Pune,61,20000,1220000,90,30,0,0,7,0,0.0,0.9
2025-05-07,Mobile,Kolkata,66,20000,1320000,64,30,1,0,2,0,0.0,0.9
2025-05-07,Mobile,Ahmedabad,66,20000,1320000,46,30,0,0,7,0,0.0,0.9
2025-05-07,Tablet,Hyderabad,31,30000,930000,57,25,0,0,5,0,0.0,0.9
2025-05-07,Tablet,Mumbai,44,30000,1320000,74,25,0,0,5,0,0.0,0.9
2025-05-07,Tablet,Delhi,43,30000,1290000,48,25,0,0,6,0,0.0,0.9
2025-05-07,Tablet,Bangalore,37,30000,1110000,49,25,0,0,2,0,0.0,0.9
2025-05-07,Tablet,Chennai,45,30000,1350000,45,25,0,0,3,0,0.0,0.9
2025-05-07,Tablet,Pune,34,30000,1020000,78,25,1,0,6,0,0.0,0.9
2025-05-07,Tablet,Kolkata,38,30000,1140000,69,25,0,0,7,0,0.0,0.9
2025-05-07,Tablet,Ahmedabad,41,30000,1230000,154,25,1,0,5,0,0.0,0.9
2025-05-07,Headphones,Hyderabad,37,3000,111000,111,40,1,0,4,0,0.0,0.9
2025-05-07,Headphones,Mumbai,62,3000,186000,95,40,0,0,7,0,0.0,0.9
2025-05-07,Headphones,Delhi,65,3000,195000,57,40,0,0,6,0,0.0,0.9
2025-05-07,Headphones,Bangalore,49,3000,147000,67,40,0,0,5,0,0.0,0.9
2025-05-07,Headphones,Chennai,53,3000,159000,109,40,0,0,7,0,0.0,0.9
2025-05-07,Headphones,Pune,58,3000,174000,91,40,1,0,3,0,0.0,0.9
2025-05-07,Headphones,Kolkata,60,3000,180000,127,40,1,0,3,0,0.0,0.9
2025-05-07,Headphones,Ahmedabad,55,3000,165000,130,40,1,0,6,0,0.0,0.9
2025-05-07,Smartwatch,Hyderabad,42,8000,336000,87,20,0,0,4,0,0.0,0.9
2025-05-07,Smartwatch,Mumbai,30,8000,240000,114,20,1,0,6,0,0.0,0.9
2025-05-07,Smartwatch,Delhi,39,8000,312000,96,20,1,0,4,0,0.0,0.9
2025-05-07,Smartwatch,Bangalore,43,8000,344000,41,20,1,0,2,0,0.0,0.9
2025-05-07,Smartwatch,Chennai,57,8000,456000,84,20,1,0,3,0,0.0,0.9
2025-05-07,Smartwatch,Pune,30,8000,240000,74,20,0,0,5,0,0.0,0.9
2025-05-07,Smartwatch,Kolkata,41,8000,328000,57,20,0,0,2,0,0.0,0.9
2025-05-07,Smartwatch,Ahmedabad,36,8000,288000,38,20,0,0,4,0,0.0,0.9
2025-05-07,Keyboard,Hyderabad,71,1500,106500,104,35,1,0,5,0,0.0,0.9
2025-05-07,Keyboard,Mumbai,52,1500,78000,95,35,0,0,6,0,0.0,0.9
2025-05-07,Keyboard,Delhi,52,1500,78000,129,35,1,0,2,0,0.0,0.9
2025-05-07,Keyboard,Bangalore,74,1500,111000,129,35,1,0,3,0,0.0,0.9
2025-05-07,Keyboard,Chennai,73,1500,109500,111,35,1,0,7,0,0.0,0.9
2025-05-07,Keyboard,Pune,51,1500,76500,120,35,0,0,2,0,0.0,0.9
2025-05-07,Keyboard,Kolkata,52,1500,78000,80,35,1,0,5,0,0.0,0.9
2025-05-07,Keyboard,Ahmedabad,59,1500,88500,52,35,0,0,5,0,0.0,0.9
2025-05-07,Monitor,Hyderabad,40,18000,720000,56,15,0,0,6,0,0.0,0.9
2025-05-07,Monitor,Mumbai,25,18000,450000,101,15,0,0,3,0,0.0,0.9
2025-05-07,Monitor,Delhi,32,18000,576000,84,15,0,0,5,0,0.0,0.9
2025-05-07,Monitor,Bangalore,39,18000,702000,95,15,0,0,5,0,0.0,0.9
2025-05-07,Monitor,Chennai,36,18000,648000,96,15,0,0,7,0,0.0,0.9
2025-05-07,Monitor,Pune,41,18000,738000,93,15,1,0,3,0,0.0,0.9
2025-05-07,Monitor,Kolkata,48,18000,864000,43,15,0,0,2,0,0.0,0.9
2025-05-07,Monitor,Ahmedabad,55,18000,990000,62,15,1,0,3,0,0.0,0.9
2025-05-07,Mouse,Hyderabad,98,800,78400,19,50,1,1,5,0,0.0,0.9
2025-05-07,Mouse,Mumbai,80,800,64000,60,50,1,0,6,0,0.0,0.9
2025-05-07,Mouse,Delhi,75,800,60000,139,50,1,0,4,0,0.0,0.9
2025-05-07,Mouse,Bangalore,77,800,61600,153,50,1,0,4,0,0.0,0.9
2025-05-07,Mouse,Chennai,85,800,68000,67,50,0,0,5,0,0.0,0.9
2025-05-07,Mouse,Pune,90,800,72000,83,50,1,0,5,0,0.0,0.9
2025-05-07,Mouse,Kolkata,83,800,66400,80,50,1,0,4,0,0.0,0.9
2025-05-07,Mouse,Ahmedabad,66,800,52800,183,50,1,0,6,0,0.0,0.9
2025-05-07,Printer,Hyderabad,12,12000,144000,93,10,0,0,7,0,0.0,0.9
2025-05-07,Printer,Mumbai,19,12000,228000,84,10,1,0,2,0,0.0,0.9
2025-05-07,Printer,Delhi,33,12000,396000,31,10,0,0,2,0,0.0,0.9
2025-05-07,Printer,Bangalore,30,12000,360000,50,10,0,0,5,0,0.0,0.9
2025-05-07,Printer,Chennai,30,12000,360000,55,10,0,0,7,0,0.0,0.9
2025-05-07,Printer,Pune,27,12000,324000,74,10,0,0,6,0,0.0,0.9
2025-05-07,Printer,Kolkata,15,12000,180000,95,10,1,0,6,0,0.0,0.9
2025-05-07,Printer,Ahmedabad,28,12000,336000,46,10,0,0,6,0,0.0,0.9
2025-05-07,Speaker,Hyderabad,62,4000,248000,108,25,1,0,6,0,0.0,0.9
2025-05-07,Speaker,Mumbai,45,4000,180000,134,25,1,0,3,0,0.0,0.9
2025-05-07,Speaker,Delhi,63,4000,252000,118,25,1,0,5,0,0.0,0.9
2025-05-07,Speaker,Bangalore,56,4000,224000,124,25,1,0,2,0,0.0,0.9
2025-05-07,Speaker,Chennai,54,4000,216000,106,25,1,0,6,0,0.0,0.9
2025-05-07,Speaker,Pune,52,4000,208000,38,25,0,0,3,0,0.0,0.9
2025-05-07,Speaker,Kolkata,38,4000,152000,32,25,0,0,5,0,0.0,0.9
2025-05-07,Speaker,Ahmedabad,59,4000,236000,153,25,1,0,6,0,0.0,0.9
2025-05-08,Laptop,Hyderabad,46,55000,2530000,86,20,0,0,3,0,0.0,0.9
2025-05-08,Laptop,Mumbai,47,55000,2585000,34,20,0,0,2,0,0.0,0.9
2025-05-08,Laptop,Delhi,48,55000,2640000,100,20,1,0,3,0,0.0,0.9
2025-05-08,Laptop,Bangalore,56,55000,3080000,76,20,0,0,3,0,0.0,0.9
2025-05-08,Laptop,Chennai,53,55000,2915000,61,20,0,0,3,0,0.0,0.9
2025-05-08,Laptop,Pune,64,55000,3520000,126,20,1,0,6,0,0.0,0.9
2025-05-08,Laptop,Kolkata,49,55000,2695000,133,20,1,0,4,0,0.0,0.9
2025-05-08,Laptop,Ahmedabad,52,55000,2860000,68,20,0,0,2,0,0.0,0.9
2025-05-08,Mobile,Hyderabad,77,20000,1540000,123,30,1,0,5,0,0.0,0.9
2025-05-08,Mobile,Mumbai,75,20000,1500000,13,30,1,1,3,0,0.0,0.9
2025-05-08,Mobile,Delhi,72,20000,1440000,134,30,1,0,7,0,0.0,0.9
2025-05-08,Mobile,Bangalore,68,20000,1360000,19,30,1,1,4,0,0.0,0.9
2025-05-08,Mobile,Chennai,71,20000,1420000,82,30,0,0,2,0,0.0,0.9
2025-05-08,Mobile,Pune,58,20000,1160000,32,30,0,0,7,0,0.0,0.9
2025-05-08,Mobile,Kolkata,72,20000,1440000,86,30,1,0,6,0,0.0,0.9
2025-05-08,Mobile,Ahmedabad,71,20000,1420000,66,30,1,0,6,0,0.0,0.9
2025-05-08,Tablet,Hyderabad,36,30000,1080000,115,25,1,0,4,0,0.0,0.9
2025-05-08,Tablet,Mumbai,47,30000,1410000,27,25,0,0,4,0,0.0,0.9
2025-05-08,Tablet,Delhi,29,30000,870000,93,25,1,0,6,0,0.0,0.9
2025-05-08,Tablet,Bangalore,38,30000,1140000,76,25,1,0,6,0,0.0,0.9
2025-05-08,Tablet,Chennai,25,30000,750000,109,25,1,0,3,0,0.0,0.9
2025-05-08,Tablet,Pune,42,30000,1260000,36,25,0,0,7,0,0.0,0.9
2025-05-08,Tablet,Kolkata,41,30000,1230000,28,25,0,0,4,0,0.0,0.9
2025-05-08,Tablet,Ahmedabad,25,30000,750000,129,25,0,0,7,0,0.0,0.9
2025-05-08,Headphones,Hyderabad,58,3000,174000,53,40,0,0,4,0,0.0,0.9
2025-05-08,Headphones,Mumbai,49,3000,147000,46,40,0,0,3,0,0.0,0.9
2025-05-08,Headphones,Delhi,55,3000,165000,78,40,1,0,6,0,0.0,0.9
2025-05-08,Headphones,Bangalore,59,3000,177000,143,40,1,0,4,0,0.0,0.9
2025-05-08,Headphones,Chennai,47,3000,141000,62,40,0,0,3,0,0.0,0.9
2025-05-08,Headphones,Pune,66,3000,198000,125,40,1,0,2,0,0.0,0.9
2025-05-08,Headphones,Kolkata,51,3000,153000,76,40,0,0,5,0,0.0,0.9
2025-05-08,Headphones,Ahmedabad,63,3000,189000,67,40,0,0,4,0,0.0,0.9
2025-05-08,Smartwatch,Hyderabad,40,8000,320000,47,20,0,0,7,0,0.0,0.9
2025-05-08,Smartwatch,Mumbai,39,8000,312000,75,20,0,0,6,0,0.0,0.9
2025-05-08,Smartwatch,Delhi,40,8000,320000,56,20,0,0,2,0,0.0,0.9
2025-05-08,Smartwatch,Bangalore,24,8000,192000,128,20,1,0,7,0,0.0,0.9
2025-05-08,Smartwatch,Chennai,38,8000,304000,46,20,0,0,5,0,0.0,0.9
2025-05-08,Smartwatch,Pune,40,8000,320000,34,20,0,0,5,0,0.0,0.9
2025-05-08,Smartwatch,Kolkata,36,8000,288000,21,20,0,0,6,0,0.0,0.9
2025-05-08,Smartwatch,Ahmedabad,43,8000,344000,74,20,1,0,5,0,0.0,0.9
2025-05-08,Keyboard,Hyderabad,77,1500,115500,167,35,1,0,6,0,0.0,0.9
2025-05-08,Keyboard,Mumbai,62,1500,93000,122,35,1,0,7,0,0.0,0.9
2025-05-08,Keyboard,Delhi,49,1500,73500,80,35,0,0,6,0,0.0,0.9
2025-05-08,Keyboard,Bangalore,58,1500,87000,71,35,0,0,3,0,0.0,0.9
2025-05-08,Keyboard,Chennai,76,1500,114000,35,35,0,0,5,0,0.0,0.9
2025-05-08,Keyboard,Pune,51,1500,76500,69,35,0,0,4,0,0.0,0.9
2025-05-08,Keyboard,Kolkata,64,1500,96000,81,35,1,0,2,0,0.0,0.9
2025-05-08,Keyboard,Ahmedabad,48,1500,72000,69,35,1,0,5,0,0.0,0.9
2025-05-08,Monitor,Hyderabad,59,18000,1062000,106,15,1,0,2,0,0.0,0.9
2025-05-08,Monitor,Mumbai,29,18000,522000,72,15,0,0,4,0,0.0,0.9
2025-05-08,Monitor,Delhi,39,18000,702000,45,15,0,0,7,0,0.0,0.9
2025-05-08,Monitor,Bangalore,52,18000,936000,43,15,0,0,3,0,0.0,0.9
2025-05-08,Monitor,Chennai,42,18000,756000,54,15,0,0,4,0,0.0,0.9
2025-05-08,Monitor,Pune,31,18000,558000,62,15,0,0,2,0,0.0,0.9
2025-05-08,Monitor,Kolkata,35,18000,630000,157,15,1,0,6,0,0.0,0.9
2025-05-08,Monitor,Ahmedabad,49,18000,882000,96,15,1,0,2,0,0.0,0.9
2025-05-08,Mouse,Hyderabad,67,800,53600,2,50,1,1,6,0,0.0,0.9
2025-05-08,Mouse,Mumbai,82,800,65600,121,50,1,0,5,0,0.0,0.9
2025-05-08,Mouse,Delhi,76,800,60800,63,50,0,0,6,0,0.0,0.9
2025-05-08,Mouse,Bangalore,79,800,63200,74,50,0,0,4,0,0.0,0.9
2025-05-08,Mouse,Chennai,86,800,68800,120,50,1,0,7,0,0.0,0.9
2025-05-08,Mouse,Pune,69,800,55200,161,50,1,0,4,0,0.0,0.9
2025-05-08,Mouse,Kolkata,70,800,56000,133,50,1,0,5,0,0.0,0.9
2025-05-08,Mouse,Ahmedabad,90,800,72000,93,50,0,0,3,0,0.0,0.9
2025-05-08,Printer,Hyderabad,31,12000,372000,62,10,0,0,2,0,0.0,0.9
2025-05-08,Printer,Mumbai,12,12000,144000,72,10,0,0,7,0,0.0,0.9
2025-05-08,Printer,Delhi,18,12000,216000,13,10,0,0,4,0,0.0,0.9
2025-05-08,Printer,Bangalore,18,12000,216000,32,10,0,0,2,0,0.0,0.9
2025-05-08,Printer,Chennai,38,12000,456000,17,10,0,0,3,0,0.0,0.9
2025-05-08,Printer,Pune,33,12000,396000,41,10,0,0,6,0,0.0,0.9
2025-05-08,Printer,Kolkata,36,12000,432000,59,10,0,0,4,0,0.0,0.9
2025-05-08,Printer,Ahmedabad,26,12000,312000,20,10,0,0,6,0,0.0,0.9
2025-05-08,Speaker,Hyderabad,63,4000,252000,45,25,0,0,6,0,0.0,0.9
2025-05-08,Speaker,Mumbai,61,4000,244000,73,25,0,0,6,0,0.0,0.9
2025-05-08,Speaker,Delhi,52,4000,208000,66,25,0,0,6,0,0.0,0.9
2025-05-08,Speaker,Bangalore,42,4000,168000,82,25,0,0,6,0,0.0,0.9
2025-05-08,Speaker,Chennai,63,4000,252000,43,25,0,0,7,0,0.0,0.9
2025-05-08,Speaker,Pune,57,4000,228000,131,25,1,0,3,0,0.0,0.9
2025-05-08,Speaker,Kolkata,61,4000,244000,97,25,1,0,2,0,0.0,0.9
2025-05-08,Speaker,Ahmedabad,65,4000,260000,88,25,0,0,5,0,0.0,0.9
2025-05-09,Laptop,Hyderabad,47,55000,2585000,39,20,0,0,5,0,0.0,0.9
2025-05-09,Laptop,Mumbai,52,55000,2860000,107,20,1,0,2,0,0.0,0.9
2025-05-09,Laptop,Delhi,55,55000,3025000,45,20,0,0,5,0,0.0,0.9
2025-05-09,Laptop,Bangalore,44,55000,2420000,32,20,0,0,5,0,0.0,0.9
2025-05-09,Laptop,Chennai,51,55000,2805000,68,20,1,0,4,0,0.0,0.9
2025-05-09,Laptop,Pune,52,55000,2860000,74,20,0,0,5,0,0.0,0.9
2025-05-09,Laptop,Kolkata,50,55000,2750000,83,20,0,0,6,0,0.0,0.9
2025-05-09,Laptop,Ahmedabad,51,55000,2805000,93,20,1,0,6,0,0.0,0.9
2025-05-09,Mobile,Hyderabad,68,20000,1360000,55,30,0,0,2,0,0.0,0.9
2025-05-09,Mobile,Mumbai,65,20000,1300000,81,30,1,0,6,0,0.0,0.9
2025-05-09,Mobile,Delhi,58,20000,1160000,76,30,0,0,6,0,0.0,0.9
2025-05-09,Mobile,Bangalore,44,20000,880000,96,30,1,0,3,0,0.0,0.9
2025-05-09,Mobile,Chennai,83,20000,1660000,72,30,1,0,7,0,0.0,0.9
2025-05-09,Mobile,Pune,74,20000,1480000,28,30,1,1,5,0,0.0,0.9
2025-05-09,Mobile,Kolkata,77,20000,1540000,69,30,1,0,6,0,0.0,0.9
2025-05-09,Mobile,Ahmedabad,73,20000,1460000,128,30,1,0,3,0,0.0,0.9
2025-05-09,Tablet,Hyderabad,36,30000,1080000,79,25,0,0,5,0,0.0,0.9
2025-05-09,Tablet,Mumbai,45,30000,1350000,35,25,1,0,6,0,0.0,0.9
2025-05-09,Tablet,Delhi,37,30000,1110000,56,25,0,0,3,0,0.0,0.9
2025-05-09,Tablet,Bangalore,35,30000,1050000,41,25,0,0,4,0,0.0,0.9
2025-05-09,Tablet,Chennai,25,30000,750000,84,25,0,0,6,0,0.0,0.9
2025-05-09,Tablet,Pune,37,30000,1110000,103,25,1,0,7,0,0.0,0.9
2025-05-09,Tablet,Kolkata,46,30000,1380000,80,25,1,0,7,0,0.0,0.9
2025-05-09,Tablet,Ahmedabad,50,30000,1500000,79,25,0,0,6,0,0.0,0.9
2025-05-09,Headphones,Hyderabad,62,3000,186000,67,40,1,0,3,0,0.0,0.9
2025-05-09,Headphones,Mumbai,63,3000,189000,87,40,1,0,3,0,0.0,0.9
2025-05-09,Headphones,Delhi,55,3000,165000,102,40,1,0,3,0,0.0,0.9
2025-05-09,Headphones,Bangalore,47,3000,141000,96,40,0,0,7,0,0.0,0.9
2025-05-09,Headphones,Chennai,71,3000,213000,50,40,1,0,3,0,0.0,0.9
2025-05-09,Headphones,Pune,47,3000,141000,78,40,0,0,6,0,0.0,0.9
2025-05-09,Headphones,Kolkata,57,3000,171000,117,40,1,0,5,0,0.0,0.9
2025-05-09,Headphones,Ahmedabad,65,3000,195000,147,40,1,0,4,0,0.0,0.9
2025-05-09,Smartwatch,Hyderabad,30,8000,240000,115,20,1,0,3,0,0.0,0.9
2025-05-09,Smartwatch,Mumbai,38,8000,304000,37,20,0,0,4,0,0.0,0.9
2025-05-09,Smartwatch,Delhi,38,8000,304000,112,20,1,0,7,0,0.0,0.9
2025-05-09,Smartwatch,Bangalore,38,8000,304000,90,20,0,0,7,0,0.0,0.9
2025-05-09,Smartwatch,Chennai,28,8000,224000,101,20,1,0,6,0,0.0,0.9
2025-05-09,Smartwatch,Pune,28,8000,224000,117,20,1,0,2,0,0.0,0.9
2025-05-09,Smartwatch,Kolkata,19,8000,152000,73,20,1,0,3,0,0.0,0.9
2025-05-09,Smartwatch,Ahmedabad,44,8000,352000,30,20,0,0,6,0,0.0,0.9
2025-05-09,Keyboard,Hyderabad,68,1500,102000,99,35,0,0,6,0,0.0,0.9
2025-05-09,Keyboard,Mumbai,56,1500,84000,66,35,0,0,5,0,0.0,0.9
2025-05-09,Keyboard,Delhi,62,1500,93000,92,35,1,0,7,0,0.0,0.9
2025-05-09,Keyboard,Bangalore,67,1500,100500,146,35,1,0,3,0,0.0,0.9
2025-05-09,Keyboard,Chennai,73,1500,109500,61,35,1,0,7,0,0.0,0.9
2025-05-09,Keyboard,Pune,73,1500,109500,111,35,1,0,6,0,0.0,0.9
2025-05-09,Keyboard,Kolkata,66,1500,99000,148,35,1,0,3,0,0.0,0.9
2025-05-09,Keyboard,Ahmedabad,50,1500,75000,156,35,1,0,5,0,0.0,0.9
2025-05-09,Monitor,Hyderabad,40,18000,720000,66,15,0,0,6,0,0.0,0.9
2025-05-09,Monitor,Mumbai,42,18000,756000,30,15,0,0,4,0,0.0,0.9
2025-05-09,Monitor,Delhi,22,18000,396000,23,15,0,0,3,0,0.0,0.9
2025-05-09,Monitor,Bangalore,38,18000,684000,121,15,1,0,7,0,0.0,0.9
2025-05-09,Monitor,Chennai,44,18000,792000,136,15,1,0,3,0,0.0,0.9
2025-05-09,Monitor,Pune,30,18000,540000,32,15,0,0,3,0,0.0,0.9
2025-05-09,Monitor,Kolkata,33,18000,594000,124,15,0,0,4,0,0.0,0.9
2025-05-09,Monitor,Ahmedabad,42,18000,756000,54,15,0,0,4,0,0.0,0.9
2025-05-09,Mouse,Hyderabad,92,800,73600,21,50,1,1,2,0,0.0,0.9
2025-05-09,Mouse,Mumbai,81,800,64800,126,50,1,0,2,0,0.0,0.9
2025-05-09,Mouse,Delhi,96,800,76800,106,50,1,0,2,0,0.0,0.9
2025-05-09,Mouse,Bangalore,83,800,66400,76,50,1,0,7,0,0.0,0.9
2025-05-09,Mouse,Chennai,75,800,60000,105,50,1,0,6,0,0.0,0.9
2025-05-09,Mouse,Pune,90,800,72000,71,50,0,0,2,0,0.0,0.9
2025-05-09,Mouse,Kolkata,90,800,72000,93,50,1,0,6,0,0.0,0.9
2025-05-09,Mouse,Ahmedabad,69,800,55200,124,50,1,0,4,0,0.0,0.9
2025-05-09,Printer,Hyderabad,43,12000,516000,19,10,0,0,6,0,0.0,0.9
2025-05-09,Printer,Mumbai,25,12000,300000,47,10,0,0,6,0,0.0,0.9
2025-05-09,Printer,Delhi,28,12000,336000,124,10,1,0,3,0,0.0,0.9
2025-05-09,Printer,Bangalore,19,12000,228000,13,10,0,0,3,0,0.0,0.9
2025-05-09,Printer,Chennai,31,12000,372000,75,10,1,0,7,0,0.0,0.9
2025-05-09,Printer,Pune,27,12000,324000,14,10,0,0,4,0,0.0,0.9
2025-05-09,Printer,Kolkata,32,12000,384000,27,10,0,0,2,0,0.0,0.9
2025-05-09,Printer,Ahmedabad,37,12000,444000,67,10,1,0,6,0,0.0,0.9
2025-05-09,Speaker,Hyderabad,54,4000,216000,74,25,1,0,6,0,0.0,0.9
2025-05-09,Speaker,Mumbai,46,4000,184000,27,25,0,0,2,0,0.0,0.9
2025-05-09,Speaker,Delhi,62,4000,248000,117,25,1,0,7,0,0.0,0.9
2025-05-09,Speaker,Bangalore,51,4000,204000,31,25,0,0,4,0,0.0,0.9
2025-05-09,Speaker,Chennai,62,4000,248000,75,25,1,0,5,0,0.0,0.9
2025-05-09,Speaker,Pune,52,4000,208000,79,25,0,0,3,0,0.0,0.9
2025-05-09,Speaker,Kolkata,54,4000,216000,43,25,0,0,5,0,0.0,0.9
2025-05-09,Speaker,Ahmedabad,52,4000,208000,36,25,0,0,3,0,0.0,0.9
2025-05-10,Laptop,Hyderabad,59,55000,3245000,97,20,1,0,6,0,0.0,0.9
2025-05-10,Laptop,Mumbai,61,55000,3355000,46,20,0,0,4,0,0.0,0.9
2025-05-10,Laptop,Delhi,53,55000,2915000,110,20,1,0,5,0,0.0,0.9
2025-05-10,Laptop,Bangalore,43,55000,2365000,103,20,1,0,6,0,0.0,0.9
2025-05-10,Laptop,Chennai,55,55000,3025000,160,20,1,0,7,0,0.0,0.9
2025-05-10,Laptop,Pune,51,55000,2805000,23,20,0,0,2,0,0.0,0.9
2025-05-10,Laptop,Kolkata,51,55000,2805000,32,20,0,0,7,0,0.0,0.9
2025-05-10,Laptop,Ahmedabad,33,55000,1815000,60,20,0,0,2,0,0.0,0.9
2025-05-10,Mobile,Hyderabad,66,20000,1320000,45,30,1,0,6,0,0.0,0.9
2025-05-10,Mobile,Mumbai,68,20000,1360000,111,30,1,0,5,0,0.0,0.9
2025-05-10,Mobile,Delhi,82,20000,1640000,115,30,1,0,3,0,0.0,0.9
2025-05-10,Mobile,Bangalore,66,20000,1320000,30,30,0,0,5,0,0.0,0.9
2025-05-10,Mobile,Chennai,83,20000,1660000,129,30,1,0,7,0,0.0,0.9
2025-05-10,Mobile,Pune,71,20000,1420000,58,30,1,0,7,0,0.0,0.9
2025-05-10,Mobile,Kolkata,70,20000,1400000,123,30,1,0,6,0,0.0,0.9
2025-05-10,Mobile,Ahmedabad,66,20000,1320000,62,30,0,0,7,0,0.0,0.9
2025-05-10,Tablet,Hyderabad,38,30000,1140000,41,25,0,0,7,0,0.0,0.9
2025-05-10,Tablet,Mumbai,40,30000,1200000,58,25,1,0,5,0,0.0,0.9
2025-05-10,Tablet,Delhi,32,30000,960000,80,25,1,0,3,0,0.0,0.9
2025-05-10,Tablet,Bangalore,35,30000,1050000,135,25,1,0,3,0,0.0,0.9
2025-05-10,Tablet,Chennai,48,30000,1440000,36,25,0,0,2,0,0.0,0.9
2025-05-10,Tablet,Pune,35,30000,1050000,68,25,0,0,4,0,0.0,0.9
2025-05-10,Tablet,Kolkata,53,30000,1590000,27,25,0,0,5,0,0.0,0.9
2025-05-10,Tablet,Ahmedabad,36,30000,1080000,43,25,0,0,4,0,0.0,0.9
2025-05-10,Headphones,Hyderabad,67,3000,201000,87,40,1,0,5,0,0.0,0.9
2025-05-10,Headphones,Mumbai,72,3000,216000,73,40,1,0,5,0,0.0,0.9
2025-05-10,Headphones,Delhi,56,3000,168000,46,40,0,0,3,0,0.0,0.9
2025-05-10,Headphones,Bangalore,53,3000,159000,43,40,0,0,7,0,0.0,0.9
2025-05-10,Headphones,Chennai,62,3000,186000,103,40,1,0,7,0,0.0,0.9
2025-05-10,Headphones,Pune,51,3000,153000,106,40,1,0,7,0,0.0,0.9
2025-05-10,Headphones,Kolkata,64,3000,192000,53,40,0,0,3,0,0.0,0.9
2025-05-10,Headphones,Ahmedabad,53,3000,159000,94,40,0,0,7,0,0.0,0.9
2025-05-10,Smartwatch,Hyderabad,41,8000,328000,74,20,0,0,7,0,0.0,0.9
2025-05-10,Smartwatch,Mumbai,42,8000,336000,142,20,1,0,2,0,0.0,0.9
2025-05-10,Smartwatch,Delhi,32,8000,256000,80,20,0,0,3,0,0.0,0.9
2025-05-10,Smartwatch,Bangalore,35,8000,280000,55,20,0,0,4,0,0.0,0.9
2025-05-10,Smartwatch,Chennai,39,8000,312000,62,20,0,0,5,0,0.0,0.9
2025-05-10,Smartwatch,Pune,13,8000,104000,104,20,0,0,2,0,0.0,0.9
2025-05-10,Smartwatch,Kolkata,43,8000,344000,30,20,0,0,6,0,0.0,0.9
2025-05-10,Smartwatch,Ahmedabad,29,8000,232000,147,20,1,0,2,0,0.0,0.9
2025-05-10,Keyboard,Hyderabad,66,1500,99000,177,35,1,0,2,0,0.0,0.9
2025-05-10,Keyboard,Mumbai,68,1500,102000,140,35,1,0,7,0,0.0,0.9
2025-05-10,Keyboard,Delhi,61,1500,91500,92,35,1,0,5,0,0.0,0.9
2025-05-10,Keyboard,Bangalore,66,1500,99000,80,35,0,0,6,0,0.0,0.9
2025-05-10,Keyboard,Chennai,69,1500,103500,76,35,1,0,5,0,0.0,0.9
2025-05-10,Keyboard,Pune,63,1500,94500,48,35,0,0,2,0,0.0,0.9
2025-05-10,Keyboard,Kolkata,68,1500,102000,80,35,0,0,5,0,0.0,0.9
2025-05-10,Keyboard,Ahmedabad,77,1500,115500,79,35,0,0,7,0,0.0,0.9
2025-05-10,Monitor,Hyderabad,42,18000,756000,24,15,0,0,2,0,0.0,0.9
2025-05-10,Monitor,Mumbai,47,18000,846000,35,15,1,0,4,0,0.0,0.9
2025-05-10,Monitor,Delhi,43,18000,774000,32,15,1,0,6,0,0.0,0.9
2025-05-10,Monitor,Bangalore,27,18000,486000,94,15,0,0,5,0,0.0,0.9
2025-05-10,Monitor,Chennai,57,18000,1026000,79,15,0,0,6,0,0.0,0.9
2025-05-10,Monitor,Pune,36,18000,648000,77,15,1,0,3,0,0.0,0.9
2025-05-10,Monitor,Kolkata,41,18000,738000,83,15,0,0,5,0,0.0,0.9
2025-05-10,Monitor,Ahmedabad,44,18000,792000,102,15,1,0,7,0,0.0,0.9
2025-05-10,Mouse,Hyderabad,79,800,63200,44,50,1,1,3,0,0.0,0.9
2025-05-10,Mouse,Mumbai,72,800,57600,54,50,0,0,2,0,0.0,0.9
2025-05-10,Mouse,Delhi,80,800,64000,147,50,1,0,5,0,0.0,0.9
2025-05-10,Mouse,Bangalore,82,800,65600,61,50,1,0,5,0,0.0,0.9
2025-05-10,Mouse,Chennai,80,800,64000,90,50,1,0,3,0,0.0,0.9
2025-05-10,Mouse,Pune,75,800,60000,107,50,1,0,7,0,0.0,0.9
2025-05-10,Mouse,Kolkata,71,800,56800,154,50,1,0,6,0,0.0,0.9
2025-05-10,Mouse,Ahmedabad,96,800,76800,79,50,1,0,5,0,0.0,0.9
2025-05-10,Printer,Hyderabad,33,12000,396000,50,10,1,0,4,0,0.0,0.9
2025-05-10,Printer,Mumbai,14,12000,168000,33,10,0,0,3,0,0.0,0.9
2025-05-10,Printer,Delhi,35,12000,420000,89,10,0,0,7,0,0.0,0.9
2025-05-10,Printer,Bangalore,38,12000,456000,74,10,1,0,4,0,0.0,0.9
2025-05-10,Printer,Chennai,29,12000,348000,46,10,0,0,2,0,0.0,0.9
2025-05-10,Printer,Pune,24,12000,288000,130,10,1,0,7,0,0.0,0.9
2025-05-10,Printer,Kolkata,30,12000,360000,48,10,1,0,2,0,0.0,0.9
2025-05-10,Printer,Ahmedabad,23,12000,276000,44,10,0,0,2,0,0.0,0.9
2025-05-10,Speaker,Hyderabad,54,4000,216000,128,25,1,0,5,0,0.0,0.9
2025-05-10,Speaker,Mumbai,56,4000,224000,51,25,1,0,4,0,0.0,0.9
2025-05-10,Speaker,Delhi,49,4000,196000,68,25,0,0,4,0,0.0,0.9
2025-05-10,Speaker,Bangalore,36,4000,144000,137,25,1,0,6,0,0.0,0.9
2025-05-10,Speaker,Chennai,66,4000,264000,155,25,1,0,5,0,0.0,0.9
2025-05-10,Speaker,Pune,59,4000,236000,114,25,1,0,5,0,0.0,0.9
2025-05-10,Speaker,Kolkata,35,4000,140000,135,25,1,0,4,0,0.0,0.9
2025-05-10,Speaker,Ahmedabad,42,4000,168000,91,25,1,0,3,0,0.0,0.9
2025-05-11,Laptop,Hyderabad,60,55000,3300000,37,20,0,0,3,0,0.0,0.9
2025-05-11,Laptop,Mumbai,55,55000,3025000,90,20,1,0,4,0,0.0,0.9
2025-05-11,Laptop,Delhi,45,55000,2475000,65,20,0,0,4,0,0.0,0.9
2025-05-11,Laptop,Bangalore,50,55000,2750000,53,20,0,0,6,0,0.0,0.9
2025-05-11,Laptop,Chennai,47,55000,2585000,113,20,0,0,2,0,0.0,0.9
2025-05-11,Laptop,Pune,44,55000,2420000,88,20,1,0,3,0,0.0,0.9
2025-05-11,Laptop,Kolkata,64,55000,3520000,40,20,1,0,2,0,0.0,0.9
2025-05-11,Laptop,Ahmedabad,44,55000,2420000,81,20,1,0,5,0,0.0,0.9
2025-05-11,Mobile,Hyderabad,68,20000,1360000,69,30,1,0,7,0,0.0,0.9
2025-05-11,Mobile,Mumbai,59,20000,1180000,52,30,0,0,2,0,0.0,0.9
2025-05-11,Mobile,Delhi,73,20000,1460000,42,30,0,0,4,0,0.0,0.9
2025-05-11,Mobile,Bangalore,63,20000,1260000,97,30,1,0,4,0,0.0,0.9
2025-05-11,Mobile,Chennai,82,20000,1640000,47,30,0,0,2,0,0.0,0.9
2025-05-11,Mobile,Pune,81,20000,1620000,70,30,1,0,7,0,0.0,0.9
2025-05-11,Mobile,Kolkata,73,20000,1460000,50,30,0,0,7,0,0.0,0.9
2025-05-11,Mobile,Ahmedabad,66,20000,1320000,121,30,1,0,6,0,0.0,0.9
2025-05-11,Tablet,Hyderabad,51,30000,1530000,46,25,1,0,6,0,0.0,0.9
2025-05-11,Tablet,Mumbai,33,30000,990000,25,25,0,0,7,0,0.0,0.9
2025-05-11,Tablet,Delhi,36,30000,1080000,44,25,0,0,7,0,0.0,0.9
2025-05-11,Tablet,Bangalore,56,30000,1680000,79,25,0,0,7,0,0.0,0.9
2025-05-11,Tablet,Chennai,56,30000,1680000,88,25,1,0,5,0,0.0,0.9
2025-05-11,Tablet,Pune,40,30000,1200000,28,25,0,0,7,0,0.0,0.9
2025-05-11,Tablet,Kolkata,40,30000,1200000,110,25,1,0,6,0,0.0,0.9
2025-05-11,Tablet,Ahmedabad,40,30000,1200000,79,25,1,0,7,0,0.0,0.9
2025-05-11,Headphones,Hyderabad,78,3000,234000,154,40,1,0,3,0,0.0,0.9
2025-05-11,Headphones,Mumbai,62,3000,186000,145,40,1,0,3,0,0.0,0.9
2025-05-11,Headphones,Delhi,61,3000,183000,116,40,1,0,3,0,0.0,0.9
2025-05-11,Headphones,Bangalore,61,3000,183000,74,40,1,0,4,0,0.0,0.9
2025-05-11,Headphones,Chennai,66,3000,198000,159,40,1,0,5,0,0.0,0.9
2025-05-11,Headphones,Pune,64,3000,192000,42,40,0,0,2,0,0.0,0.9
2025-05-11,Headphones,Kolkata,54,3000,162000,99,40,1,0,7,0,0.0,0.9
2025-05-11,Headphones,Ahmedabad,68,3000,204000,147,40,1,0,6,0,0.0,0.9
2025-05-11,Smartwatch,Hyderabad,26,8000,208000,48,20,0,0,6,0,0.0,0.9
2025-05-11,Smartwatch,Mumbai,42,8000,336000,100,20,0,0,7,0,0.0,0.9
2025-05-11,Smartwatch,Delhi,39,8000,312000,41,20,0,0,6,0,0.0,0.9
2025-05-11,Smartwatch,Bangalore,40,8000,320000,139,20,1,0,3,0,0.0,0.9
2025-05-11,Smartwatch,Chennai,51,8000,408000,135,20,1,0,3,0,0.0,0.9
2025-05-11,Smartwatch,Pune,41,8000,328000,63,20,0,0,3,0,0.0,0.9
2025-05-11,Smartwatch,Kolkata,27,8000,216000,148,20,1,0,5,0,0.0,0.9
2025-05-11,Smartwatch,Ahmedabad,43,8000,344000,104,20,0,0,7,0,0.0,0.9
2025-05-11,Keyboard,Hyderabad,66,1500,99000,111,35,0,0,2,0,0.0,0.9
2025-05-11,Keyboard,Mumbai,53,1500,79500,87,35,0,0,6,0,0.0,0.9
2025-05-11,Keyboard,Delhi,68,1500,102000,112,35,1,0,4,0,0.0,0.9
2025-05-11,Keyboard,Bangalore,52,1500,78000,106,35,1,0,7,0,0.0,0.9
2025-05-11,Keyboard,Chennai,76,1500,114000,102,35,1,0,6,0,0.0,0.9
2025-05-11,Keyboard,Pune,72,1500,108000,87,35,1,0,2,0,0.0,0.9
2025-05-11,Keyboard,Kolkata,74,1500,111000,97,35,1,0,7,0,0.0,0.9
2025-05-11,Keyboard,Ahmedabad,64,1500,96000,141,35,1,0,6,0,0.0,0.9
2025-05-11,Monitor,Hyderabad,39,18000,702000,113,15,1,0,2,0,0.0,0.9
2025-05-11,Monitor,Mumbai,57,18000,1026000,127,15,1,0,7,0,0.0,0.9
2025-05-11,Monitor,Delhi,35,18000,630000,63,15,1,0,4,0,0.0,0.9
2025-05-11,Monitor,Bangalore,33,18000,594000,61,15,0,0,3,0,0.0,0.9
2025-05-11,Monitor,Chennai,44,18000,792000,35,15,0,0,7,0,0.0,0.9
2025-05-11,Monitor,Pune,35,18000,630000,42,15,0,0,4,0,0.0,0.9
2025-05-11,Monitor,Kolkata,43,18000,774000,40,15,0,0,2,0,0.0,0.9
2025-05-11,Monitor,Ahmedabad,38,18000,684000,64,15,0,0,7,0,0.0,0.9
2025-05-11,Mouse,Hyderabad,92,800,73600,93,50,1,0,7,0,0.0,0.9
2025-05-11,Mouse,Mumbai,68,800,54400,104,50,1,0,3,0,0.0,0.9
2025-05-11,Mouse,Delhi,83,800,66400,64,50,0,0,6,0,0.0,0.9
2025-05-11,Mouse,Bangalore,69,800,55200,76,50,1,0,3,0,0.0,0.9
2025-05-11,Mouse,Chennai,80,800,64000,150,50,1,0,7,0,0.0,0.9
2025-05-11,Mouse,Pune,82,800,65600,130,50,1,0,5,0,0.0,0.9
2025-05-11,Mouse,Kolkata,72,800,57600,82,50,0,0,6,0,0.0,0.9
2025-05-11,Mouse,Ahmedabad,90,800,72000,78,50,1,0,7,0,0.0,0.9
2025-05-11,Printer,Hyderabad,16,12000,192000,34,10,0,0,4,0,0.0,0.9
2025-05-11,Printer,Mumbai,43,12000,516000,71,10,1,0,6,0,0.0,0.9
2025-05-11,Printer,Delhi,21,12000,252000,68,10,0,0,5,0,0.0,0.9
2025-05-11,Printer,Bangalore,36,12000,432000,38,10,0,0,7,0,0.0,0.9
2025-05-11,Printer,Chennai,48,12000,576000,79,10,1,0,6,0,0.0,0.9
2025-05-11,Printer,Pune,13,12000,156000,117,10,0,0,6,0,0.0,0.9
2025-05-11,Printer,Kolkata,18,12000,216000,30,10,0,0,6,0,0.0,0.9
2025-05-11,Printer,Ahmedabad,10,12000,120000,34,10,0,0,4,0,0.0,0.9
2025-05-11,Speaker,Hyderabad,48,4000,192000,80,25,0,0,3,0,0.0,0.9
2025-05-11,Speaker,Mumbai,52,4000,208000,96,25,1,0,3,0,0.0,0.9
2025-05-11,Speaker,Delhi,57,4000,228000,81,25,1,0,2,0,0.0,0.9
2025-05-11,Speaker,Bangalore,61,4000,244000,76,25,0,0,6,0,0.0,0.9
2025-05-11,Speaker,Chennai,54,4000,216000,101,25,0,0,5,0,0.0,0.9
2025-05-11,Speaker,Pune,53,4000,212000,61,25,0,0,2,0,0.0,0.9
2025-05-11,Speaker,Kolkata,40,4000,160000,95,25,0,0,7,0,0.0,0.9
2025-05-11,Speaker,Ahmedabad,53,4000,212000,38,25,0,0,4,0,0.0,0.9
2025-05-12,Laptop,Hyderabad,38,55000,2090000,80,20,1,0,6,0,0.0,0.9
2025-05-12,Laptop,Mumbai,53,55000,2915000,37,20,0,0,4,0,0.0,0.9
2025-05-12,Laptop,Delhi,56,55000,3080000,85,20,1,0,4,0,0.0,0.9
2025-05-12,Laptop,Bangalore,62,55000,3410000,100,20,1,0,3,0,0.0,0.9
2025-05-12,Laptop,Chennai,35,55000,1925000,78,20,0,0,3,0,0.0,0.9
2025-05-12,Laptop,Pune,51,55000,2805000,37,20,0,0,2,0,0.0,0.9
2025-05-12,Laptop,Kolkata,45,55000,2475000,46,20,1,0,6,0,0.0,0.9
2025-05-12,Laptop,Ahmedabad,56,55000,3080000,25,20,0,0,4,0,0.0,0.9
2025-05-12,Mobile,Hyderabad,83,20000,1660000,123,30,1,0,3,0,0.0,0.9
2025-05-12,Mobile,Mumbai,72,20000,1440000,79,30,1,0,3,0,0.0,0.9
2025-05-12,Mobile,Delhi,90,20000,1800000,47,30,1,0,7,0,0.0,0.9
2025-05-12,Mobile,Bangalore,62,20000,1240000,35,30,0,0,3,0,0.0,0.9
2025-05-12,Mobile,Chennai,56,20000,1120000,116,30,1,0,3,0,0.0,0.9
2025-05-12,Mobile,Pune,74,20000,1480000,120,30,1,0,2,0,0.0,0.9
2025-05-12,Mobile,Kolkata,72,20000,1440000,120,30,1,0,4,0,0.0,0.9
2025-05-12,Mobile,Ahmedabad,71,20000,1420000,50,30,0,0,4,0,0.0,0.9
2025-05-12,Tablet,Hyderabad,28,30000,840000,73,25,1,0,3,0,0.0,0.9
2025-05-12,Tablet,Mumbai,39,30000,1170000,102,25,1,0,4,0,0.0,0.9
2025-05-12,Tablet,Delhi,40,30000,1200000,88,25,1,0,5,0,0.0,0.9
2025-05-12,Tablet,Bangalore,41,30000,1230000,38,25,0,0,4,0,0.0,0.9
2025-05-12,Tablet,Chennai,29,30000,870000,59,25,0,0,6,0,0.0,0.9
2025-05-12,Tablet,Pune,54,30000,1620000,43,25,1,0,3,0,0.0,0.9
2025-05-12,Tablet,Kolkata,72,30000,2160000,38,25,0,0,4,0,0.0,0.9
2025-05-12,Tablet,Ahmedabad,52,30000,1560000,27,25,0,0,3,0,0.0,0.9
2025-05-12,Headphones,Hyderabad,62,3000,186000,92,40,0,0,7,0,0.0,0.9
2025-05-12,Headphones,Mumbai,56,3000,168000,89,40,0,0,6,0,0.0,0.9
2025-05-12,Headphones,Delhi,65,3000,195000,51,40,0,0,2,0,0.0,0.9
2025-05-12,Headphones,Bangalore,67,3000,201000,80,40,1,0,6,0,0.0,0.9
2025-05-12,Headphones,Chennai,46,3000,138000,113,40,0,0,5,0,0.0,0.9
2025-05-12,Headphones,Pune,46,3000,138000,83,40,1,0,6,0,0.0,0.9
2025-05-12,Headphones,Kolkata,68,3000,204000,150,40,1,0,7,0,0.0,0.9
2025-05-12,Headphones,Ahmedabad,51,3000,153000,96,40,0,0,7,0,0.0,0.9
2025-05-12,Smartwatch,Hyderabad,48,8000,384000,98,20,1,0,3,0,0.0,0.9
2025-05-12,Smartwatch,Mumbai,51,8000,408000,49,20,0,0,5,0,0.0,0.9
2025-05-12,Smartwatch,Delhi,52,8000,416000,96,20,1,0,3,0,0.0,0.9
2025-05-12,Smartwatch,Bangalore,50,8000,400000,89,20,0,0,6,0,0.0,0.9
2025-05-12,Smartwatch,Chennai,39,8000,312000,96,20,0,0,3,0,0.0,0.9
2025-05-12,Smartwatch,Pune,26,8000,208000,37,20,0,0,3,0,0.0,0.9
2025-05-12,Smartwatch,Kolkata,37,8000,296000,111,20,0,0,2,0,0.0,0.9
2025-05-12,Smartwatch,Ahmedabad,46,8000,368000,58,20,0,0,7,0,0.0,0.9
2025-05-12,Keyboard,Hyderabad,66,1500,99000,45,35,0,0,6,0,0.0,0.9
2025-05-12,Keyboard,Mumbai,77,1500,115500,93,35,1,0,2,0,0.0,0.9
2025-05-12,Keyboard,Delhi,60,1500,90000,52,35,0,0,3,0,0.0,0.9
2025-05-12,Keyboard,Bangalore,63,1500,94500,43,35,0,0,5,0,0.0,0.9
2025-05-12,Keyboard,Chennai,54,1500,81000,48,35,0,0,6,0,0.0,0.9
2025-05-12,Keyboard,Pune,64,1500,96000,136,35,1,0,5,0,0.0,0.9
2025-05-12,Keyboard,Kolkata,70,1500,105000,92,35,1,0,3,0,0.0,0.9
2025-05-12,Keyboard,Ahmedabad,63,1500,94500,78,35,0,0,7,0,0.0,0.9
2025-05-12,Monitor,Hyderabad,42,18000,756000,71,15,0,0,5,0,0.0,0.9
2025-05-12,Monitor,Mumbai,33,18000,594000,94,15,0,0,7,0,0.0,0.9
2025-05-12,Monitor,Delhi,30,18000,540000,33,15,0,0,6,0,0.0,0.9
2025-05-12,Monitor,Bangalore,37,18000,666000,24,15,0,0,6,0,0.0,0.9
2025-05-12,Monitor,Chennai,43,18000,774000,42,15,1,0,5,0,0.0,0.9
2025-05-12,Monitor,Pune,26,18000,468000,16,15,0,0,4,0,0.0,0.9
2025-05-12,Monitor,Kolkata,59,18000,1062000,70,15,1,0,7,0,0.0,0.9
2025-05-12,Monitor,Ahmedabad,41,18000,738000,23,15,0,0,7,0,0.0,0.9
2025-05-12,Mouse,Hyderabad,86,800,68800,152,50,1,0,4,0,0.0,0.9
2025-05-12,Mouse,Mumbai,86,800,68800,98,50,1,0,6,0,0.0,0.9
2025-05-12,Mouse,Delhi,82,800,65600,130,50,1,0,4,0,0.0,0.9
2025-05-12,Mouse,Bangalore,63,800,50400,154,50,1,0,7,0,0.0,0.9
2025-05-12,Mouse,Chennai,87,800,69600,63,50,0,0,2,0,0.0,0.9
2025-05-12,Mouse,Pune,92,800,73600,124,50,1,0,6,0,0.0,0.9
2025-05-12,Mouse,Kolkata,77,800,61600,81,50,1,0,2,0,0.0,0.9
2025-05-12,Mouse,Ahmedabad,76,800,60800,127,50,1,0,3,0,0.0,0.9
2025-05-12,Printer,Hyderabad,14,12000,168000,20,10,0,0,2,0,0.0,0.9
2025-05-12,Printer,Mumbai,18,12000,216000,53,10,0,0,4,0,0.0,0.9
2025-05-12,Printer,Delhi,18,12000,216000,50,10,0,0,7,0,0.0,0.9
2025-05-12,Printer,Bangalore,41,12000,492000,117,10,1,0,6,0,0.0,0.9
2025-05-12,Printer,Chennai,26,12000,312000,53,10,0,0,6,0,0.0,0.9
2025-05-12,Printer,Pune,22,12000,264000,95,10,0,0,2,0,0.0,0.9
2025-05-12,Printer,Kolkata,33,12000,396000,77,10,1,0,6,0,0.0,0.9
2025-05-12,Printer,Ahmedabad,39,12000,468000,84,10,1,0,7,0,0.0,0.9
2025-05-12,Speaker,Hyderabad,49,4000,196000,31,25,0,0,5,0,0.0,0.9
2025-05-12,Speaker,Mumbai,73,4000,292000,98,25,1,0,3,0,0.0,0.9
2025-05-12,Speaker,Delhi,42,4000,168000,39,25,0,0,7,0,0.0,0.9
2025-05-12,Speaker,Bangalore,64,4000,256000,117,25,1,0,2,0,0.0,0.9
2025-05-12,Speaker,Chennai,64,4000,256000,37,25,0,0,2,0,0.0,0.9
2025-05-12,Speaker,Pune,50,4000,200000,98,25,1,0,6,0,0.0,0.9
2025-05-12,Speaker,Kolkata,42,4000,168000,53,25,0,0,3,0,0.0,0.9
2025-05-12,Speaker,Ahmedabad,51,4000,204000,48,25,1,0,5,0,0.0,0.9
2025-05-13,Laptop,Hyderabad,48,55000,2640000,32,20,0,0,4,0,0.0,0.9
2025-05-13,Laptop,Mumbai,55,55000,3025000,111,20,1,0,4,0,0.0,0.9
2025-05-13,Laptop,Delhi,44,55000,2420000,41,20,0,0,6,0,0.0,0.9
2025-05-13,Laptop,Bangalore,63,55000,3465000,37,20,0,0,5,0,0.0,0.9
2025-05-13,Laptop,Chennai,58,55000,3190000,20,20,0,0,2,0,0.0,0.9
2025-05-13,Laptop,Pune,49,55000,2695000,64,20,1,0,4,0,0.0,0.9
2025-05-13,Laptop,Kolkata,47,55000,2585000,137,20,1,0,5,0,0.0,0.9
2025-05-13,Laptop,Ahmedabad,46,55000,2530000,102,20,1,0,7,0,0.0,0.9
2025-05-13,Mobile,Hyderabad,75,20000,1500000,48,30,0,0,5,0,0.0,0.9
2025-05-13,Mobile,Mumbai,81,20000,1620000,130,30,1,0,6,0,0.0,0.9
2025-05-13,Mobile,Delhi,65,20000,1300000,60,30,1,0,7,0,0.0,0.9
2025-05-13,Mobile,Bangalore,64,20000,1280000,53,30,1,0,2,0,0.0,0.9
2025-05-13,Mobile,Chennai,70,20000,1400000,46,30,0,0,5,0,0.0,0.9
2025-05-13,Mobile,Pune,71,20000,1420000,49,30,0,0,3,0,0.0,0.9
2025-05-13,Mobile,Kolkata,65,20000,1300000,55,30,0,0,2,0,0.0,0.9
2025-05-13,Mobile,Ahmedabad,78,20000,1560000,102,30,1,0,6,0,0.0,0.9
2025-05-13,Tablet,Hyderabad,58,30000,1740000,149,25,1,0,5,0,0.0,0.9
2025-05-13,Tablet,Mumbai,40,30000,1200000,62,25,0,0,3,0,0.0,0.9
2025-05-13,Tablet,Delhi,25,30000,750000,63,25,0,0,3,0,0.0,0.9
2025-05-13,Tablet,Bangalore,36,30000,1080000,66,25,1,0,6,0,0.0,0.9
2025-05-13,Tablet,Chennai,45,30000,1350000,161,25,1,0,2,0,0.0,0.9
2025-05-13,Tablet,Pune,43,30000,1290000,74,25,1,0,4,0,0.0,0.9
2025-05-13,Tablet,Kolkata,29,30000,870000,151,25,1,0,4,0,0.0,0.9
2025-05-13,Tablet,Ahmedabad,39,30000,1170000,128,25,1,0,5,0,0.0,0.9
2025-05-13,Headphones,Hyderabad,55,3000,165000,161,40,1,0,6,0,0.0,0.9
2025-05-13,Headphones,Mumbai,56,3000,168000,124,40,1,0,4,0,0.0,0.9
2025-05-13,Headphones,Delhi,46,3000,138000,91,40,1,0,3,0,0.0,0.9
2025-05-13,Headphones,Bangalore,61,3000,183000,133,40,1,0,6,0,0.0,0.9
2025-05-13,Headphones,Chennai,67,3000,201000,46,40,0,0,3,0,0.0,0.9
2025-05-13,Headphones,Pune,59,3000,177000,140,40,1,0,6,0,0.0,0.9
2025-05-13,Headphones,Kolkata,56,3000,168000,94,40,0,0,4,0,0.0,0.9
2025-05-13,Headphones,Ahmedabad,59,3000,177000,130,40,1,0,6,0,0.0,0.9
2025-05-13,Smartwatch,Hyderabad,33,8000,264000,65,20,0,0,5,0,0.0,0.9
2025-05-13,Smartwatch,Mumbai,45,8000,360000,65,20,1,0,4,0,0.0,0.9
2025-05-13,Smartwatch,Delhi,27,8000,216000,69,20,0,0,4,0,0.0,0.9
2025-05-13,Smartwatch,Bangalore,33,8000,264000,56,20,0,0,4,0,0.0,0.9
2025-05-13,Smartwatch,Chennai,51,8000,408000,45,20,0,0,5,0,0.0,0.9
2025-05-13,Smartwatch,Pune,27,8000,216000,100,20,1,0,4,0,0.0,0.9
2025-05-13,Smartwatch,Kolkata,39,8000,312000,72,20,0,0,6,0,0.0,0.9
2025-05-13,Smartwatch,Ahmedabad,31,8000,248000,27,20,0,0,4,0,0.0,0.9
2025-05-13,Keyboard,Hyderabad,71,1500,106500,36,35,1,0,4,0,0.0,0.9
2025-05-13,Keyboard,Mumbai,60,1500,90000,148,35,1,0,5,0,0.0,0.9
2025-05-13,Keyboard,Delhi,50,1500,75000,85,35,1,0,7,0,0.0,0.9
2025-05-13,Keyboard,Bangalore,65,1500,97500,107,35,1,0,4,0,0.0,0.9
2025-05-13,Keyboard,Chennai,58,1500,87000,122,35,1,0,4,0,0.0,0.9
2025-05-13,Keyboard,Pune,66,1500,99000,70,35,0,0,4,0,0.0,0.9
2025-05-13,Keyboard,Kolkata,63,1500,94500,93,35,1,0,5,0,0.0,0.9
2025-05-13,Keyboard,Ahmedabad,67,1500,100500,117,35,1,0,6,0,0.0,0.9
2025-05-13,Monitor,Hyderabad,42,18000,756000,29,15,0,0,3,0,0.0,0.9
2025-05-13,Monitor,Mumbai,29,18000,522000,65,15,0,0,2,0,0.0,0.9
2025-05-13,Monitor,Delhi,48,18000,864000,86,15,1,0,5,0,0.0,0.9
2025-05-13,Monitor,Bangalore,50,18000,900000,98,15,1,0,5,0,0.0,0.9
2025-05-13,Monitor,Chennai,31,18000,558000,148,15,1,0,4,0,0.0,0.9
2025-05-13,Monitor,Pune,43,18000,774000,32,15,1,0,6,0,0.0,0.9
2025-05-13,Monitor,Kolkata,32,18000,576000,38,15,0,0,5,0,0.0,0.9
2025-05-13,Monitor,Ahmedabad,35,18000,630000,81,15,1,0,3,0,0.0,0.9
2025-05-13,Mouse,Hyderabad,76,800,60800,76,50,0,0,5,0,0.0,0.9
2025-05-13,Mouse,Mumbai,85,800,68000,104,50,1,0,2,0,0.0,0.9
2025-05-13,Mouse,Delhi,69,800,55200,61,50,0,0,5,0,0.0,0.9
2025-05-13,Mouse,Bangalore,87,800,69600,67,50,0,0,4,0,0.0,0.9
2025-05-13,Mouse,Chennai,85,800,68000,28,50,1,1,2,0,0.0,0.9
2025-05-13,Mouse,Pune,83,800,66400,118,50,1,0,3,0,0.0,0.9
2025-05-13,Mouse,Kolkata,81,800,64800,71,50,1,0,6,0,0.0,0.9
2025-05-13,Mouse,Ahmedabad,75,800,60000,52,50,0,0,3,0,0.0,0.9
2025-05-13,Printer,Hyderabad,31,12000,372000,91,10,1,0,3,0,0.0,0.9
2025-05-13,Printer,Mumbai,25,12000,300000,28,10,0,0,2,0,0.0,0.9
2025-05-13,Printer,Delhi,29,12000,348000,21,10,0,0,4,0,0.0,0.9
2025-05-13,Printer,Bangalore,25,12000,300000,92,10,0,0,5,0,0.0,0.9
2025-05-13,Printer,Chennai,29,12000,348000,24,10,0,0,3,0,0.0,0.9
2025-05-13,Printer,Pune,20,12000,240000,75,10,0,0,4,0,0.0,0.9
2025-05-13,Printer,Kolkata,14,12000,168000,63,10,0,0,2,0,0.0,0.9
2025-05-13,Printer,Ahmedabad,22,12000,264000,62,10,0,0,4,0,0.0,0.9
2025-05-13,Speaker,Hyderabad,67,4000,268000,30,25,1,0,7,0,0.0,0.9
2025-05-13,Speaker,Mumbai,46,4000,184000,52,25,0,0,7,0,0.0,0.9
2025-05-13,Speaker,Delhi,50,4000,200000,76,25,1,0,6,0,0.0,0.9
2025-05-13,Speaker,Bangalore,53,4000,212000,64,25,0,0,6,0,0.0,0.9
2025-05-13,Speaker,Chennai,53,4000,212000,70,25,1,0,5,0,0.0,0.9
2025-05-13,Speaker,Pune,59,4000,236000,39,25,0,0,3,0,0.0,0.9
2025-05-13,Speaker,Kolkata,55,4000,220000,122,25,1,0,3,0,0.0,0.9
2025-05-13,Speaker,Ahmedabad,59,4000,236000,127,25,1,0,2,0,0.0,0.9
2025-05-14,Laptop,Hyderabad,46,55000,2530000,81,20,1,0,4,0,0.0,0.9
2025-05-14,Laptop,Mumbai,38,55000,2090000,73,20,0,0,3,0,0.0,0.9
2025-05-14,Laptop,Delhi,72,55000,3960000,79,20,1,0,2,0,0.0,0.9
2025-05-14,Laptop,Bangalore,57,55000,3135000,65,20,1,0,6,0,0.0,0.9
2025-05-14,Laptop,Chennai,49,55000,2695000,101,20,1,0,6,0,0.0,0.9
2025-05-14,Laptop,Pune,44,55000,2420000,20,20,0,0,7,0,0.0,0.9
2025-05-14,Laptop,Kolkata,41,55000,2255000,96,20,0,0,3,0,0.0,0.9
2025-05-14,Laptop,Ahmedabad,59,55000,3245000,43,20,0,0,4,0,0.0,0.9
2025-05-14,Mobile,Hyderabad,83,20000,1660000,56,30,1,0,5,0,0.0,0.9
2025-05-14,Mobile,Mumbai,67,20000,1340000,63,30,0,0,6,0,0.0,0.9
2025-05-14,Mobile,Delhi,65,20000,1300000,123,30,1,0,2,0,0.0,0.9
2025-05-14,Mobile,Bangalore,76,20000,1520000,96,30,1,0,5,0,0.0,0.9
2025-05-14,Mobile,Chennai,70,20000,1400000,78,30,1,0,3,0,0.0,0.9
2025-05-14,Mobile,Pune,74,20000,1480000,69,30,1,0,3,0,0.0,0.9
2025-05-14,Mobile,Kolkata,63,20000,1260000,83,30,1,0,6,0,0.0,0.9
2025-05-14,Mobile,Ahmedabad,57,20000,1140000,45,30,0,0,5,0,0.0,0.9
2025-05-14,Tablet,Hyderabad,45,30000,1350000,104,25,0,0,6,0,0.0,0.9
2025-05-14,Tablet,Mumbai,48,30000,1440000,118,25,1,0,2,0,0.0,0.9
2025-05-14,Tablet,Delhi,45,30000,1350000,93,25,1,0,3,0,0.0,0.9
2025-05-14,Tablet,Bangalore,52,30000,1560000,74,25,1,0,5,0,0.0,0.9
2025-05-14,Tablet,Chennai,50,30000,1500000,111,25,0,0,6,0,0.0,0.9
2025-05-14,Tablet,Pune,37,30000,1110000,37,25,0,0,4,0,0.0,0.9
2025-05-14,Tablet,Kolkata,32,30000,960000,119,25,0,0,4,0,0.0,0.9
2025-05-14,Tablet,Ahmedabad,50,30000,1500000,78,25,0,0,2,0,0.0,0.9
2025-05-14,Headphones,Hyderabad,67,3000,201000,94,40,0,0,2,0,0.0,0.9
2025-05-14,Headphones,Mumbai,54,3000,162000,70,40,0,0,7,0,0.0,0.9
2025-05-14,Headphones,Delhi,57,3000,171000,139,40,1,0,4,0,0.0,0.9
2025-05-14,Headphones,Bangalore,58,3000,174000,75,40,0,0,3,0,0.0,0.9
2025-05-14,Headphones,Chennai,55,3000,165000,88,40,1,0,6,0,0.0,0.9
2025-05-14,Headphones,Pune,52,3000,156000,88,40,0,0,3,0,0.0,0.9
2025-05-14,Headphones,Kolkata,68,3000,204000,165,40,1,0,7,0,0.0,0.9
2025-05-14,Headphones,Ahmedabad,46,3000,138000,84,40,0,0,3,0,0.0,0.9
2025-05-14,Smartwatch,Hyderabad,39,8000,312000,26,20,0,0,2,0,0.0,0.9
2025-05-14,Smartwatch,Mumbai,40,8000,320000,25,20,0,0,4,0,0.0,0.9
2025-05-14,Smartwatch,Delhi,27,8000,216000,42,20,0,0,6,0,0.0,0.9
2025-05-14,Smartwatch,Bangalore,47,8000,376000,69,20,1,0,5,0,0.0,0.9
2025-05-14,Smartwatch,Chennai,37,8000,296000,140,20,1,0,3,0,0.0,0.9
2025-05-14,Smartwatch,Pune,27,8000,216000,73,20,0,0,4,0,0.0,0.9
2025-05-14,Smartwatch,Kolkata,53,8000,424000,120,20,1,0,2,0,0.0,0.9
2025-05-14,Smartwatch,Ahmedabad,29,8000,232000,73,20,1,0,4,0,0.0,0.9
2025-05-14,Keyboard,Hyderabad,73,1500,109500,63,35,1,0,4,0,0.0,0.9
2025-05-14,Keyboard,Mumbai,79,1500,118500,69,35,0,0,3,0,0.0,0.9
2025-05-14,Keyboard,Delhi,62,1500,93000,166,35,1,0,6,0,0.0,0.9
2025-05-14,Keyboard,Bangalore,67,1500,100500,40,35,0,0,5,0,0.0,0.9
2025-05-14,Keyboard,Chennai,69,1500,103500,53,35,0,0,7,0,0.0,0.9
2025-05-14,Keyboard,Pune,68,1500,102000,82,35,1,0,4,0,0.0,0.9
2025-05-14,Keyboard,Kolkata,61,1500,91500,173,35,1,0,3,0,0.0,0.9
2025-05-14,Keyboard,Ahmedabad,70,1500,105000,47,35,0,0,2,0,0.0,0.9
2025-05-14,Monitor,Hyderabad,20,18000,360000,111,15,1,0,5,0,0.0,0.9
2025-05-14,Monitor,Mumbai,43,18000,774000,22,15,0,0,5,0,0.0,0.9
2025-05-14,Monitor,Delhi,40,18000,720000,46,15,0,0,4,0,0.0,0.9
2025-05-14,Monitor,Bangalore,28,18000,504000,70,15,0,0,5,0,0.0,0.9
2025-05-14,Monitor,Chennai,40,18000,720000,108,15,0,0,4,0,0.0,0.9
2025-05-14,Monitor,Pune,34,18000,612000,65,15,1,0,2,0,0.0,0.9
2025-05-14,Monitor,Kolkata,40,18000,720000,115,15,1,0,4,0,0.0,0.9
2025-05-14,Monitor,Ahmedabad,40,18000,720000,41,15,0,0,7,0,0.0,0.9
2025-05-14,Mouse,Hyderabad,84,800,67200,119,50,1,0,5,0,0.0,0.9
2025-05-14,Mouse,Mumbai,73,800,58400,154,50,1,0,3,0,0.0,0.9
2025-05-14,Mouse,Delhi,90,800,72000,82,50,1,0,3,0,0.0,0.9
2025-05-14,Mouse,Bangalore,69,800,55200,74,50,1,0,5,0,0.0,0.9
2025-05-14,Mouse,Chennai,73,800,58400,16,50,1,1,4,0,0.0,0.9
2025-05-14,Mouse,Pune,70,800,56000,135,50,1,0,6,0,0.0,0.9
2025-05-14,Mouse,Kolkata,80,800,64000,139,50,1,0,4,0,0.0,0.9
2025-05-14,Mouse,Ahmedabad,89,800,71200,31,50,1,1,5,0,0.0,0.9
2025-05-14,Printer,Hyderabad,32,12000,384000,59,10,0,0,4,0,0.0,0.9
2025-05-14,Printer,Mumbai,34,12000,408000,97,10,1,0,2,0,0.0,0.9
2025-05-14,Printer,Delhi,16,12000,192000,102,10,1,0,3,0,0.0,0.9
2025-05-14,Printer,Bangalore,30,12000,360000,62,10,0,0,5,0,0.0,0.9
2025-05-14,Printer,Chennai,30,12000,360000,137,10,1,0,6,0,0.0,0.9
2025-05-14,Printer,Pune,27,12000,324000,48,10,0,0,7,0,0.0,0.9
2025-05-14,Printer,Kolkata,25,12000,300000,38,10,0,0,6,0,0.0,0.9
2025-05-14,Printer,Ahmedabad,26,12000,312000,36,10,0,0,5,0,0.0,0.9
2025-05-14,Speaker,Hyderabad,54,4000,216000,78,25,1,0,7,0,0.0,0.9
2025-05-14,Speaker,Mumbai,50,4000,200000,101,25,1,0,7,0,0.0,0.9
2025-05-14,Speaker,Delhi,48,4000,192000,28,25,0,0,6,0,0.0,0.9
2025-05-14,Speaker,Bangalore,59,4000,236000,85,25,1,0,4,0,0.0,0.9
2025-05-14,Speaker,Chennai,55,4000,220000,78,25,1,0,3,0,0.0,0.9
2025-05-14,Speaker,Pune,44,4000,176000,95,25,1,0,2,0,0.0,0.9
2025-05-14,Speaker,Kolkata,66,4000,264000,56,25,0,0,7,0,0.0,0.9
2025-05-14,Speaker,Ahmedabad,39,4000,156000,88,25,0,0,5,0,0.0,0.9
2025-05-15,Laptop,Hyderabad,56,55000,3080000,25,20,0,0,7,1,13.4,0.9
2025-05-15,Laptop,Mumbai,70,55000,3850000,87,20,1,0,4,1,13.4,0.9
2025-05-15,Laptop,Delhi,69,55000,3795000,67,20,1,0,4,1,13.4,0.9
2025-05-15,Laptop,Bangalore,67,55000,3685000,68,20,1,0,7,1,13.4,0.9
2025-05-15,Laptop,Chennai,55,55000,3025000,46,20,0,0,7,1,13.4,0.9
2025-05-15,Laptop,Pune,59,55000,3245000,34,20,1,0,7,1,13.4,0.9
2025-05-15,Laptop,Kolkata,54,55000,2970000,42,20,0,0,5,1,13.4,0.9
2025-05-15,Laptop,Ahmedabad,64,55000,3520000,56,20,1,0,6,1,13.4,0.9
2025-05-15,Mobile,Hyderabad,87,20000,1740000,96,30,1,0,4,1,13.4,0.9
2025-05-15,Mobile,Mumbai,89,20000,1780000,93,30,1,0,6,1,13.4,0.9
2025-05-15,Mobile,Delhi,87,20000,1740000,36,30,0,0,7,1,13.4,0.9
2025-05-15,Mobile,Bangalore,86,20000,1720000,152,30,1,0,3,1,13.4,0.9
2025-05-15,Mobile,Chennai,80,20000,1600000,145,30,1,0,5,1,13.4,0.9
2025-05-15,Mobile,Pune,88,20000,1760000,126,30,1,0,4,1,13.4,0.9
2025-05-15,Mobile,Kolkata,89,20000,1780000,137,30,1,0,3,1,13.4,0.9
2025-05-15,Mobile,Ahmedabad,93,20000,1860000,97,30,1,0,4,1,13.4,0.9
2025-05-15,Tablet,Hyderabad,58,30000,1740000,46,25,0,0,3,1,13.4,0.9
2025-05-15,Tablet,Mumbai,51,30000,1530000,67,25,0,0,5,1,13.4,0.9
2025-05-15,Tablet,Delhi,55,30000,1650000,38,25,0,0,4,1,13.4,0.9
2025-05-15,Tablet,Bangalore,52,30000,1560000,171,25,1,0,2,1,13.4,0.9
2025-05-15,Tablet,Chennai,33,30000,990000,78,25,0,0,6,1,13.4,0.9
2025-05-15,Tablet,Pune,54,30000,1620000,109,25,1,0,4,1,13.4,0.9
2025-05-15,Tablet,Kolkata,52,30000,1560000,67,25,0,0,2,1,13.4,0.9
2025-05-15,Tablet,Ahmedabad,43,30000,1290000,35,25,0,0,5,1,13.4,0.9
2025-05-15,Headphones,Hyderabad,65,3000,195000,87,40,1,0,6,1,13.4,0.9
2025-05-15,Headphones,Mumbai,80,3000,240000,129,40,1,0,6,1,13.4,0.9
2025-05-15,Headphones,Delhi,74,3000,222000,65,40,0,0,4,1,13.4,0.9
2025-05-15,Headphones,Bangalore,69,3000,207000,142,40,1,0,2,1,13.4,0.9
2025-05-15,Headphones,Chennai,57,3000,171000,113,40,1,0,6,1,13.4,0.9
2025-05-15,Headphones,Pune,52,3000,156000,126,40,1,0,2,1,13.4,0.9
2025-05-15,Headphones,Kolkata,62,3000,186000,103,40,0,0,5,1,13.4,0.9
2025-05-15,Headphones,Ahmedabad,71,3000,213000,162,40,1,0,2,1,13.4,0.9
2025-05-15,Smartwatch,Hyderabad,34,8000,272000,72,20,1,0,3,1,13.4,0.9
2025-05-15,Smartwatch,Mumbai,45,8000,360000,79,20,1,0,2,1,13.4,0.9
2025-05-15,Smartwatch,Delhi,51,8000,408000,86,20,1,0,5,1,13.4,0.9
2025-05-15,Smartwatch,Bangalore,36,8000,288000,33,20,0,0,3,1,13.4,0.9
2025-05-15,Smartwatch,Chennai,44,8000,352000,96,20,0,0,6,1,13.4,0.9
2025-05-15,Smartwatch,Pune,39,8000,312000,34,20,0,0,2,1,13.4,0.9
2025-05-15,Smartwatch,Kolkata,37,8000,296000,83,20,0,0,4,1,13.4,0.9
2025-05-15,Smartwatch,Ahmedabad,42,8000,336000,31,20,0,0,5,1,13.4,0.9
2025-05-15,Keyboard,Hyderabad,77,1500,115500,49,35,1,0,5,1,13.4,0.9
2025-05-15,Keyboard,Mumbai,78,1500,117000,71,35,1,0,2,1,13.4,0.9
2025-05-15,Keyboard,Delhi,75,1500,112500,91,35,0,0,2,1,13.4,0.9
2025-05-15,Keyboard,Bangalore,69,1500,103500,111,35,1,0,7,1,13.4,0.9
2025-05-15,Keyboard,Chennai,74,1500,111000,104,35,1,0,4,1,13.4,0.9
2025-05-15,Keyboard,Pune,72,1500,108000,95,35,1,0,6,1,13.4,0.9
2025-05-15,Keyboard,Kolkata,79,1500,118500,94,35,0,0,7,1,13.4,0.9
2025-05-15,Keyboard,Ahmedabad,64,1500,96000,48,35,1,0,7,1,13.4,0.9
2025-05-15,Monitor,Hyderabad,50,18000,900000,61,15,0,0,3,1,13.4,0.9
2025-05-15,Monitor,Mumbai,49,18000,882000,47,15,1,0,3,1,13.4,0.9
2025-05-15,Monitor,Delhi,53,18000,954000,138,15,1,0,2,1,13.4,0.9
2025-05-15,Monitor,Bangalore,34,18000,612000,36,15,0,0,4,1,13.4,0.9
2025-05-15,Monitor,Chennai,44,18000,792000,64,15,0,0,6,1,13.4,0.9
2025-05-15,Monitor,Pune,54,18000,972000,108,15,1,0,7,1,13.4,0.9
2025-05-15,Monitor,Kolkata,52,18000,936000,63,15,0,0,5,1,13.4,0.9
2025-05-15,Monitor,Ahmedabad,35,18000,630000,67,15,1,0,7,1,13.4,0.9
2025-05-15,Mouse,Hyderabad,92,800,73600,79,50,1,0,6,1,13.4,0.9
2025-05-15,Mouse,Mumbai,94,800,75200,60,50,0,0,4,1,13.4,0.9
2025-05-15,Mouse,Delhi,95,800,76000,120,50,1,0,7,1,13.4,0.9
2025-05-15,Mouse,Bangalore,98,800,78400,89,50,1,0,5,1,13.4,0.9
2025-05-15,Mouse,Chennai,95,800,76000,39,50,1,1,3,1,13.4,0.9
2025-05-15,Mouse,Pune,106,800,84800,160,50,1,0,5,1,13.4,0.9
2025-05-15,Mouse,Kolkata,93,800,74400,138,50,1,0,4,1,13.4,0.9
2025-05-15,Mouse,Ahmedabad,96,800,76800,45,50,1,1,2,1,13.4,0.9
2025-05-15,Printer,Hyderabad,38,12000,456000,21,10,0,0,4,1,13.4,0.9
2025-05-15,Printer,Mumbai,39,12000,468000,58,10,0,0,2,1,13.4,0.9
2025-05-15,Printer,Delhi,35,12000,420000,67,10,0,0,2,1,13.4,0.9
2025-05-15,Printer,Bangalore,49,12000,588000,13,10,0,0,4,1,13.4,0.9
2025-05-15,Printer,Chennai,33,12000,396000,104,10,0,0,3,1,13.4,0.9
2025-05-15,Printer,Pune,39,12000,468000,69,10,1,0,3,1,13.4,0.9
2025-05-15,Printer,Kolkata,29,12000,348000,105,10,1,0,7,1,13.4,0.9
2025-05-15,Printer,Ahmedabad,30,12000,360000,85,10,1,0,4,1,13.4,0.9
2025-05-15,Speaker,Hyderabad,60,4000,240000,105,25,1,0,6,1,13.4,0.9
2025-05-15,Speaker,Mumbai,56,4000,224000,45,25,0,0,3,1,13.4,0.9
2025-05-15,Speaker,Delhi,69,4000,276000,78,25,1,0,6,1,13.4,0.9
2025-05-15,Speaker,Bangalore,65,4000,260000,151,25,1,0,3,1,13.4,0.9
2025-05-15,Speaker,Chennai,80,4000,320000,142,25,1,0,5,1,13.4,0.9
2025-05-15,Speaker,Pune,61,4000,244000,34,25,0,0,7,1,13.4,0.9
2025-05-15,Speaker,Kolkata,65,4000,260000,76,25,1,0,6,1,13.4,0.9
2025-05-15,Speaker,Ahmedabad,63,4000,252000,25,25,0,0,2,1,13.4,0.9
2025-05-16,Laptop,Hyderabad,45,55000,2475000,46,20,1,0,3,0,0.0,0.9
2025-05-16,Laptop,Mumbai,39,55000,2145000,48,20,0,0,5,0,0.0,0.9
2025-05-16,Laptop,Delhi,55,55000,3025000,139,20,1,0,5,0,0.0,0.9
2025-05-16,Laptop,Bangalore,55,55000,3025000,153,20,1,0,2,0,0.0,0.9
2025-05-16,Laptop,Chennai,40,55000,2200000,72,20,1,0,4,0,0.0,0.9
2025-05-16,Laptop,Pune,50,55000,2750000,46,20,1,0,2,0,0.0,0.9
2025-05-16,Laptop,Kolkata,43,55000,2365000,91,20,1,0,6,0,0.0,0.9
2025-05-16,Laptop,Ahmedabad,38,55000,2090000,75,20,1,0,3,0,0.0,0.9
2025-05-16,Mobile,Hyderabad,65,20000,1300000,31,30,0,0,2,0,0.0,0.9
2025-05-16,Mobile,Mumbai,74,20000,1480000,75,30,1,0,2,0,0.0,0.9
2025-05-16,Mobile,Delhi,73,20000,1460000,35,30,1,0,4,0,0.0,0.9
2025-05-16,Mobile,Bangalore,76,20000,1520000,76,30,0,0,3,0,0.0,0.9
2025-05-16,Mobile,Chennai,59,20000,1180000,86,30,0,0,4,0,0.0,0.9
2025-05-16,Mobile,Pune,78,20000,1560000,48,30,0,0,4,0,0.0,0.9
2025-05-16,Mobile,Kolkata,74,20000,1480000,63,30,0,0,6,0,0.0,0.9
2025-05-16,Mobile,Ahmedabad,87,20000,1740000,109,30,1,0,7,0,0.0,0.9
2025-05-16,Tablet,Hyderabad,48,30000,1440000,69,25,1,0,5,0,0.0,0.9
2025-05-16,Tablet,Mumbai,49,30000,1470000,80,25,1,0,2,0,0.0,0.9
2025-05-16,Tablet,Delhi,37,30000,1110000,105,25,1,0,5,0,0.0,0.9
2025-05-16,Tablet,Bangalore,44,30000,1320000,127,25,0,0,7,0,0.0,0.9
2025-05-16,Tablet,Chennai,53,30000,1590000,25,25,0,0,3,0,0.0,0.9
2025-05-16,Tablet,Pune,48,30000,1440000,61,25,0,0,6,0,0.0,0.9
2025-05-16,Tablet,Kolkata,42,30000,1260000,25,25,0,0,2,0,0.0,0.9
2025-05-16,Tablet,Ahmedabad,43,30000,1290000,115,25,1,0,5,0,0.0,0.9
2025-05-16,Headphones,Hyderabad,48,3000,144000,123,40,1,0,2,0,0.0,0.9
2025-05-16,Headphones,Mumbai,62,3000,186000,67,40,0,0,2,0,0.0,0.9
2025-05-16,Headphones,Delhi,55,3000,165000,62,40,1,0,3,0,0.0,0.9
2025-05-16,Headphones,Bangalore,53,3000,159000,89,40,0,0,2,0,0.0,0.9
2025-05-16,Headphones,Chennai,73,3000,219000,40,40,0,0,4,0,0.0,0.9
2025-05-16,Headphones,Pune,40,3000,120000,86,40,0,0,7,0,0.0,0.9
2025-05-16,Headphones,Kolkata,58,3000,174000,45,40,0,0,4,0,0.0,0.9
2025-05-16,Headphones,Ahmedabad,64,3000,192000,98,40,0,0,6,0,0.0,0.9
2025-05-16,Smartwatch,Hyderabad,39,8000,312000,33,20,0,0,2,0,0.0,0.9
2025-05-16,Smartwatch,Mumbai,38,8000,304000,41,20,0,0,5,0,0.0,0.9
2025-05-16,Smartwatch,Delhi,34,8000,272000,52,20,0,0,4,0,0.0,0.9
2025-05-16,Smartwatch,Bangalore,37,8000,296000,109,20,1,0,4,0,0.0,0.9
2025-05-16,Smartwatch,Chennai,38,8000,304000,58,20,0,0,4,0,0.0,0.9
2025-05-16,Smartwatch,Pune,37,8000,296000,125,20,1,0,3,0,0.0,0.9
2025-05-16,Smartwatch,Kolkata,27,8000,216000,56,20,0,0,2,0,0.0,0.9
2025-05-16,Smartwatch,Ahmedabad,28,8000,224000,84,20,1,0,7,0,0.0,0.9
2025-05-16,Keyboard,Hyderabad,67,1500,100500,105,35,1,0,3,0,0.0,0.9
2025-05-16,Keyboard,Mumbai,59,1500,88500,94,35,1,0,4,0,0.0,0.9
2025-05-16,Keyboard,Delhi,54,1500,81000,37,35,0,0,5,0,0.0,0.9
2025-05-16,Keyboard,Bangalore,52,1500,78000,59,35,0,0,5,0,0.0,0.9
2025-05-16,Keyboard,Chennai,61,1500,91500,43,35,0,0,2,0,0.0,0.9
2025-05-16,Keyboard,Pune,60,1500,90000,35,35,0,0,5,0,0.0,0.9
2025-05-16,Keyboard,Kolkata,65,1500,97500,109,35,1,0,2,0,0.0,0.9
2025-05-16,Keyboard,Ahmedabad,68,1500,102000,54,35,1,0,6,0,0.0,0.9
2025-05-16,Monitor,Hyderabad,53,18000,954000,144,15,1,0,3,0,0.0,0.9
2025-05-16,Monitor,Mumbai,41,18000,738000,127,15,1,0,7,0,0.0,0.9
2025-05-16,Monitor,Delhi,47,18000,846000,91,15,0,0,2,0,0.0,0.9
2025-05-16,Monitor,Bangalore,43,18000,774000,82,15,1,0,3,0,0.0,0.9
2025-05-16,Monitor,Chennai,35,18000,630000,29,15,0,0,3,0,0.0,0.9
2025-05-16,Monitor,Pune,39,18000,702000,69,15,0,0,4,0,0.0,0.9
2025-05-16,Monitor,Kolkata,39,18000,702000,24,15,0,0,6,0,0.0,0.9
2025-05-16,Monitor,Ahmedabad,36,18000,648000,31,15,0,0,7,0,0.0,0.9
2025-05-16,Mouse,Hyderabad,104,800,83200,107,50,1,0,5,0,0.0,0.9
2025-05-16,Mouse,Mumbai,74,800,59200,96,50,1,0,7,0,0.0,0.9
2025-05-16,Mouse,Delhi,83,800,66400,128,50,1,0,3,0,0.0,0.9
2025-05-16,Mouse,Bangalore,82,800,65600,112,50,1,0,3,0,0.0,0.9
2025-05-16,Mouse,Chennai,88,800,70400,25,50,1,1,4,0,0.0,0.9
2025-05-16,Mouse,Pune,71,800,56800,89,50,0,0,4,0,0.0,0.9
2025-05-16,Mouse,Kolkata,98,800,78400,159,50,1,0,2,0,0.0,0.9
2025-05-16,Mouse,Ahmedabad,82,800,65600,71,50,1,0,4,0,0.0,0.9
2025-05-16,Printer,Hyderabad,24,12000,288000,106,10,1,0,7,0,0.0,0.9
2025-05-16,Printer,Mumbai,27,12000,324000,31,10,0,0,7,0,0.0,0.9
2025-05-16,Printer,Delhi,32,12000,384000,35,10,0,0,3,0,0.0,0.9
2025-05-16,Printer,Bangalore,25,12000,300000,77,10,1,0,7,0,0.0,0.9
2025-05-16,Printer,Chennai,40,12000,480000,64,10,0,0,6,0,0.0,0.9
2025-05-16,Printer,Pune,24,12000,288000,45,10,0,0,4,0,0.0,0.9
2025-05-16,Printer,Kolkata,31,12000,372000,74,10,0,0,5,0,0.0,0.9
2025-05-16,Printer,Ahmedabad,8,12000,96000,77,10,0,0,3,0,0.0,0.9
2025-05-16,Speaker,Hyderabad,56,4000,224000,49,25,0,0,3,0,0.0,0.9
2025-05-16,Speaker,Mumbai,56,4000,224000,122,25,1,0,7,0,0.0,0.9
2025-05-16,Speaker,Delhi,52,4000,208000,26,25,0,0,6,0,0.0,0.9
2025-05-16,Speaker,Bangalore,45,4000,180000,106,25,0,0,4,0,0.0,0.9
2025-05-16,Speaker,Chennai,51,4000,204000,91,25,0,0,3,0,0.0,0.9
2025-05-16,Speaker,Pune,36,4000,144000,127,25,1,0,2,0,0.0,0.9
2025-05-16,Speaker,Kolkata,39,4000,156000,37,25,0,0,7,0,0.0,0.9
2025-05-16,Speaker,Ahmedabad,48,4000,192000,83,25,1,0,3,0,0.0,0.9
2025-05-17,Laptop,Hyderabad,44,55000,2420000,90,20,1,0,3,0,0.0,0.9
2025-05-17,Laptop,Mumbai,66,55000,3630000,122,20,1,0,6,0,0.0,0.9
2025-05-17,Laptop,Delhi,66,55000,3630000,73,20,0,0,2,0,0.0,0.9
2025-05-17,Laptop,Bangalore,47,55000,2585000,106,20,0,0,5,0,0.0,0.9
2025-05-17,Laptop,Chennai,50,55000,2750000,22,20,0,0,6,0,0.0,0.9
2025-05-17,Laptop,Pune,40,55000,2200000,137,20,1,0,6,0,0.0,0.9
2025-05-17,Laptop,Kolkata,60,55000,3300000,31,20,0,0,6,0,0.0,0.9
2025-05-17,Laptop,Ahmedabad,56,55000,3080000,164,20,1,0,4,0,0.0,0.9
2025-05-17,Mobile,Hyderabad,77,20000,1540000,43,30,1,0,5,0,0.0,0.9
2025-05-17,Mobile,Mumbai,67,20000,1340000,83,30,1,0,7,0,0.0,0.9
2025-05-17,Mobile,Delhi,78,20000,1560000,60,30,1,0,7,0,0.0,0.9
2025-05-17,Mobile,Bangalore,65,20000,1300000,129,30,1,0,5,0,0.0,0.9
2025-05-17,Mobile,Chennai,63,20000,1260000,118,30,1,0,3,0,0.0,0.9
2025-05-17,Mobile,Pune,86,20000,1720000,111,30,1,0,4,0,0.0,0.9
2025-05-17,Mobile,Kolkata,67,20000,1340000,95,30,1,0,5,0,0.0,0.9
2025-05-17,Mobile,Ahmedabad,81,20000,1620000,137,30,1,0,2,0,0.0,0.9
2025-05-17,Tablet,Hyderabad,44,30000,1320000,25,25,0,0,2,0,0.0,0.9
2025-05-17,Tablet,Mumbai,41,30000,1230000,39,25,0,0,5,0,0.0,0.9
2025-05-17,Tablet,Delhi,43,30000,1290000,62,25,0,0,3,0,0.0,0.9
2025-05-17,Tablet,Bangalore,32,30000,960000,95,25,0,0,7,0,0.0,0.9
2025-05-17,Tablet,Chennai,50,30000,1500000,59,25,1,0,2,0,0.0,0.9
2025-05-17,Tablet,Pune,35,30000,1050000,26,25,0,0,4,0,0.0,0.9
2025-05-17,Tablet,Kolkata,34,30000,1020000,139,25,1,0,2,0,0.0,0.9
2025-05-17,Tablet,Ahmedabad,34,30000,1020000,81,25,0,0,5,0,0.0,0.9
2025-05-17,Headphones,Hyderabad,52,3000,156000,71,40,0,0,6,0,0.0,0.9
2025-05-17,Headphones,Mumbai,49,3000,147000,141,40,1,0,4,0,0.0,0.9
2025-05-17,Headphones,Delhi,56,3000,168000,72,40,1,0,7,0,0.0,0.9
2025-05-17,Headphones,Bangalore,44,3000,132000,45,40,0,0,4,0,0.0,0.9
2025-05-17,Headphones,Chennai,47,3000,141000,58,40,1,0,4,0,0.0,0.9
2025-05-17,Headphones,Pune,62,3000,186000,124,40,1,0,4,0,0.0,0.9
2025-05-17,Headphones,Kolkata,66,3000,198000,74,40,1,0,3,0,0.0,0.9
2025-05-17,Headphones,Ahmedabad,65,3000,195000,174,40,1,0,6,0,0.0,0.9
2025-05-17,Smartwatch,Hyderabad,30,8000,240000,121,20,1,0,7,0,0.0,0.9
2025-05-17,Smartwatch,Mumbai,41,8000,328000,144,20,1,0,5,0,0.0,0.9
2025-05-17,Smartwatch,Delhi,26,8000,208000,26,20,0,0,5,0,0.0,0.9
2025-05-17,Smartwatch,Bangalore,38,8000,304000,71,20,0,0,6,0,0.0,0.9
2025-05-17,Smartwatch,Chennai,37,8000,296000,21,20,0,0,4,0,0.0,0.9
2025-05-17,Smartwatch,Pune,42,8000,336000,83,20,0,0,7,0,0.0,0.9
2025-05-17,Smartwatch,Kolkata,36,8000,288000,20,20,0,0,6,0,0.0,0.9
2025-05-17,Smartwatch,Ahmedabad,41,8000,328000,43,20,0,0,7,0,0.0,0.9
2025-05-17,Keyboard,Hyderabad,59,1500,88500,46,35,0,0,6,0,0.0,0.9
2025-05-17,Keyboard,Mumbai,63,1500,94500,123,35,1,0,2,0,0.0,0.9
2025-05-17,Keyboard,Delhi,63,1500,94500,56,35,1,0,6,0,0.0,0.9
2025-05-17,Keyboard,Bangalore,59,1500,88500,107,35,1,0,5,0,0.0,0.9
2025-05-17,Keyboard,Chennai,70,1500,105000,31,35,1,1,6,0,0.0,0.9
2025-05-17,Keyboard,Pune,60,1500,90000,72,35,1,0,5,0,0.0,0.9
2025-05-17,Keyboard,Kolkata,60,1500,90000,49,35,0,0,4,0,0.0,0.9
2025-05-17,Keyboard,Ahmedabad,64,1500,96000,85,35,1,0,7,0,0.0,0.9
2025-05-17,Monitor,Hyderabad,45,18000,810000,99,15,0,0,5,0,0.0,0.9
2025-05-17,Monitor,Mumbai,50,18000,900000,77,15,0,0,5,0,0.0,0.9
2025-05-17,Monitor,Delhi,47,18000,846000,44,15,0,0,4,0,0.0,0.9
2025-05-17,Monitor,Bangalore,48,18000,864000,34,15,0,0,3,0,0.0,0.9
2025-05-17,Monitor,Chennai,48,18000,864000,84,15,1,0,6,0,0.0,0.9
2025-05-17,Monitor,Pune,50,18000,900000,19,15,0,0,2,0,0.0,0.9
2025-05-17,Monitor,Kolkata,22,18000,396000,61,15,1,0,5,0,0.0,0.9
2025-05-17,Monitor,Ahmedabad,41,18000,738000,51,15,1,0,2,0,0.0,0.9
2025-05-17,Mouse,Hyderabad,100,800,80000,103,50,1,0,7,0,0.0,0.9
2025-05-17,Mouse,Mumbai,75,800,60000,129,50,1,0,2,0,0.0,0.9
2025-05-17,Mouse,Delhi,79,800,63200,119,50,1,0,2,0,0.0,0.9
2025-05-17,Mouse,Bangalore,78,800,62400,108,50,1,0,6,0,0.0,0.9
2025-05-17,Mouse,Chennai,91,800,72800,10,50,1,1,5,0,0.0,0.9
2025-05-17,Mouse,Pune,77,800,61600,95,50,1,0,6,0,0.0,0.9
2025-05-17,Mouse,Kolkata,88,800,70400,71,50,0,0,4,0,0.0,0.9
2025-05-17,Mouse,Ahmedabad,87,800,69600,118,50,1,0,7,0,0.0,0.9
2025-05-17,Printer,Hyderabad,22,12000,264000,84,10,0,0,6,0,0.0,0.9
2025-05-17,Printer,Mumbai,27,12000,324000,120,10,1,0,2,0,0.0,0.9
2025-05-17,Printer,Delhi,26,12000,312000,97,10,1,0,4,0,0.0,0.9
2025-05-17,Printer,Bangalore,28,12000,336000,49,10,0,0,6,0,0.0,0.9
2025-05-17,Printer,Chennai,35,12000,420000,29,10,0,0,3,0,0.0,0.9
2025-05-17,Printer,Pune,35,12000,420000,10,10,0,0,3,0,0.0,0.9
2025-05-17,Printer,Kolkata,32,12000,384000,42,10,0,0,4,0,0.0,0.9
2025-05-17,Printer,Ahmedabad,28,12000,336000,49,10,0,0,5,0,0.0,0.9
2025-05-17,Speaker,Hyderabad,49,4000,196000,87,25,1,0,3,0,0.0,0.9
2025-05-17,Speaker,Mumbai,45,4000,180000,77,25,0,0,3,0,0.0,0.9
2025-05-17,Speaker,Delhi,59,4000,236000,81,25,1,0,3,0,0.0,0.9
2025-05-17,Speaker,Bangalore,68,4000,272000,38,25,0,0,6,0,0.0,0.9
2025-05-17,Speaker,Chennai,52,4000,208000,39,25,0,0,2,0,0.0,0.9
2025-05-17,Speaker,Pune,45,4000,180000,82,25,0,0,5,0,0.0,0.9
2025-05-17,Speaker,Kolkata,52,4000,208000,115,25,1,0,7,0,0.0,0.9
2025-05-17,Speaker,Ahmedabad,57,4000,228000,26,25,0,0,6,0,0.0,0.9
2025-05-18,Laptop,Hyderabad,68,55000,3740000,22,20,0,0,2,0,0.0,0.9
2025-05-18,Laptop,Mumbai,43,55000,2365000,79,20,0,0,7,0,0.0,0.9
2025-05-18,Laptop,Delhi,54,55000,2970000,88,20,1,0,2,0,0.0,0.9
2025-05-18,Laptop,Bangalore,44,55000,2420000,62,20,0,0,5,0,0.0,0.9
2025-05-18,Laptop,Chennai,69,55000,3795000,79,20,1,0,3,0,0.0,0.9
2025-05-18,Laptop,Pune,23,55000,1265000,114,20,0,0,3,0,0.0,0.9
2025-05-18,Laptop,Kolkata,48,55000,2640000,74,20,1,0,2,0,0.0,0.9
2025-05-18,Laptop,Ahmedabad,64,55000,3520000,100,20,0,0,4,0,0.0,0.9
2025-05-18,Mobile,Hyderabad,63,20000,1260000,121,30,1,0,7,0,0.0,0.9
2025-05-18,Mobile,Mumbai,73,20000,1460000,105,30,1,0,5,0,0.0,0.9
2025-05-18,Mobile,Delhi,63,20000,1260000,136,30,1,0,3,0,0.0,0.9
2025-05-18,Mobile,Bangalore,68,20000,1360000,61,30,0,0,6,0,0.0,0.9
2025-05-18,Mobile,Chennai,68,20000,1360000,50,30,0,0,5,0,0.0,0.9
2025-05-18,Mobile,Pune,59,20000,1180000,52,30,0,0,5,0,0.0,0.9
2025-05-18,Mobile,Kolkata,76,20000,1520000,84,30,1,0,3,0,0.0,0.9
2025-05-18,Mobile,Ahmedabad,63,20000,1260000,74,30,0,0,7,0,0.0,0.9
2025-05-18,Tablet,Hyderabad,38,30000,1140000,60,25,1,0,5,0,0.0,0.9
2025-05-18,Tablet,Mumbai,45,30000,1350000,86,25,1,0,7,0,0.0,0.9
2025-05-18,Tablet,Delhi,51,30000,1530000,144,25,1,0,2,0,0.0,0.9
2025-05-18,Tablet,Bangalore,44,30000,1320000,51,25,0,0,4,0,0.0,0.9
2025-05-18,Tablet,Chennai,39,30000,1170000,128,25,1,0,2,0,0.0,0.9
2025-05-18,Tablet,Pune,30,30000,900000,66,25,1,0,5,0,0.0,0.9
2025-05-18,Tablet,Kolkata,40,30000,1200000,99,25,0,0,7,0,0.0,0.9
2025-05-18,Tablet,Ahmedabad,44,30000,1320000,37,25,0,0,3,0,0.0,0.9
2025-05-18,Headphones,Hyderabad,52,3000,156000,153,40,1,0,6,0,0.0,0.9
2025-05-18,Headphones,Mumbai,60,3000,180000,81,40,0,0,6,0,0.0,0.9
2025-05-18,Headphones,Delhi,55,3000,165000,127,40,1,0,6,0,0.0,0.9
2025-05-18,Headphones,Bangalore,61,3000,183000,57,40,1,0,3,0,0.0,0.9
2025-05-18,Headphones,Chennai,44,3000,132000,97,40,1,0,2,0,0.0,0.9
2025-05-18,Headphones,Pune,55,3000,165000,69,40,0,0,7,0,0.0,0.9
2025-05-18,Headphones,Kolkata,61,3000,183000,104,40,1,0,6,0,0.0,0.9
2025-05-18,Headphones,Ahmedabad,68,3000,204000,106,40,0,0,4,0,0.0,0.9
2025-05-18,Smartwatch,Hyderabad,45,8000,360000,76,20,0,0,4,0,0.0,0.9
2025-05-18,Smartwatch,Mumbai,31,8000,248000,113,20,0,0,7,0,0.0,0.9
2025-05-18,Smartwatch,Delhi,49,8000,392000,46,20,1,0,3,0,0.0,0.9
2025-05-18,Smartwatch,Bangalore,32,8000,256000,39,20,0,0,5,0,0.0,0.9
2025-05-18,Smartwatch,Chennai,34,8000,272000,41,20,1,0,4,0,0.0,0.9
2025-05-18,Smartwatch,Pune,47,8000,376000,36,20,0,0,4,0,0.0,0.9
2025-05-18,Smartwatch,Kolkata,21,8000,168000,53,20,1,0,5,0,0.0,0.9
2025-05-18,Smartwatch,Ahmedabad,34,8000,272000,146,20,1,0,4,0,0.0,0.9
2025-05-18,Keyboard,Hyderabad,70,1500,105000,51,35,1,0,5,0,0.0,0.9
2025-05-18,Keyboard,Mumbai,63,1500,94500,60,35,0,0,6,0,0.0,0.9
2025-05-18,Keyboard,Delhi,68,1500,102000,59,35,1,0,3,0,0.0,0.9
2025-05-18,Keyboard,Bangalore,62,1500,93000,45,35,0,0,6,0,0.0,0.9
2025-05-18,Keyboard,Chennai,57,1500,85500,76,35,1,0,5,0,0.0,0.9
2025-05-18,Keyboard,Pune,70,1500,105000,97,35,1,0,5,0,0.0,0.9
2025-05-18,Keyboard,Kolkata,59,1500,88500,40,35,1,0,4,0,0.0,0.9
2025-05-18,Keyboard,Ahmedabad,71,1500,106500,94,35,1,0,6,0,0.0,0.9
2025-05-18,Monitor,Hyderabad,52,18000,936000,47,15,0,0,6,0,0.0,0.9
2025-05-18,Monitor,Mumbai,29,18000,522000,48,15,0,0,7,0,0.0,0.9
2025-05-18,Monitor,Delhi,43,18000,774000,118,15,1,0,4,0,0.0,0.9
2025-05-18,Monitor,Bangalore,43,18000,774000,110,15,1,0,3,0,0.0,0.9
2025-05-18,Monitor,Chennai,37,18000,666000,47,15,0,0,6,0,0.0,0.9
2025-05-18,Monitor,Pune,33,18000,594000,95,15,1,0,6,0,0.0,0.9
2025-05-18,Monitor,Kolkata,48,18000,864000,102,15,1,0,5,0,0.0,0.9
2025-05-18,Monitor,Ahmedabad,41,18000,738000,125,15,1,0,4,0,0.0,0.9
2025-05-18,Mouse,Hyderabad,68,800,54400,86,50,1,0,3,0,0.0,0.9
2025-05-18,Mouse,Mumbai,71,800,56800,58,50,0,0,3,0,0.0,0.9
2025-05-18,Mouse,Delhi,75,800,60000,121,50,1,0,4,0,0.0,0.9
2025-05-18,Mouse,Bangalore,66,800,52800,125,50,1,0,7,0,0.0,0.9
2025-05-18,Mouse,Chennai,84,800,67200,49,50,1,1,5,0,0.0,0.9
2025-05-18,Mouse,Pune,81,800,64800,138,50,1,0,5,0,0.0,0.9
2025-05-18,Mouse,Kolkata,68,800,54400,133,50,1,0,2,0,0.0,0.9
2025-05-18,Mouse,Ahmedabad,89,800,71200,106,50,1,0,4,0,0.0,0.9
2025-05-18,Printer,Hyderabad,29,12000,348000,55,10,0,0,5,0,0.0,0.9
2025-05-18,Printer,Mumbai,23,12000,276000,97,10,0,0,6,0,0.0,0.9
2025-05-18,Printer,Delhi,28,12000,336000,69,10,0,0,4,0,0.0,0.9
2025-05-18,Printer,Bangalore,34,12000,408000,15,10,0,0,7,0,0.0,0.9
2025-05-18,Printer,Chennai,39,12000,468000,115,10,1,0,7,0,0.0,0.9
2025-05-18,Printer,Pune,24,12000,288000,128,10,1,0,7,0,0.0,0.9
2025-05-18,Printer,Kolkata,32,12000,384000,10,10,0,0,3,0,0.0,0.9
2025-05-18,Printer,Ahmedabad,18,12000,216000,31,10,0,0,5,0,0.0,0.9
2025-05-18,Speaker,Hyderabad,43,4000,172000,44,25,0,0,5,0,0.0,0.9
2025-05-18,Speaker,Mumbai,49,4000,196000,28,25,0,0,3,0,0.0,0.9
2025-05-18,Speaker,Delhi,56,4000,224000,25,25,0,0,2,0,0.0,0.9
2025-05-18,Speaker,Bangalore,56,4000,224000,112,25,1,0,2,0,0.0,0.9
2025-05-18,Speaker,Chennai,58,4000,232000,55,25,1,0,7,0,0.0,0.9
2025-05-18,Speaker,Pune,38,4000,152000,44,25,0,0,2,0,0.0,0.9
2025-05-18,Speaker,Kolkata,48,4000,192000,67,25,0,0,2,0,0.0,0.9
2025-05-18,Speaker,Ahmedabad,60,4000,240000,103,25,1,0,5,0,0.0,0.9
2025-05-19,Laptop,Hyderabad,52,55000,2860000,105,20,1,0,5,0,0.0,0.9
2025-05-19,Laptop,Mumbai,58,55000,3190000,21,20,0,0,2,0,0.0,0.9
2025-05-19,Laptop,Delhi,56,55000,3080000,32,20,0,0,5,0,0.0,0.9
2025-05-19,Laptop,Bangalore,44,55000,2420000,129,20,1,0,6,0,0.0,0.9
2025-05-19,Laptop,Chennai,46,55000,2530000,33,20,0,0,7,0,0.0,0.9
2025-05-19,Laptop,Pune,40,55000,2200000,74,20,0,0,2,0,0.0,0.9
2025-05-19,Laptop,Kolkata,49,55000,2695000,25,20,0,0,7,0,0.0,0.9
2025-05-19,Laptop,Ahmedabad,43,55000,2365000,57,20,0,0,2,0,0.0,0.9
2025-05-19,Mobile,Hyderabad,67,20000,1340000,54,30,0,0,4,0,0.0,0.9
2025-05-19,Mobile,Mumbai,77,20000,1540000,113,30,1,0,7,0,0.0,0.9
2025-05-19,Mobile,Delhi,68,20000,1360000,68,30,0,0,7,0,0.0,0.9
2025-05-19,Mobile,Bangalore,73,20000,1460000,75,30,1,0,5,0,0.0,0.9
2025-05-19,Mobile,Chennai,73,20000,1460000,112,30,1,0,4,0,0.0,0.9
2025-05-19,Mobile,Pune,69,20000,1380000,103,30,1,0,7,0,0.0,0.9
2025-05-19,Mobile,Kolkata,65,20000,1300000,89,30,1,0,7,0,0.0,0.9
2025-05-19,Mobile,Ahmedabad,72,20000,1440000,120,30,1,0,6,0,0.0,0.9
2025-05-19,Tablet,Hyderabad,34,30000,1020000,26,25,0,0,7,0,0.0,0.9
2025-05-19,Tablet,Mumbai,56,30000,1680000,30,25,0,0,4,0,0.0,0.9
2025-05-19,Tablet,Delhi,41,30000,1230000,103,25,0,0,5,0,0.0,0.9
2025-05-19,Tablet,Bangalore,33,30000,990000,159,25,1,0,3,0,0.0,0.9
2025-05-19,Tablet,Chennai,47,30000,1410000,81,25,0,0,5,0,0.0,0.9
2025-05-19,Tablet,Pune,45,30000,1350000,72,25,1,0,7,0,0.0,0.9
2025-05-19,Tablet,Kolkata,39,30000,1170000,60,25,0,0,5,0,0.0,0.9
2025-05-19,Tablet,Ahmedabad,45,30000,1350000,121,25,1,0,6,0,0.0,0.9
2025-05-19,Headphones,Hyderabad,61,3000,183000,92,40,0,0,7,0,0.0,0.9
2025-05-19,Headphones,Mumbai,59,3000,177000,159,40,1,0,5,0,0.0,0.9
2025-05-19,Headphones,Delhi,54,3000,162000,73,40,0,0,2,0,0.0,0.9
2025-05-19,Headphones,Bangalore,58,3000,174000,118,40,1,0,5,0,0.0,0.9
2025-05-19,Headphones,Chennai,69,3000,207000,142,40,1,0,5,0,0.0,0.9
2025-05-19,Headphones,Pune,79,3000,237000,101,40,1,0,3,0,0.0,0.9
2025-05-19,Headphones,Kolkata,62,3000,186000,42,40,0,0,5,0,0.0,0.9
2025-05-19,Headphones,Ahmedabad,42,3000,126000,64,40,0,0,3,0,0.0,0.9
2025-05-19,Smartwatch,Hyderabad,31,8000,248000,45,20,0,0,7,0,0.0,0.9
2025-05-19,Smartwatch,Mumbai,34,8000,272000,79,20,0,0,3,0,0.0,0.9
2025-05-19,Smartwatch,Delhi,47,8000,376000,105,20,1,0,4,0,0.0,0.9
2025-05-19,Smartwatch,Bangalore,30,8000,240000,116,20,1,0,3,0,0.0,0.9
2025-05-19,Smartwatch,Chennai,37,8000,296000,84,20,1,0,4,0,0.0,0.9
2025-05-19,Smartwatch,Pune,42,8000,336000,55,20,1,0,5,0,0.0,0.9
2025-05-19,Smartwatch,Kolkata,33,8000,264000,20,20,0,0,7,0,0.0,0.9
2025-05-19,Smartwatch,Ahmedabad,31,8000,248000,115,20,0,0,5,0,0.0,0.9
2025-05-19,Keyboard,Hyderabad,75,1500,112500,106,35,1,0,6,0,0.0,0.9
2025-05-19,Keyboard,Mumbai,59,1500,88500,116,35,1,0,7,0,0.0,0.9
2025-05-19,Keyboard,Delhi,67,1500,100500,88,35,1,0,5,0,0.0,0.9
2025-05-19,Keyboard,Bangalore,49,1500,73500,122,35,1,0,6,0,0.0,0.9
2025-05-19,Keyboard,Chennai,70,1500,105000,93,35,1,0,7,0,0.0,0.9
2025-05-19,Keyboard,Pune,63,1500,94500,127,35,1,0,6,0,0.0,0.9
2025-05-19,Keyboard,Kolkata,57,1500,85500,101,35,1,0,5,0,0.0,0.9
2025-05-19,Keyboard,Ahmedabad,59,1500,88500,35,35,0,0,3,0,0.0,0.9
2025-05-19,Monitor,Hyderabad,37,18000,666000,96,15,1,0,2,0,0.0,0.9
2025-05-19,Monitor,Mumbai,44,18000,792000,63,15,1,0,7,0,0.0,0.9
2025-05-19,Monitor,Delhi,46,18000,828000,72,15,0,0,4,0,0.0,0.9
2025-05-19,Monitor,Bangalore,40,18000,720000,70,15,0,0,2,0,0.0,0.9
2025-05-19,Monitor,Chennai,37,18000,666000,159,15,1,0,5,0,0.0,0.9
2025-05-19,Monitor,Pune,34,18000,612000,61,15,0,0,5,0,0.0,0.9
2025-05-19,Monitor,Kolkata,23,18000,414000,79,15,0,0,3,0,0.0,0.9
2025-05-19,Monitor,Ahmedabad,51,18000,918000,74,15,0,0,2,0,0.0,0.9
2025-05-19,Mouse,Hyderabad,90,800,72000,79,50,1,0,6,0,0.0,0.9
2025-05-19,Mouse,Mumbai,86,800,68800,62,50,1,0,6,0,0.0,0.9
2025-05-19,Mouse,Delhi,67,800,53600,54,50,0,0,5,0,0.0,0.9
2025-05-19,Mouse,Bangalore,78,800,62400,158,50,1,0,3,0,0.0,0.9
2025-05-19,Mouse,Chennai,68,800,54400,123,50,1,0,6,0,0.0,0.9
2025-05-19,Mouse,Pune,80,800,64000,58,50,0,0,6,0,0.0,0.9
2025-05-19,Mouse,Kolkata,81,800,64800,52,50,0,0,7,0,0.0,0.9
2025-05-19,Mouse,Ahmedabad,71,800,56800,164,50,1,0,7,0,0.0,0.9
2025-05-19,Printer,Hyderabad,19,12000,228000,36,10,0,0,2,0,0.0,0.9
2025-05-19,Printer,Mumbai,17,12000,204000,80,10,0,0,3,0,0.0,0.9
2025-05-19,Printer,Delhi,32,12000,384000,37,10,0,0,7,0,0.0,0.9
2025-05-19,Printer,Bangalore,22,12000,264000,134,10,1,0,2,0,0.0,0.9
2025-05-19,Printer,Chennai,30,12000,360000,85,10,0,0,5,0,0.0,0.9
2025-05-19,Printer,Pune,35,12000,420000,93,10,0,0,4,0,0.0,0.9
2025-05-19,Printer,Kolkata,19,12000,228000,64,10,1,0,2,0,0.0,0.9
2025-05-19,Printer,Ahmedabad,30,12000,360000,117,10,1,0,3,0,0.0,0.9
2025-05-19,Speaker,Hyderabad,52,4000,208000,48,25,1,0,4,0,0.0,0.9
2025-05-19,Speaker,Mumbai,66,4000,264000,93,25,1,0,6,0,0.0,0.9
2025-05-19,Speaker,Delhi,58,4000,232000,54,25,1,0,3,0,0.0,0.9
2025-05-19,Speaker,Bangalore,51,4000,204000,61,25,0,0,6,0,0.0,0.9
2025-05-19,Speaker,Chennai,37,4000,148000,167,25,1,0,3,0,0.0,0.9
2025-05-19,Speaker,Pune,62,4000,248000,92,25,1,0,7,0,0.0,0.9
2025-05-19,Speaker,Kolkata,52,4000,208000,99,25,1,0,4,0,0.0,0.9
2025-05-19,Speaker,Ahmedabad,45,4000,180000,58,25,0,0,3,0,0.0,0.9
2025-05-20,Laptop,Hyderabad,52,55000,2860000,53,20,0,0,3,0,0.0,0.9
2025-05-20,Laptop,Mumbai,49,55000,2695000,41,20,1,0,3,0,0.0,0.9
2025-05-20,Laptop,Delhi,45,55000,2475000,81,20,1,0,5,0,0.0,0.9
2025-05-20,Laptop,Bangalore,33,55000,1815000,96,20,0,0,3,0,0.0,0.9
2025-05-20,Laptop,Chennai,54,55000,2970000,39,20,1,0,5,0,0.0,0.9
2025-05-20,Laptop,Pune,42,55000,2310000,32,20,0,0,5,0,0.0,0.9
2025-05-20,Laptop,Kolkata,42,55000,2310000,114,20,1,0,2,0,0.0,0.9
2025-05-20,Laptop,Ahmedabad,42,55000,2310000,146,20,1,0,7,0,0.0,0.9
2025-05-20,Mobile,Hyderabad,68,20000,1360000,136,30,1,0,4,0,0.0,0.9
2025-05-20,Mobile,Mumbai,75,20000,1500000,38,30,0,0,5,0,0.0,0.9
2025-05-20,Mobile,Delhi,60,20000,1200000,67,30,1,0,2,0,0.0,0.9
2025-05-20,Mobile,Bangalore,64,20000,1280000,104,30,1,0,5,0,0.0,0.9
2025-05-20,Mobile,Chennai,61,20000,1220000,51,30,0,0,7,0,0.0,0.9
2025-05-20,Mobile,Pune,71,20000,1420000,32,30,0,0,2,0,0.0,0.9
2025-05-20,Mobile,Kolkata,74,20000,1480000,147,30,1,0,2,0,0.0,0.9
2025-05-20,Mobile,Ahmedabad,74,20000,1480000,46,30,0,0,2,0,0.0,0.9
2025-05-20,Tablet,Hyderabad,46,30000,1380000,113,25,1,0,3,0,0.0,0.9
2025-05-20,Tablet,Mumbai,55,30000,1650000,79,25,1,0,5,0,0.0,0.9
2025-05-20,Tablet,Delhi,44,30000,1320000,59,25,0,0,2,0,0.0,0.9
2025-05-20,Tablet,Bangalore,48,30000,1440000,111,25,0,0,5,0,0.0,0.9
2025-05-20,Tablet,Chennai,51,30000,1530000,30,25,0,0,2,0,0.0,0.9
2025-05-20,Tablet,Pune,45,30000,1350000,27,25,0,0,4,0,0.0,0.9
2025-05-20,Tablet,Kolkata,52,30000,1560000,119,25,1,0,4,0,0.0,0.9
2025-05-20,Tablet,Ahmedabad,49,30000,1470000,72,25,0,0,7,0,0.0,0.9
2025-05-20,Headphones,Hyderabad,64,3000,192000,104,40,1,0,4,0,0.0,0.9
2025-05-20,Headphones,Mumbai,61,3000,183000,98,40,0,0,5,0,0.0,0.9
2025-05-20,Headphones,Delhi,59,3000,177000,114,40,1,0,5,0,0.0,0.9
2025-05-20,Headphones,Bangalore,64,3000,192000,54,40,0,0,5,0,0.0,0.9
2025-05-20,Headphones,Chennai,57,3000,171000,85,40,0,0,7,0,0.0,0.9
2025-05-20,Headphones,Pune,62,3000,186000,187,40,1,0,3,0,0.0,0.9
2025-05-20,Headphones,Kolkata,73,3000,219000,68,40,1,0,6,0,0.0,0.9
2025-05-20,Headphones,Ahmedabad,66,3000,198000,114,40,1,0,3,0,0.0,0.9
2025-05-20,Smartwatch,Hyderabad,31,8000,248000,138,20,1,0,3,0,0.0,0.9
2025-05-20,Smartwatch,Mumbai,24,8000,192000,55,20,0,0,7,0,0.0,0.9
2025-05-20,Smartwatch,Delhi,27,8000,216000,78,20,0,0,4,0,0.0,0.9
2025-05-20,Smartwatch,Bangalore,35,8000,280000,81,20,0,0,5,0,0.0,0.9
2025-05-20,Smartwatch,Chennai,48,8000,384000,36,20,0,0,5,0,0.0,0.9
2025-05-20,Smartwatch,Pune,59,8000,472000,133,20,1,0,6,0,0.0,0.9
2025-05-20,Smartwatch,Kolkata,42,8000,336000,123,20,1,0,2,0,0.0,0.9
2025-05-20,Smartwatch,Ahmedabad,38,8000,304000,77,20,0,0,2,0,0.0,0.9
2025-05-20,Keyboard,Hyderabad,66,1500,99000,40,35,0,0,6,0,0.0,0.9
2025-05-20,Keyboard,Mumbai,42,1500,63000,74,35,0,0,4,0,0.0,0.9
2025-05-20,Keyboard,Delhi,45,1500,67500,43,35,0,0,5,0,0.0,0.9
2025-05-20,Keyboard,Bangalore,48,1500,72000,74,35,0,0,4,0,0.0,0.9
2025-05-20,Keyboard,Chennai,58,1500,87000,35,35,0,0,5,0,0.0,0.9
2025-05-20,Keyboard,Pune,59,1500,88500,68,35,0,0,2,0,0.0,0.9
2025-05-20,Keyboard,Kolkata,70,1500,105000,105,35,1,0,2,0,0.0,0.9
2025-05-20,Keyboard,Ahmedabad,63,1500,94500,105,35,1,0,4,0,0.0,0.9
2025-05-20,Monitor,Hyderabad,36,18000,648000,60,15,0,0,2,0,0.0,0.9
2025-05-20,Monitor,Mumbai,26,18000,468000,37,15,0,0,3,0,0.0,0.9
2025-05-20,Monitor,Delhi,20,18000,360000,52,15,0,0,6,0,0.0,0.9
2025-05-20,Monitor,Bangalore,42,18000,756000,28,15,0,0,5,0,0.0,0.9
2025-05-20,Monitor,Chennai,34,18000,612000,125,15,0,0,7,0,0.0,0.9
2025-05-20,Monitor,Pune,30,18000,540000,31,15,0,0,2,0,0.0,0.9
2025-05-20,Monitor,Kolkata,32,18000,576000,47,15,0,0,3,0,0.0,0.9
2025-05-20,Monitor,Ahmedabad,48,18000,864000,26,15,0,0,6,0,0.0,0.9
2025-05-20,Mouse,Hyderabad,89,800,71200,42,50,1,1,5,0,0.0,0.9
2025-05-20,Mouse,Mumbai,89,800,71200,75,50,1,0,3,0,0.0,0.9
2025-05-20,Mouse,Delhi,91,800,72800,75,50,1,0,3,0,0.0,0.9
2025-05-20,Mouse,Bangalore,98,800,78400,60,50,0,0,3,0,0.0,0.9
2025-05-20,Mouse,Chennai,72,800,57600,51,50,0,0,4,0,0.0,0.9
2025-05-20,Mouse,Pune,80,800,64000,83,50,1,0,6,0,0.0,0.9
2025-05-20,Mouse,Kolkata,85,800,68000,107,50,1,0,2,0,0.0,0.9
2025-05-20,Mouse,Ahmedabad,77,800,61600,87,50,0,0,7,0,0.0,0.9
2025-05-20,Printer,Hyderabad,27,12000,324000,116,10,1,0,6,0,0.0,0.9
2025-05-20,Printer,Mumbai,30,12000,360000,50,10,0,0,2,0,0.0,0.9
2025-05-20,Printer,Delhi,21,12000,252000,16,10,0,0,2,0,0.0,0.9
2025-05-20,Printer,Bangalore,35,12000,420000,99,10,0,0,7,0,0.0,0.9
2025-05-20,Printer,Chennai,26,12000,312000,59,10,0,0,5,0,0.0,0.9
2025-05-20,Printer,Pune,24,12000,288000,69,10,0,0,2,0,0.0,0.9
2025-05-20,Printer,Kolkata,26,12000,312000,38,10,0,0,4,0,0.0,0.9
2025-05-20,Printer,Ahmedabad,22,12000,264000,95,10,0,0,2,0,0.0,0.9
2025-05-20,Speaker,Hyderabad,48,4000,192000,125,25,1,0,6,0,0.0,0.9
2025-05-20,Speaker,Mumbai,59,4000,236000,34,25,0,0,6,0,0.0,0.9
2025-05-20,Speaker,Delhi,54,4000,216000,70,25,1,0,7,0,0.0,0.9
2025-05-20,Speaker,Bangalore,57,4000,228000,153,25,1,0,5,0,0.0,0.9
2025-05-20,Speaker,Chennai,46,4000,184000,121,25,0,0,6,0,0.0,0.9
2025-05-20,Speaker,Pune,51,4000,204000,41,25,0,0,4,0,0.0,0.9
2025-05-20,Speaker,Kolkata,61,4000,244000,38,25,0,0,5,0,0.0,0.9
2025-05-20,Speaker,Ahmedabad,57,4000,228000,91,25,1,0,5,0,0.0,0.9
2025-05-21,Laptop,Hyderabad,46,55000,2530000,150,20,1,0,6,0,0.0,0.9
2025-05-21,Laptop,Mumbai,51,55000,2805000,128,20,1,0,5,0,0.0,0.9
2025-05-21,Laptop,Delhi,61,55000,3355000,20,20,0,0,5,0,0.0,0.9
2025-05-21,Laptop,Bangalore,41,55000,2255000,55,20,0,0,2,0,0.0,0.9
2025-05-21,Laptop,Chennai,61,55000,3355000,54,20,1,0,2,0,0.0,0.9
2025-05-21,Laptop,Pune,40,55000,2200000,118,20,1,0,4,0,0.0,0.9
2025-05-21,Laptop,Kolkata,42,55000,2310000,72,20,0,0,6,0,0.0,0.9
2025-05-21,Laptop,Ahmedabad,43,55000,2365000,103,20,0,0,7,0,0.0,0.9
2025-05-21,Mobile,Hyderabad,82,20000,1640000,54,30,0,0,6,0,0.0,0.9
2025-05-21,Mobile,Mumbai,69,20000,1380000,67,30,1,0,5,0,0.0,0.9
2025-05-21,Mobile,Delhi,71,20000,1420000,72,30,1,0,4,0,0.0,0.9
2025-05-21,Mobile,Bangalore,75,20000,1500000,109,30,1,0,6,0,0.0,0.9
2025-05-21,Mobile,Chennai,75,20000,1500000,85,30,1,0,3,0,0.0,0.9
2025-05-21,Mobile,Pune,70,20000,1400000,59,30,1,0,6,0,0.0,0.9
2025-05-21,Mobile,Kolkata,60,20000,1200000,87,30,0,0,4,0,0.0,0.9
2025-05-21,Mobile,Ahmedabad,72,20000,1440000,118,30,1,0,5,0,0.0,0.9
2025-05-21,Tablet,Hyderabad,40,30000,1200000,73,25,0,0,4,0,0.0,0.9
2025-05-21,Tablet,Mumbai,47,30000,1410000,32,25,0,0,6,0,0.0,0.9
2025-05-21,Tablet,Delhi,47,30000,1410000,112,25,1,0,4,0,0.0,0.9
2025-05-21,Tablet,Bangalore,34,30000,1020000,77,25,0,0,5,0,0.0,0.9
2025-05-21,Tablet,Chennai,28,30000,840000,70,25,1,0,6,0,0.0,0.9
2025-05-21,Tablet,Pune,43,30000,1290000,132,25,1,0,2,0,0.0,0.9
2025-05-21,Tablet,Kolkata,51,30000,1530000,68,25,0,0,4,0,0.0,0.9
2025-05-21,Tablet,Ahmedabad,37,30000,1110000,35,25,0,0,7,0,0.0,0.9
2025-05-21,Headphones,Hyderabad,52,3000,156000,52,40,0,0,4,0,0.0,0.9
2025-05-21,Headphones,Mumbai,56,3000,168000,42,40,0,0,6,0,0.0,0.9
2025-05-21,Headphones,Delhi,58,3000,174000,56,40,0,0,4,0,0.0,0.9
2025-05-21,Headphones,Bangalore,65,3000,195000,62,40,1,0,6,0,0.0,0.9
2025-05-21,Headphones,Chennai,49,3000,147000,181,40,1,0,5,0,0.0,0.9
2025-05-21,Headphones,Pune,52,3000,156000,135,40,0,0,2,0,0.0,0.9
2025-05-21,Headphones,Kolkata,65,3000,195000,150,40,1,0,5,0,0.0,0.9
2025-05-21,Headphones,Ahmedabad,53,3000,159000,61,40,0,0,7,0,0.0,0.9
2025-05-21,Smartwatch,Hyderabad,32,8000,256000,106,20,0,0,2,0,0.0,0.9
2025-05-21,Smartwatch,Mumbai,25,8000,200000,30,20,0,0,3,0,0.0,0.9
2025-05-21,Smartwatch,Delhi,23,8000,184000,55,20,0,0,5,0,0.0,0.9
2025-05-21,Smartwatch,Bangalore,44,8000,352000,37,20,0,0,6,0,0.0,0.9
2025-05-21,Smartwatch,Chennai,36,8000,288000,59,20,1,0,6,0,0.0,0.9
2025-05-21,Smartwatch,Pune,39,8000,312000,94,20,0,0,5,0,0.0,0.9
2025-05-21,Smartwatch,Kolkata,49,8000,392000,74,20,0,0,2,0,0.0,0.9
2025-05-21,Smartwatch,Ahmedabad,37,8000,296000,40,20,0,0,4,0,0.0,0.9
2025-05-21,Keyboard,Hyderabad,72,1500,108000,116,35,1,0,2,0,0.0,0.9
2025-05-21,Keyboard,Mumbai,51,1500,76500,93,35,1,0,3,0,0.0,0.9
2025-05-21,Keyboard,Delhi,63,1500,94500,117,35,1,0,5,0,0.0,0.9
2025-05-21,Keyboard,Bangalore,73,1500,109500,89,35,1,0,4,0,0.0,0.9
2025-05-21,Keyboard,Chennai,73,1500,109500,93,35,1,0,3,0,0.0,0.9
2025-05-21,Keyboard,Pune,60,1500,90000,153,35,1,0,3,0,0.0,0.9
2025-05-21,Keyboard,Kolkata,65,1500,97500,40,35,0,0,5,0,0.0,0.9
2025-05-21,Keyboard,Ahmedabad,69,1500,103500,36,35,0,0,5,0,0.0,0.9
2025-05-21,Monitor,Hyderabad,48,18000,864000,108,15,1,0,2,0,0.0,0.9
2025-05-21,Monitor,Mumbai,17,18000,306000,20,15,0,0,6,0,0.0,0.9
2025-05-21,Monitor,Delhi,37,18000,666000,15,15,0,0,6,0,0.0,0.9
2025-05-21,Monitor,Bangalore,40,18000,720000,83,15,1,0,4,0,0.0,0.9
2025-05-21,Monitor,Chennai,37,18000,666000,88,15,0,0,5,0,0.0,0.9
2025-05-21,Monitor,Pune,51,18000,918000,55,15,1,0,6,0,0.0,0.9
2025-05-21,Monitor,Kolkata,36,18000,648000,118,15,1,0,2,0,0.0,0.9
2025-05-21,Monitor,Ahmedabad,37,18000,666000,100,15,1,0,7,0,0.0,0.9
2025-05-21,Mouse,Hyderabad,96,800,76800,14,50,1,1,5,0,0.0,0.9
2025-05-21,Mouse,Mumbai,72,800,57600,65,50,1,0,6,0,0.0,0.9
2025-05-21,Mouse,Delhi,77,800,61600,139,50,1,0,7,0,0.0,0.9
2025-05-21,Mouse,Bangalore,82,800,65600,120,50,1,0,3,0,0.0,0.9
2025-05-21,Mouse,Chennai,75,800,60000,28,50,1,1,6,0,0.0,0.9
2025-05-21,Mouse,Pune,83,800,66400,101,50,1,0,3,0,0.0,0.9
2025-05-21,Mouse,Kolkata,79,800,63200,104,50,1,0,7,0,0.0,0.9
2025-05-21,Mouse,Ahmedabad,91,800,72800,138,50,1,0,6,0,0.0,0.9
2025-05-21,Printer,Hyderabad,27,12000,324000,89,10,0,0,7,0,0.0,0.9
2025-05-21,Printer,Mumbai,21,12000,252000,29,10,0,0,5,0,0.0,0.9
2025-05-21,Printer,Delhi,24,12000,288000,81,10,1,0,4,0,0.0,0.9
2025-05-21,Printer,Bangalore,34,12000,408000,65,10,0,0,7,0,0.0,0.9
2025-05-21,Printer,Chennai,22,12000,264000,37,10,0,0,7,0,0.0,0.9
2025-05-21,Printer,Pune,36,12000,432000,33,10,0,0,3,0,0.0,0.9
2025-05-21,Printer,Kolkata,19,12000,228000,19,10,0,0,6,0,0.0,0.9
2025-05-21,Printer,Ahmedabad,25,12000,300000,70,10,0,0,6,0,0.0,0.9
2025-05-21,Speaker,Hyderabad,67,4000,268000,58,25,0,0,2,0,0.0,0.9
2025-05-21,Speaker,Mumbai,43,4000,172000,103,25,1,0,6,0,0.0,0.9
2025-05-21,Speaker,Delhi,45,4000,180000,25,25,0,0,6,0,0.0,0.9
2025-05-21,Speaker,Bangalore,60,4000,240000,93,25,0,0,4,0,0.0,0.9
2025-05-21,Speaker,Chennai,50,4000,200000,71,25,0,0,7,0,0.0,0.9
2025-05-21,Speaker,Pune,42,4000,168000,128,25,1,0,6,0,0.0,0.9
2025-05-21,Speaker,Kolkata,45,4000,180000,82,25,1,0,5,0,0.0,0.9
2025-05-21,Speaker,Ahmedabad,47,4000,188000,44,25,0,0,6,0,0.0,0.9
2025-05-22,Laptop,Hyderabad,72,55000,3960000,78,20,0,0,4,0,0.0,0.9
2025-05-22,Laptop,Mumbai,44,55000,2420000,84,20,0,0,3,0,0.0,0.9
2025-05-22,Laptop,Delhi,54,55000,2970000,105,20,1,0,5,0,0.0,0.9
2025-05-22,Laptop,Bangalore,64,55000,3520000,65,20,1,0,6,0,0.0,0.9
2025-05-22,Laptop,Chennai,46,55000,2530000,61,20,1,0,3,0,0.0,0.9
2025-05-22,Laptop,Pune,47,55000,2585000,71,20,0,0,5,0,0.0,0.9
2025-05-22,Laptop,Kolkata,57,55000,3135000,123,20,1,0,4,0,0.0,0.9
2025-05-22,Laptop,Ahmedabad,59,55000,3245000,44,20,0,0,4,0,0.0,0.9
2025-05-22,Mobile,Hyderabad,61,20000,1220000,125,30,1,0,7,0,0.0,0.9
2025-05-22,Mobile,Mumbai,87,20000,1740000,56,30,1,0,7,0,0.0,0.9
2025-05-22,Mobile,Delhi,73,20000,1460000,94,30,1,0,4,0,0.0,0.9
2025-05-22,Mobile,Bangalore,61,20000,1220000,48,30,0,0,6,0,0.0,0.9
2025-05-22,Mobile,Chennai,77,20000,1540000,95,30,1,0,7,0,0.0,0.9
2025-05-22,Mobile,Pune,76,20000,1520000,108,30,1,0,2,0,0.0,0.9
2025-05-22,Mobile,Kolkata,82,20000,1640000,70,30,1,0,4,0,0.0,0.9
2025-05-22,Mobile,Ahmedabad,55,20000,1100000,63,30,0,0,3,0,0.0,0.9
2025-05-22,Tablet,Hyderabad,46,30000,1380000,27,25,0,0,3,0,0.0,0.9
2025-05-22,Tablet,Mumbai,40,30000,1200000,138,25,1,0,6,0,0.0,0.9
2025-05-22,Tablet,Delhi,46,30000,1380000,66,25,0,0,3,0,0.0,0.9
2025-05-22,Tablet,Bangalore,28,30000,840000,49,25,0,0,6,0,0.0,0.9
2025-05-22,Tablet,Chennai,39,30000,1170000,31,25,0,0,3,0,0.0,0.9
2025-05-22,Tablet,Pune,37,30000,1110000,95,25,0,0,7,0,0.0,0.9
2025-05-22,Tablet,Kolkata,25,30000,750000,43,25,0,0,5,0,0.0,0.9
2025-05-22,Tablet,Ahmedabad,36,30000,1080000,84,25,1,0,4,0,0.0,0.9
2025-05-22,Headphones,Hyderabad,60,3000,180000,49,40,1,0,4,0,0.0,0.9
2025-05-22,Headphones,Mumbai,45,3000,135000,103,40,1,0,2,0,0.0,0.9
2025-05-22,Headphones,Delhi,60,3000,180000,77,40,1,0,5,0,0.0,0.9
2025-05-22,Headphones,Bangalore,37,3000,111000,112,40,1,0,2,0,0.0,0.9
2025-05-22,Headphones,Chennai,59,3000,177000,122,40,0,0,2,0,0.0,0.9
2025-05-22,Headphones,Pune,46,3000,138000,89,40,0,0,4,0,0.0,0.9
2025-05-22,Headphones,Kolkata,53,3000,159000,97,40,0,0,4,0,0.0,0.9
2025-05-22,Headphones,Ahmedabad,57,3000,171000,102,40,1,0,4,0,0.0,0.9
2025-05-22,Smartwatch,Hyderabad,45,8000,360000,61,20,0,0,5,0,0.0,0.9
2025-05-22,Smartwatch,Mumbai,37,8000,296000,122,20,1,0,5,0,0.0,0.9
2025-05-22,Smartwatch,Delhi,30,8000,240000,25,20,0,0,3,0,0.0,0.9
2025-05-22,Smartwatch,Bangalore,36,8000,288000,110,20,1,0,6,0,0.0,0.9
2025-05-22,Smartwatch,Chennai,31,8000,248000,28,20,0,0,7,0,0.0,0.9
2025-05-22,Smartwatch,Pune,38,8000,304000,56,20,0,0,4,0,0.0,0.9
2025-05-22,Smartwatch,Kolkata,46,8000,368000,28,20,0,0,6,0,0.0,0.9
2025-05-22,Smartwatch,Ahmedabad,32,8000,256000,118,20,1,0,7,0,0.0,0.9
2025-05-22,Keyboard,Hyderabad,71,1500,106500,45,35,0,0,5,0,0.0,0.9
2025-05-22,Keyboard,Mumbai,53,1500,79500,40,35,0,0,7,0,0.0,0.9
2025-05-22,Keyboard,Delhi,53,1500,79500,64,35,0,0,3,0,0.0,0.9
2025-05-22,Keyboard,Bangalore,63,1500,94500,91,35,1,0,6,0,0.0,0.9
2025-05-22,Keyboard,Chennai,57,1500,85500,36,35,0,0,7,0,0.0,0.9
2025-05-22,Keyboard,Pune,75,1500,112500,78,35,0,0,5,0,0.0,0.9
2025-05-22,Keyboard,Kolkata,59,1500,88500,128,35,1,0,7,0,0.0,0.9
2025-05-22,Keyboard,Ahmedabad,56,1500,84000,57,35,1,0,6,0,0.0,0.9
2025-05-22,Monitor,Hyderabad,33,18000,594000,75,15,0,0,7,0,0.0,0.9
2025-05-22,Monitor,Mumbai,39,18000,702000,77,15,1,0,4,0,0.0,0.9
2025-05-22,Monitor,Delhi,43,18000,774000,37,15,1,0,3,0,0.0,0.9
2025-05-22,Monitor,Bangalore,44,18000,792000,39,15,0,0,2,0,0.0,0.9
2025-05-22,Monitor,Chennai,39,18000,702000,49,15,0,0,7,0,0.0,0.9
2025-05-22,Monitor,Pune,32,18000,576000,23,15,0,0,5,0,0.0,0.9
2025-05-22,Monitor,Kolkata,36,18000,648000,82,15,0,0,4,0,0.0,0.9
2025-05-22,Monitor,Ahmedabad,54,18000,972000,46,15,0,0,5,0,0.0,0.9
2025-05-22,Mouse,Hyderabad,68,800,54400,70,50,1,0,6,0,0.0,0.9
2025-05-22,Mouse,Mumbai,102,800,81600,19,50,1,1,2,0,0.0,0.9
2025-05-22,Mouse,Delhi,77,800,61600,62,50,0,0,6,0,0.0,0.9
2025-05-22,Mouse,Bangalore,83,800,66400,172,50,1,0,2,0,0.0,0.9
2025-05-22,Mouse,Chennai,105,800,84000,38,50,1,1,3,0,0.0,0.9
2025-05-22,Mouse,Pune,75,800,60000,112,50,1,0,6,0,0.0,0.9
2025-05-22,Mouse,Kolkata,73,800,58400,105,50,1,0,6,0,0.0,0.9
2025-05-22,Mouse,Ahmedabad,71,800,56800,67,50,0,0,5,0,0.0,0.9
2025-05-22,Printer,Hyderabad,19,12000,228000,70,10,0,0,3,0,0.0,0.9
2025-05-22,Printer,Mumbai,44,12000,528000,58,10,1,0,5,0,0.0,0.9
2025-05-22,Printer,Delhi,27,12000,324000,54,10,0,0,7,0,0.0,0.9
2025-05-22,Printer,Bangalore,19,12000,228000,46,10,0,0,4,0,0.0,0.9
2025-05-22,Printer,Chennai,22,12000,264000,15,10,0,0,7,0,0.0,0.9
2025-05-22,Printer,Pune,18,12000,216000,15,10,0,0,7,0,0.0,0.9
2025-05-22,Printer,Kolkata,36,12000,432000,51,10,1,0,4,0,0.0,0.9
2025-05-22,Printer,Ahmedabad,15,12000,180000,55,10,0,0,6,0,0.0,0.9
2025-05-22,Speaker,Hyderabad,50,4000,200000,136,25,1,0,5,0,0.0,0.9
2025-05-22,Speaker,Mumbai,58,4000,232000,45,25,0,0,5,0,0.0,0.9
2025-05-22,Speaker,Delhi,73,4000,292000,28,25,1,0,5,0,0.0,0.9
2025-05-22,Speaker,Bangalore,41,4000,164000,52,25,0,0,4,0,0.0,0.9
2025-05-22,Speaker,Chennai,66,4000,264000,128,25,1,0,3,0,0.0,0.9
2025-05-22,Speaker,Pune,58,4000,232000,70,25,0,0,5,0,0.0,0.9
2025-05-22,Speaker,Kolkata,52,4000,208000,30,25,0,0,6,0,0.0,0.9
2025-05-22,Speaker,Ahmedabad,41,4000,164000,75,25,1,0,5,0,0.0,0.9
2025-05-23,Laptop,Hyderabad,60,55000,3300000,119,20,1,0,5,0,0.0,0.9
2025-05-23,Laptop,Mumbai,49,55000,2695000,35,20,0,0,4,0,0.0,0.9
2025-05-23,Laptop,Delhi,50,55000,2750000,55,20,0,0,6,0,0.0,0.9
2025-05-23,Laptop,Bangalore,54,55000,2970000,140,20,1,0,7,0,0.0,0.9
2025-05-23,Laptop,Chennai,42,55000,2310000,110,20,1,0,4,0,0.0,0.9
2025-05-23,Laptop,Pune,34,55000,1870000,37,20,0,0,4,0,0.0,0.9
2025-05-23,Laptop,Kolkata,42,55000,2310000,81,20,0,0,7,0,0.0,0.9
2025-05-23,Laptop,Ahmedabad,42,55000,2310000,65,20,1,0,7,0,0.0,0.9
2025-05-23,Mobile,Hyderabad,68,20000,1360000,57,30,0,0,6,0,0.0,0.9
2025-05-23,Mobile,Mumbai,68,20000,1360000,104,30,1,0,2,0,0.0,0.9
2025-05-23,Mobile,Delhi,74,20000,1480000,143,30,1,0,5,0,0.0,0.9
2025-05-23,Mobile,Bangalore,80,20000,1600000,54,30,1,0,5,0,0.0,0.9
2025-05-23,Mobile,Chennai,82,20000,1640000,113,30,1,0,6,0,0.0,0.9
2025-05-23,Mobile,Pune,66,20000,1320000,42,30,0,0,3,0,0.0,0.9
2025-05-23,Mobile,Kolkata,69,20000,1380000,114,30,1,0,5,0,0.0,0.9
2025-05-23,Mobile,Ahmedabad,66,20000,1320000,52,30,1,0,7,0,0.0,0.9
2025-05-23,Tablet,Hyderabad,47,30000,1410000,115,25,1,0,6,0,0.0,0.9
2025-05-23,Tablet,Mumbai,40,30000,1200000,98,25,0,0,4,0,0.0,0.9
2025-05-23,Tablet,Delhi,44,30000,1320000,133,25,1,0,5,0,0.0,0.9
2025-05-23,Tablet,Bangalore,38,30000,1140000,102,25,1,0,2,0,0.0,0.9
2025-05-23,Tablet,Chennai,29,30000,870000,68,25,1,0,2,0,0.0,0.9
2025-05-23,Tablet,Pune,43,30000,1290000,52,25,0,0,5,0,0.0,0.9
2025-05-23,Tablet,Kolkata,50,30000,1500000,104,25,1,0,7,0,0.0,0.9
2025-05-23,Tablet,Ahmedabad,39,30000,1170000,45,25,0,0,5,0,0.0,0.9
2025-05-23,Headphones,Hyderabad,58,3000,174000,78,40,1,0,2,0,0.0,0.9
2025-05-23,Headphones,Mumbai,72,3000,216000,136,40,1,0,2,0,0.0,0.9
2025-05-23,Headphones,Delhi,64,3000,192000,122,40,1,0,2,0,0.0,0.9
2025-05-23,Headphones,Bangalore,63,3000,189000,49,40,0,0,5,0,0.0,0.9
2025-05-23,Headphones,Chennai,46,3000,138000,76,40,0,0,6,0,0.0,0.9
2025-05-23,Headphones,Pune,62,3000,186000,94,40,1,0,7,0,0.0,0.9
2025-05-23,Headphones,Kolkata,67,3000,201000,100,40,1,0,7,0,0.0,0.9
2025-05-23,Headphones,Ahmedabad,58,3000,174000,44,40,0,0,5,0,0.0,0.9
2025-05-23,Smartwatch,Hyderabad,29,8000,232000,32,20,0,0,6,0,0.0,0.9
2025-05-23,Smartwatch,Mumbai,34,8000,272000,88,20,0,0,5,0,0.0,0.9
2025-05-23,Smartwatch,Delhi,34,8000,272000,125,20,1,0,7,0,0.0,0.9
2025-05-23,Smartwatch,Bangalore,47,8000,376000,63,20,0,0,7,0,0.0,0.9
2025-05-23,Smartwatch,Chennai,29,8000,232000,124,20,1,0,3,0,0.0,0.9
2025-05-23,Smartwatch,Pune,36,8000,288000,20,20,0,0,2,0,0.0,0.9
2025-05-23,Smartwatch,Kolkata,41,8000,328000,97,20,1,0,7,0,0.0,0.9
2025-05-23,Smartwatch,Ahmedabad,31,8000,248000,87,20,0,0,2,0,0.0,0.9
2025-05-23,Keyboard,Hyderabad,76,1500,114000,56,35,1,0,2,0,0.0,0.9
2025-05-23,Keyboard,Mumbai,66,1500,99000,88,35,1,0,7,0,0.0,0.9
2025-05-23,Keyboard,Delhi,59,1500,88500,109,35,1,0,5,0,0.0,0.9
2025-05-23,Keyboard,Bangalore,69,1500,103500,101,35,1,0,2,0,0.0,0.9
2025-05-23,Keyboard,Chennai,79,1500,118500,55,35,1,0,5,0,0.0,0.9
2025-05-23,Keyboard,Pune,62,1500,93000,103,35,1,0,7,0,0.0,0.9
2025-05-23,Keyboard,Kolkata,61,1500,91500,67,35,0,0,3,0,0.0,0.9
2025-05-23,Keyboard,Ahmedabad,74,1500,111000,63,35,1,0,4,0,0.0,0.9
2025-05-23,Monitor,Hyderabad,37,18000,666000,38,15,0,0,5,0,0.0,0.9
2025-05-23,Monitor,Mumbai,31,18000,558000,46,15,0,0,7,0,0.0,0.9
2025-05-23,Monitor,Delhi,45,18000,810000,47,15,1,0,3,0,0.0,0.9
2025-05-23,Monitor,Bangalore,44,18000,792000,145,15,1,0,5,0,0.0,0.9
2025-05-23,Monitor,Chennai,39,18000,702000,134,15,1,0,5,0,0.0,0.9
2025-05-23,Monitor,Pune,39,18000,702000,70,15,1,0,6,0,0.0,0.9
2025-05-23,Monitor,Kolkata,32,18000,576000,50,15,0,0,4,0,0.0,0.9
2025-05-23,Monitor,Ahmedabad,32,18000,576000,69,15,1,0,4,0,0.0,0.9
2025-05-23,Mouse,Hyderabad,86,800,68800,78,50,1,0,4,0,0.0,0.9
2025-05-23,Mouse,Mumbai,102,800,81600,0,50,1,1,5,0,0.0,0.9
2025-05-23,Mouse,Delhi,78,800,62400,134,50,1,0,7,0,0.0,0.9
2025-05-23,Mouse,Bangalore,71,800,56800,101,50,0,0,6,0,0.0,0.9
2025-05-23,Mouse,Chennai,75,800,60000,13,50,1,1,6,0,0.0,0.9
2025-05-23,Mouse,Pune,72,800,57600,134,50,1,0,3,0,0.0,0.9
2025-05-23,Mouse,Kolkata,86,800,68800,99,50,1,0,5,0,0.0,0.9
2025-05-23,Mouse,Ahmedabad,99,800,79200,58,50,1,0,7,0,0.0,0.9
2025-05-23,Printer,Hyderabad,23,12000,276000,47,10,0,0,5,0,0.0,0.9
2025-05-23,Printer,Mumbai,20,12000,240000,38,10,0,0,2,0,0.0,0.9
2025-05-23,Printer,Delhi,41,12000,492000,13,10,0,0,5,0,0.0,0.9
2025-05-23,Printer,Bangalore,26,12000,312000,20,10,0,0,7,0,0.0,0.9
2025-05-23,Printer,Chennai,30,12000,360000,86,10,1,0,5,0,0.0,0.9
2025-05-23,Printer,Pune,25,12000,300000,69,10,1,0,7,0,0.0,0.9
2025-05-23,Printer,Kolkata,20,12000,240000,31,10,0,0,3,0,0.0,0.9
2025-05-23,Printer,Ahmedabad,23,12000,276000,32,10,0,0,5,0,0.0,0.9
2025-05-23,Speaker,Hyderabad,56,4000,224000,80,25,0,0,5,0,0.0,0.9
2025-05-23,Speaker,Mumbai,49,4000,196000,117,25,1,0,4,0,0.0,0.9
2025-05-23,Speaker,Delhi,53,4000,212000,54,25,1,0,7,0,0.0,0.9
2025-05-23,Speaker,Bangalore,47,4000,188000,75,25,1,0,7,0,0.0,0.9
2025-05-23,Speaker,Chennai,39,4000,156000,89,25,0,0,5,0,0.0,0.9
2025-05-23,Speaker,Pune,48,4000,192000,116,25,1,0,4,0,0.0,0.9
2025-05-23,Speaker,Kolkata,47,4000,188000,61,25,1,0,3,0,0.0,0.9
2025-05-23,Speaker,Ahmedabad,58,4000,232000,81,25,1,0,2,0,0.0,0.9
2025-05-24,Laptop,Hyderabad,46,55000,2530000,73,20,0,0,6,0,0.0,0.9
2025-05-24,Laptop,Mumbai,56,55000,3080000,52,20,1,0,4,0,0.0,0.9
2025-05-24,Laptop,Delhi,45,55000,2475000,101,20,1,0,7,0,0.0,0.9
2025-05-24,Laptop,Bangalore,52,55000,2860000,88,20,0,0,7,0,0.0,0.9
2025-05-24,Laptop,Chennai,45,55000,2475000,65,20,0,0,4,0,0.0,0.9
2025-05-24,Laptop,Pune,47,55000,2585000,58,20,1,0,7,0,0.0,0.9
2025-05-24,Laptop,Kolkata,25,55000,1375000,56,20,0,0,7,0,0.0,0.9
2025-05-24,Laptop,Ahmedabad,48,55000,2640000,127,20,1,0,5,0,0.0,0.9
2025-05-24,Mobile,Hyderabad,66,20000,1320000,132,30,1,0,6,0,0.0,0.9
2025-05-24,Mobile,Mumbai,67,20000,1340000,37,30,0,0,4,0,0.0,0.9
2025-05-24,Mobile,Delhi,79,20000,1580000,64,30,0,0,6,0,0.0,0.9
2025-05-24,Mobile,Bangalore,74,20000,1480000,83,30,1,0,4,0,0.0,0.9
2025-05-24,Mobile,Chennai,69,20000,1380000,44,30,0,0,7,0,0.0,0.9
2025-05-24,Mobile,Pune,66,20000,1320000,121,30,1,0,5,0,0.0,0.9
2025-05-24,Mobile,Kolkata,72,20000,1440000,42,30,0,0,5,0,0.0,0.9
2025-05-24,Mobile,Ahmedabad,74,20000,1480000,100,30,1,0,7,0,0.0,0.9
2025-05-24,Tablet,Hyderabad,32,30000,960000,83,25,0,0,6,0,0.0,0.9
2025-05-24,Tablet,Mumbai,50,30000,1500000,48,25,0,0,6,0,0.0,0.9
2025-05-24,Tablet,Delhi,43,30000,1290000,90,25,0,0,3,0,0.0,0.9
2025-05-24,Tablet,Bangalore,48,30000,1440000,54,25,0,0,3,0,0.0,0.9
2025-05-24,Tablet,Chennai,50,30000,1500000,138,25,1,0,3,0,0.0,0.9
2025-05-24,Tablet,Pune,43,30000,1290000,89,25,1,0,3,0,0.0,0.9
2025-05-24,Tablet,Kolkata,50,30000,1500000,54,25,0,0,6,0,0.0,0.9
2025-05-24,Tablet,Ahmedabad,29,30000,870000,115,25,1,0,6,0,0.0,0.9
2025-05-24,Headphones,Hyderabad,60,3000,180000,142,40,1,0,4,0,0.0,0.9
2025-05-24,Headphones,Mumbai,52,3000,156000,84,40,0,0,2,0,0.0,0.9
2025-05-24,Headphones,Delhi,48,3000,144000,74,40,0,0,6,0,0.0,0.9
2025-05-24,Headphones,Bangalore,72,3000,216000,71,40,1,0,7,0,0.0,0.9
2025-05-24,Headphones,Chennai,60,3000,180000,71,40,1,0,4,0,0.0,0.9
2025-05-24,Headphones,Pune,60,3000,180000,148,40,1,0,7,0,0.0,0.9
2025-05-24,Headphones,Kolkata,63,3000,189000,187,40,1,0,5,0,0.0,0.9
2025-05-24,Headphones,Ahmedabad,68,3000,204000,86,40,1,0,4,0,0.0,0.9
2025-05-24,Smartwatch,Hyderabad,26,8000,208000,105,20,1,0,2,0,0.0,0.9
2025-05-24,Smartwatch,Mumbai,44,8000,352000,44,20,0,0,7,0,0.0,0.9
2025-05-24,Smartwatch,Delhi,21,8000,168000,104,20,0,0,5,0,0.0,0.9
2025-05-24,Smartwatch,Bangalore,49,8000,392000,95,20,1,0,2,0,0.0,0.9
2025-05-24,Smartwatch,Chennai,43,8000,344000,81,20,0,0,6,0,0.0,0.9
2025-05-24,Smartwatch,Pune,35,8000,280000,130,20,1,0,2,0,0.0,0.9
2025-05-24,Smartwatch,Kolkata,35,8000,280000,62,20,0,0,6,0,0.0,0.9
2025-05-24,Smartwatch,Ahmedabad,24,8000,192000,63,20,0,0,5,0,0.0,0.9
2025-05-24,Keyboard,Hyderabad,65,1500,97500,74,35,1,0,3,0,0.0,0.9
2025-05-24,Keyboard,Mumbai,63,1500,94500,109,35,1,0,4,0,0.0,0.9
2025-05-24,Keyboard,Delhi,62,1500,93000,47,35,0,0,6,0,0.0,0.9
2025-05-24,Keyboard,Bangalore,82,1500,123000,106,35,1,0,7,0,0.0,0.9
2025-05-24,Keyboard,Chennai,68,1500,102000,48,35,1,0,5,0,0.0,0.9
2025-05-24,Keyboard,Pune,64,1500,96000,39,35,0,0,2,0,0.0,0.9
2025-05-24,Keyboard,Kolkata,48,1500,72000,155,35,1,0,3,0,0.0,0.9
2025-05-24,Keyboard,Ahmedabad,73,1500,109500,71,35,1,0,7,0,0.0,0.9
2025-05-24,Monitor,Hyderabad,38,18000,684000,145,15,1,0,6,0,0.0,0.9
2025-05-24,Monitor,Mumbai,31,18000,558000,15,15,0,0,4,0,0.0,0.9
2025-05-24,Monitor,Delhi,26,18000,468000,21,15,0,0,6,0,0.0,0.9
2025-05-24,Monitor,Bangalore,43,18000,774000,102,15,0,0,6,0,0.0,0.9
2025-05-24,Monitor,Chennai,36,18000,648000,98,15,0,0,5,0,0.0,0.9
2025-05-24,Monitor,Pune,50,18000,900000,20,15,0,0,2,0,0.0,0.9
2025-05-24,Monitor,Kolkata,38,18000,684000,85,15,1,0,4,0,0.0,0.9
2025-05-24,Monitor,Ahmedabad,45,18000,810000,24,15,0,0,2,0,0.0,0.9
2025-05-24,Mouse,Hyderabad,90,800,72000,74,50,1,0,2,0,0.0,0.9
2025-05-24,Mouse,Mumbai,90,800,72000,35,50,1,1,7,0,0.0,0.9
2025-05-24,Mouse,Delhi,69,800,55200,65,50,0,0,7,0,0.0,0.9
2025-05-24,Mouse,Bangalore,89,800,71200,89,50,1,0,4,0,0.0,0.9
2025-05-24,Mouse,Chennai,87,800,69600,48,50,1,1,3,0,0.0,0.9
2025-05-24,Mouse,Pune,91,800,72800,145,50,1,0,3,0,0.0,0.9
2025-05-24,Mouse,Kolkata,76,800,60800,162,50,1,0,6,0,0.0,0.9
2025-05-24,Mouse,Ahmedabad,95,800,76000,57,50,1,0,4,0,0.0,0.9
2025-05-24,Printer,Hyderabad,16,12000,192000,31,10,0,0,7,0,0.0,0.9
2025-05-24,Printer,Mumbai,29,12000,348000,151,10,1,0,5,0,0.0,0.9
2025-05-24,Printer,Delhi,22,12000,264000,44,10,1,0,7,0,0.0,0.9
2025-05-24,Printer,Bangalore,31,12000,372000,138,10,1,0,7,0,0.0,0.9
2025-05-24,Printer,Chennai,40,12000,480000,46,10,0,0,4,0,0.0,0.9
2025-05-24,Printer,Pune,37,12000,444000,32,10,0,0,3,0,0.0,0.9
2025-05-24,Printer,Kolkata,42,12000,504000,50,10,1,0,3,0,0.0,0.9
2025-05-24,Printer,Ahmedabad,18,12000,216000,14,10,0,0,3,0,0.0,0.9
2025-05-24,Speaker,Hyderabad,48,4000,192000,32,25,0,0,6,0,0.0,0.9
2025-05-24,Speaker,Mumbai,61,4000,244000,56,25,0,0,7,0,0.0,0.9
2025-05-24,Speaker,Delhi,59,4000,236000,98,25,1,0,5,0,0.0,0.9
2025-05-24,Speaker,Bangalore,38,4000,152000,37,25,0,0,7,0,0.0,0.9
2025-05-24,Speaker,Chennai,46,4000,184000,43,25,0,0,3,0,0.0,0.9
2025-05-24,Speaker,Pune,83,4000,332000,33,25,0,0,4,0,0.0,0.9
2025-05-24,Speaker,Kolkata,42,4000,168000,94,25,1,0,6,0,0.0,0.9
2025-05-24,Speaker,Ahmedabad,73,4000,292000,146,25,1,0,2,0,0.0,0.9
2025-05-25,Laptop,Hyderabad,48,55000,2640000,25,20,0,0,4,0,0.0,0.9
2025-05-25,Laptop,Mumbai,52,55000,2860000,73,20,1,0,5,0,0.0,0.9
2025-05-25,Laptop,Delhi,53,55000,2915000,48,20,0,0,6,0,0.0,0.9
2025-05-25,Laptop,Bangalore,34,55000,1870000,54,20,0,0,7,0,0.0,0.9
2025-05-25,Laptop,Chennai,52,55000,2860000,134,20,1,0,3,0,0.0,0.9
2025-05-25,Laptop,Pune,47,55000,2585000,71,20,1,0,3,0,0.0,0.9
2025-05-25,Laptop,Kolkata,39,55000,2145000,162,20,1,0,2,0,0.0,0.9
2025-05-25,Laptop,Ahmedabad,33,55000,1815000,94,20,0,0,5,0,0.0,0.9
2025-05-25,Mobile,Hyderabad,67,20000,1340000,65,30,0,0,6,0,0.0,0.9
2025-05-25,Mobile,Mumbai,76,20000,1520000,52,30,1,0,3,0,0.0,0.9
2025-05-25,Mobile,Delhi,59,20000,1180000,150,30,1,0,7,0,0.0,0.9
2025-05-25,Mobile,Bangalore,80,20000,1600000,137,30,1,0,5,0,0.0,0.9
2025-05-25,Mobile,Chennai,71,20000,1420000,94,30,1,0,3,0,0.0,0.9
2025-05-25,Mobile,Pune,82,20000,1640000,39,30,0,0,3,0,0.0,0.9
2025-05-25,Mobile,Kolkata,72,20000,1440000,38,30,1,0,7,0,0.0,0.9
2025-05-25,Mobile,Ahmedabad,79,20000,1580000,90,30,1,0,3,0,0.0,0.9
2025-05-25,Tablet,Hyderabad,52,30000,1560000,31,25,0,0,6,0,0.0,0.9
2025-05-25,Tablet,Mumbai,31,30000,930000,70,25,1,0,6,0,0.0,0.9
2025-05-25,Tablet,Delhi,39,30000,1170000,51,25,0,0,2,0,0.0,0.9
2025-05-25,Tablet,Bangalore,29,30000,870000,25,25,0,0,5,0,0.0,0.9
2025-05-25,Tablet,Chennai,48,30000,1440000,90,25,0,0,2,0,0.0,0.9
2025-05-25,Tablet,Pune,46,30000,1380000,43,25,0,0,5,0,0.0,0.9
2025-05-25,Tablet,Kolkata,37,30000,1110000,154,25,1,0,5,0,0.0,0.9
2025-05-25,Tablet,Ahmedabad,44,30000,1320000,71,25,0,0,4,0,0.0,0.9
2025-05-25,Headphones,Hyderabad,70,3000,210000,72,40,0,0,5,0,0.0,0.9
2025-05-25,Headphones,Mumbai,63,3000,189000,99,40,1,0,2,0,0.0,0.9
2025-05-25,Headphones,Delhi,62,3000,186000,65,40,1,0,3,0,0.0,0.9
2025-05-25,Headphones,Bangalore,67,3000,201000,102,40,1,0,3,0,0.0,0.9
2025-05-25,Headphones,Chennai,64,3000,192000,149,40,1,0,6,0,0.0,0.9
2025-05-25,Headphones,Pune,60,3000,180000,88,40,0,0,6,0,0.0,0.9
2025-05-25,Headphones,Kolkata,59,3000,177000,128,40,0,0,2,0,0.0,0.9
2025-05-25,Headphones,Ahmedabad,69,3000,207000,72,40,1,0,7,0,0.0,0.9
2025-05-25,Smartwatch,Hyderabad,20,8000,160000,85,20,0,0,7,0,0.0,0.9
2025-05-25,Smartwatch,Mumbai,26,8000,208000,122,20,1,0,2,0,0.0,0.9
2025-05-25,Smartwatch,Delhi,34,8000,272000,70,20,0,0,3,0,0.0,0.9
2025-05-25,Smartwatch,Bangalore,45,8000,360000,50,20,0,0,7,0,0.0,0.9
2025-05-25,Smartwatch,Chennai,29,8000,232000,52,20,0,0,3,0,0.0,0.9
2025-05-25,Smartwatch,Pune,58,8000,464000,72,20,0,0,4,0,0.0,0.9
2025-05-25,Smartwatch,Kolkata,32,8000,256000,30,20,0,0,2,0,0.0,0.9
2025-05-25,Smartwatch,Ahmedabad,43,8000,344000,20,20,0,0,5,0,0.0,0.9
2025-05-25,Keyboard,Hyderabad,68,1500,102000,71,35,1,0,3,0,0.0,0.9
2025-05-25,Keyboard,Mumbai,53,1500,79500,56,35,0,0,4,0,0.0,0.9
2025-05-25,Keyboard,Delhi,52,1500,78000,102,35,1,0,4,0,0.0,0.9
2025-05-25,Keyboard,Bangalore,52,1500,78000,54,35,0,0,2,0,0.0,0.9
2025-05-25,Keyboard,Chennai,54,1500,81000,105,35,1,0,5,0,0.0,0.9
2025-05-25,Keyboard,Pune,68,1500,102000,111,35,1,0,2,0,0.0,0.9
2025-05-25,Keyboard,Kolkata,61,1500,91500,94,35,0,0,5,0,0.0,0.9
2025-05-25,Keyboard,Ahmedabad,60,1500,90000,87,35,1,0,3,0,0.0,0.9
2025-05-25,Monitor,Hyderabad,41,18000,738000,104,15,0,0,5,0,0.0,0.9
2025-05-25,Monitor,Mumbai,41,18000,738000,103,15,1,0,3,0,0.0,0.9
2025-05-25,Monitor,Delhi,37,18000,666000,86,15,1,0,3,0,0.0,0.9
2025-05-25,Monitor,Bangalore,32,18000,576000,70,15,0,0,2,0,0.0,0.9
2025-05-25,Monitor,Chennai,25,18000,450000,73,15,0,0,6,0,0.0,0.9
2025-05-25,Monitor,Pune,33,18000,594000,56,15,1,0,6,0,0.0,0.9
2025-05-25,Monitor,Kolkata,36,18000,648000,49,15,0,0,7,0,0.0,0.9
2025-05-25,Monitor,Ahmedabad,50,18000,900000,114,15,1,0,3,0,0.0,0.9
2025-05-25,Mouse,Hyderabad,62,800,49600,106,50,1,0,6,0,0.0,0.9
2025-05-25,Mouse,Mumbai,88,800,70400,89,50,1,0,7,0,0.0,0.9
2025-05-25,Mouse,Delhi,87,800,69600,71,50,1,0,2,0,0.0,0.9
2025-05-25,Mouse,Bangalore,82,800,65600,61,50,1,0,2,0,0.0,0.9
2025-05-25,Mouse,Chennai,77,800,61600,103,50,1,0,6,0,0.0,0.9
2025-05-25,Mouse,Pune,86,800,68800,59,50,0,0,4,0,0.0,0.9
2025-05-25,Mouse,Kolkata,79,800,63200,83,50,0,0,4,0,0.0,0.9
2025-05-25,Mouse,Ahmedabad,81,800,64800,79,50,1,0,3,0,0.0,0.9
2025-05-25,Printer,Hyderabad,26,12000,312000,116,10,1,0,3,0,0.0,0.9
2025-05-25,Printer,Mumbai,34,12000,408000,117,10,0,0,3,0,0.0,0.9
2025-05-25,Printer,Delhi,21,12000,252000,23,10,0,0,4,0,0.0,0.9
2025-05-25,Printer,Bangalore,19,12000,228000,119,10,0,0,7,0,0.0,0.9
2025-05-25,Printer,Chennai,27,12000,324000,19,10,0,0,7,0,0.0,0.9
2025-05-25,Printer,Pune,6,12000,72000,26,10,0,0,6,0,0.0,0.9
2025-05-25,Printer,Kolkata,34,12000,408000,16,10,0,0,2,0,0.0,0.9
2025-05-25,Printer,Ahmedabad,26,12000,312000,110,10,1,0,2,0,0.0,0.9
2025-05-25,Speaker,Hyderabad,54,4000,216000,56,25,1,0,5,0,0.0,0.9
2025-05-25,Speaker,Mumbai,46,4000,184000,136,25,1,0,7,0,0.0,0.9
2025-05-25,Speaker,Delhi,41,4000,164000,57,25,0,0,3,0,0.0,0.9
2025-05-25,Speaker,Bangalore,46,4000,184000,100,25,1,0,5,0,0.0,0.9
2025-05-25,Speaker,Chennai,46,4000,184000,65,25,1,0,3,0,0.0,0.9
2025-05-25,Speaker,Pune,34,4000,136000,129,25,1,0,7,0,0.0,0.9
2025-05-25,Speaker,Kolkata,51,4000,204000,43,25,0,0,2,0,0.0,0.9
2025-05-25,Speaker,Ahmedabad,54,4000,216000,92,25,0,0,6,0,0.0,0.9
2025-05-26,Laptop,Hyderabad,58,55000,3190000,53,20,1,0,3,0,0.0,0.9
2025-05-26,Laptop,Mumbai,60,55000,3300000,117,20,1,0,2,0,0.0,0.9
2025-05-26,Laptop,Delhi,51,55000,2805000,98,20,1,0,6,0,0.0,0.9
2025-05-26,Laptop,Bangalore,64,55000,3520000,107,20,1,0,6,0,0.0,0.9
2025-05-26,Laptop,Chennai,46,55000,2530000,88,20,0,0,7,0,0.0,0.9
2025-05-26,Laptop,Pune,59,55000,3245000,77,20,1,0,3,0,0.0,0.9
2025-05-26,Laptop,Kolkata,52,55000,2860000,110,20,0,0,4,0,0.0,0.9
2025-05-26,Laptop,Ahmedabad,64,55000,3520000,30,20,0,0,4,0,0.0,0.9
2025-05-26,Mobile,Hyderabad,86,20000,1720000,70,30,1,0,7,0,0.0,0.9
2025-05-26,Mobile,Mumbai,79,20000,1580000,85,30,1,0,3,0,0.0,0.9
2025-05-26,Mobile,Delhi,78,20000,1560000,72,30,0,0,6,0,0.0,0.9
2025-05-26,Mobile,Bangalore,73,20000,1460000,64,30,0,0,2,0,0.0,0.9
2025-05-26,Mobile,Chennai,78,20000,1560000,137,30,1,0,3,0,0.0,0.9
2025-05-26,Mobile,Pune,70,20000,1400000,119,30,1,0,5,0,0.0,0.9
2025-05-26,Mobile,Kolkata,61,20000,1220000,61,30,1,0,2,0,0.0,0.9
2025-05-26,Mobile,Ahmedabad,74,20000,1480000,131,30,1,0,7,0,0.0,0.9
2025-05-26,Tablet,Hyderabad,49,30000,1470000,118,25,1,0,3,0,0.0,0.9
2025-05-26,Tablet,Mumbai,41,30000,1230000,29,25,0,0,6,0,0.0,0.9
2025-05-26,Tablet,Delhi,39,30000,1170000,77,25,1,0,3,0,0.0,0.9
2025-05-26,Tablet,Bangalore,42,30000,1260000,108,25,1,0,7,0,0.0,0.9
2025-05-26,Tablet,Chennai,41,30000,1230000,49,25,0,0,4,0,0.0,0.9
2025-05-26,Tablet,Pune,44,30000,1320000,70,25,1,0,7,0,0.0,0.9
2025-05-26,Tablet,Kolkata,51,30000,1530000,103,25,0,0,5,0,0.0,0.9
2025-05-26,Tablet,Ahmedabad,28,30000,840000,43,25,0,0,4,0,0.0,0.9
2025-05-26,Headphones,Hyderabad,70,3000,210000,124,40,1,0,6,0,0.0,0.9
2025-05-26,Headphones,Mumbai,58,3000,174000,41,40,0,0,7,0,0.0,0.9
2025-05-26,Headphones,Delhi,58,3000,174000,122,40,1,0,4,0,0.0,0.9
2025-05-26,Headphones,Bangalore,64,3000,192000,119,40,1,0,6,0,0.0,0.9
2025-05-26,Headphones,Chennai,57,3000,171000,92,40,0,0,3,0,0.0,0.9
2025-05-26,Headphones,Pune,64,3000,192000,83,40,1,0,2,0,0.0,0.9
2025-05-26,Headphones,Kolkata,74,3000,222000,54,40,0,0,5,0,0.0,0.9
2025-05-26,Headphones,Ahmedabad,59,3000,177000,160,40,1,0,2,0,0.0,0.9
2025-05-26,Smartwatch,Hyderabad,34,8000,272000,51,20,0,0,3,0,0.0,0.9
2025-05-26,Smartwatch,Mumbai,42,8000,336000,80,20,0,0,2,0,0.0,0.9
2025-05-26,Smartwatch,Delhi,58,8000,464000,105,20,1,0,4,0,0.0,0.9
2025-05-26,Smartwatch,Bangalore,39,8000,312000,64,20,1,0,4,0,0.0,0.9
2025-05-26,Smartwatch,Chennai,31,8000,248000,21,20,0,0,4,0,0.0,0.9
2025-05-26,Smartwatch,Pune,34,8000,272000,38,20,0,0,5,0,0.0,0.9
2025-05-26,Smartwatch,Kolkata,36,8000,288000,105,20,1,0,2,0,0.0,0.9
2025-05-26,Smartwatch,Ahmedabad,43,8000,344000,89,20,1,0,4,0,0.0,0.9
2025-05-26,Keyboard,Hyderabad,65,1500,97500,86,35,1,0,7,0,0.0,0.9
2025-05-26,Keyboard,Mumbai,66,1500,99000,90,35,1,0,2,0,0.0,0.9
2025-05-26,Keyboard,Delhi,57,1500,85500,45,35,0,0,7,0,0.0,0.9
2025-05-26,Keyboard,Bangalore,72,1500,108000,90,35,1,0,3,0,0.0,0.9
2025-05-26,Keyboard,Chennai,67,1500,100500,38,35,0,0,4,0,0.0,0.9
2025-05-26,Keyboard,Pune,69,1500,103500,42,35,0,0,7,0,0.0,0.9
2025-05-26,Keyboard,Kolkata,65,1500,97500,131,35,1,0,2,0,0.0,0.9
2025-05-26,Keyboard,Ahmedabad,59,1500,88500,111,35,1,0,5,0,0.0,0.9
2025-05-26,Monitor,Hyderabad,28,18000,504000,76,15,0,0,3,0,0.0,0.9
2025-05-26,Monitor,Mumbai,42,18000,756000,61,15,0,0,7,0,0.0,0.9
2025-05-26,Monitor,Delhi,48,18000,864000,38,15,0,0,6,0,0.0,0.9
2025-05-26,Monitor,Bangalore,46,18000,828000,24,15,0,0,7,0,0.0,0.9
2025-05-26,Monitor,Chennai,40,18000,720000,33,15,0,0,2,0,0.0,0.9
2025-05-26,Monitor,Pune,49,18000,882000,129,15,1,0,6,0,0.0,0.9
2025-05-26,Monitor,Kolkata,46,18000,828000,122,15,1,0,3,0,0.0,0.9
2025-05-26,Monitor,Ahmedabad,50,18000,900000,64,15,0,0,3,0,0.0,0.9
2025-05-26,Mouse,Hyderabad,96,800,76800,96,50,1,0,3,0,0.0,0.9
2025-05-26,Mouse,Mumbai,85,800,68000,139,50,1,0,6,0,0.0,0.9
2025-05-26,Mouse,Delhi,89,800,71200,98,50,1,0,4,0,0.0,0.9
2025-05-26,Mouse,Bangalore,71,800,56800,117,50,1,0,4,0,0.0,0.9
2025-05-26,Mouse,Chennai,69,800,55200,102,50,1,0,2,0,0.0,0.9
2025-05-26,Mouse,Pune,80,800,64000,43,50,1,1,5,0,0.0,0.9
2025-05-26,Mouse,Kolkata,95,800,76000,59,50,1,0,2,0,0.0,0.9
2025-05-26,Mouse,Ahmedabad,83,800,66400,98,50,1,0,6,0,0.0,0.9
2025-05-26,Printer,Hyderabad,38,12000,456000,78,10,0,0,6,0,0.0,0.9
2025-05-26,Printer,Mumbai,20,12000,240000,97,10,0,0,7,0,0.0,0.9
2025-05-26,Printer,Delhi,27,12000,324000,98,10,1,0,3,0,0.0,0.9
2025-05-26,Printer,Bangalore,16,12000,192000,103,10,0,0,6,0,0.0,0.9
2025-05-26,Printer,Chennai,16,12000,192000,97,10,1,0,2,0,0.0,0.9
2025-05-26,Printer,Pune,36,12000,432000,120,10,1,0,4,0,0.0,0.9
2025-05-26,Printer,Kolkata,23,12000,276000,57,10,1,0,7,0,0.0,0.9
2025-05-26,Printer,Ahmedabad,17,12000,204000,93,10,0,0,7,0,0.0,0.9
2025-05-26,Speaker,Hyderabad,60,4000,240000,127,25,1,0,3,0,0.0,0.9
2025-05-26,Speaker,Mumbai,62,4000,248000,74,25,0,0,6,0,0.0,0.9
2025-05-26,Speaker,Delhi,49,4000,196000,71,25,1,0,2,0,0.0,0.9
2025-05-26,Speaker,Bangalore,39,4000,156000,61,25,0,0,2,0,0.0,0.9
2025-05-26,Speaker,Chennai,57,4000,228000,80,25,1,0,2,0,0.0,0.9
2025-05-26,Speaker,Pune,46,4000,184000,83,25,0,0,2,0,0.0,0.9
2025-05-26,Speaker,Kolkata,45,4000,180000,126,25,1,0,7,0,0.0,0.9
2025-05-26,Speaker,Ahmedabad,56,4000,224000,36,25,0,0,4,0,0.0,0.9
2025-05-27,Laptop,Hyderabad,46,55000,2530000,151,20,1,0,5,0,0.0,0.9
2025-05-27,Laptop,Mumbai,47,55000,2585000,70,20,0,0,3,0,0.0,0.9
2025-05-27,Laptop,Delhi,51,55000,2805000,47,20,0,0,6,0,0.0,0.9
2025-05-27,Laptop,Bangalore,50,55000,2750000,57,20,0,0,4,0,0.0,0.9
2025-05-27,Laptop,Chennai,51,55000,2805000,37,20,0,0,6,0,0.0,0.9
2025-05-27,Laptop,Pune,44,55000,2420000,33,20,0,0,5,0,0.0,0.9
2025-05-27,Laptop,Kolkata,55,55000,3025000,55,20,0,0,7,0,0.0,0.9
2025-05-27,Laptop,Ahmedabad,56,55000,3080000,124,20,1,0,7,0,0.0,0.9
2025-05-27,Mobile,Hyderabad,70,20000,1400000,125,30,1,0,4,0,0.0,0.9
2025-05-27,Mobile,Mumbai,65,20000,1300000,80,30,1,0,3,0,0.0,0.9
2025-05-27,Mobile,Delhi,79,20000,1580000,137,30,1,0,4,0,0.0,0.9
2025-05-27,Mobile,Bangalore,83,20000,1660000,62,30,1,0,3,0,0.0,0.9
2025-05-27,Mobile,Chennai,68,20000,1360000,69,30,0,0,5,0,0.0,0.9
2025-05-27,Mobile,Pune,74,20000,1480000,45,30,0,0,3,0,0.0,0.9
2025-05-27,Mobile,Kolkata,70,20000,1400000,110,30,1,0,6,0,0.0,0.9
2025-05-27,Mobile,Ahmedabad,60,20000,1200000,71,30,0,0,3,0,0.0,0.9
2025-05-27,Tablet,Hyderabad,50,30000,1500000,68,25,0,0,2,0,0.0,0.9
2025-05-27,Tablet,Mumbai,51,30000,1530000,46,25,1,0,7,0,0.0,0.9
2025-05-27,Tablet,Delhi,34,30000,1020000,43,25,0,0,2,0,0.0,0.9
2025-05-27,Tablet,Bangalore,36,30000,1080000,72,25,0,0,4,0,0.0,0.9
2025-05-27,Tablet,Chennai,24,30000,720000,25,25,0,0,2,0,0.0,0.9
2025-05-27,Tablet,Pune,49,30000,1470000,161,25,1,0,7,0,0.0,0.9
2025-05-27,Tablet,Kolkata,38,30000,1140000,65,25,0,0,2,0,0.0,0.9
2025-05-27,Tablet,Ahmedabad,39,30000,1170000,103,25,1,0,6,0,0.0,0.9
2025-05-27,Headphones,Hyderabad,60,3000,180000,64,40,0,0,4,0,0.0,0.9
2025-05-27,Headphones,Mumbai,58,3000,174000,44,40,1,0,3,0,0.0,0.9
2025-05-27,Headphones,Delhi,38,3000,114000,84,40,0,0,4,0,0.0,0.9
2025-05-27,Headphones,Bangalore,62,3000,186000,57,40,0,0,3,0,0.0,0.9
2025-05-27,Headphones,Chennai,45,3000,135000,47,40,0,0,3,0,0.0,0.9
2025-05-27,Headphones,Pune,58,3000,174000,157,40,1,0,2,0,0.0,0.9
2025-05-27,Headphones,Kolkata,61,3000,183000,46,40,1,0,6,0,0.0,0.9
2025-05-27,Headphones,Ahmedabad,47,3000,141000,113,40,0,0,4,0,0.0,0.9
2025-05-27,Smartwatch,Hyderabad,40,8000,320000,134,20,1,0,3,0,0.0,0.9
2025-05-27,Smartwatch,Mumbai,35,8000,280000,45,20,0,0,6,0,0.0,0.9
2025-05-27,Smartwatch,Delhi,47,8000,376000,58,20,0,0,6,0,0.0,0.9
2025-05-27,Smartwatch,Bangalore,29,8000,232000,35,20,0,0,5,0,0.0,0.9
2025-05-27,Smartwatch,Chennai,38,8000,304000,93,20,1,0,2,0,0.0,0.9
2025-05-27,Smartwatch,Pune,42,8000,336000,84,20,1,0,6,0,0.0,0.9
2025-05-27,Smartwatch,Kolkata,35,8000,280000,70,20,0,0,3,0,0.0,0.9
2025-05-27,Smartwatch,Ahmedabad,20,8000,160000,69,20,0,0,6,0,0.0,0.9
2025-05-27,Keyboard,Hyderabad,43,1500,64500,43,35,0,0,4,0,0.0,0.9
2025-05-27,Keyboard,Mumbai,53,1500,79500,37,35,0,0,2,0,0.0,0.9
2025-05-27,Keyboard,Delhi,61,1500,91500,96,35,1,0,2,0,0.0,0.9
2025-05-27,Keyboard,Bangalore,64,1500,96000,141,35,1,0,2,0,0.0,0.9
2025-05-27,Keyboard,Chennai,73,1500,109500,53,35,1,0,6,0,0.0,0.9
2025-05-27,Keyboard,Pune,69,1500,103500,38,35,1,0,6,0,0.0,0.9
2025-05-27,Keyboard,Kolkata,61,1500,91500,70,35,0,0,5,0,0.0,0.9
2025-05-27,Keyboard,Ahmedabad,61,1500,91500,50,35,0,0,3,0,0.0,0.9
2025-05-27,Monitor,Hyderabad,38,18000,684000,38,15,0,0,5,0,0.0,0.9
2025-05-27,Monitor,Mumbai,52,18000,936000,108,15,1,0,7,0,0.0,0.9
2025-05-27,Monitor,Delhi,41,18000,738000,135,15,1,0,3,0,0.0,0.9
2025-05-27,Monitor,Bangalore,29,18000,522000,112,15,1,0,6,0,0.0,0.9
2025-05-27,Monitor,Chennai,46,18000,828000,75,15,1,0,2,0,0.0,0.9
2025-05-27,Monitor,Pune,47,18000,846000,82,15,0,0,5,0,0.0,0.9
2025-05-27,Monitor,Kolkata,41,18000,738000,81,15,0,0,5,0,0.0,0.9
2025-05-27,Monitor,Ahmedabad,36,18000,648000,28,15,0,0,6,0,0.0,0.9
2025-05-27,Mouse,Hyderabad,64,800,51200,176,50,1,0,4,0,0.0,0.9
2025-05-27,Mouse,Mumbai,95,800,76000,110,50,1,0,7,0,0.0,0.9
2025-05-27,Mouse,Delhi,85,800,68000,113,50,1,0,4,0,0.0,0.9
2025-05-27,Mouse,Bangalore,73,800,58400,112,50,1,0,7,0,0.0,0.9
2025-05-27,Mouse,Chennai,74,800,59200,170,50,1,0,6,0,0.0,0.9
2025-05-27,Mouse,Pune,92,800,73600,18,50,1,1,3,0,0.0,0.9
2025-05-27,Mouse,Kolkata,77,800,61600,102,50,1,0,3,0,0.0,0.9
2025-05-27,Mouse,Ahmedabad,84,800,67200,83,50,1,0,2,0,0.0,0.9
2025-05-27,Printer,Hyderabad,21,12000,252000,57,10,0,0,4,0,0.0,0.9
2025-05-27,Printer,Mumbai,28,12000,336000,69,10,0,0,2,0,0.0,0.9
2025-05-27,Printer,Delhi,15,12000,180000,83,10,0,0,3,0,0.0,0.9
2025-05-27,Printer,Bangalore,21,12000,252000,82,10,0,0,4,0,0.0,0.9
2025-05-27,Printer,Chennai,33,12000,396000,64,10,0,0,7,0,0.0,0.9
2025-05-27,Printer,Pune,24,12000,288000,96,10,0,0,4,0,0.0,0.9
2025-05-27,Printer,Kolkata,38,12000,456000,19,10,0,0,2,0,0.0,0.9
2025-05-27,Printer,Ahmedabad,21,12000,252000,72,10,0,0,5,0,0.0,0.9
2025-05-27,Speaker,Hyderabad,52,4000,208000,75,25,0,0,6,0,0.0,0.9
2025-05-27,Speaker,Mumbai,53,4000,212000,109,25,1,0,5,0,0.0,0.9
2025-05-27,Speaker,Delhi,52,4000,208000,140,25,1,0,6,0,0.0,0.9
2025-05-27,Speaker,Bangalore,57,4000,228000,87,25,1,0,4,0,0.0,0.9
2025-05-27,Speaker,Chennai,51,4000,204000,29,25,0,0,3,0,0.0,0.9
2025-05-27,Speaker,Pune,66,4000,264000,114,25,1,0,7,0,0.0,0.9
2025-05-27,Speaker,Kolkata,47,4000,188000,79,25,0,0,2,0,0.0,0.9
2025-05-27,Speaker,Ahmedabad,41,4000,164000,92,25,1,0,6,0,0.0,0.9
2025-05-28,Laptop,Hyderabad,57,55000,3135000,94,20,0,0,7,0,0.0,0.9
2025-05-28,Laptop,Mumbai,25,55000,1375000,45,20,0,0,4,0,0.0,0.9
2025-05-28,Laptop,Delhi,54,55000,2970000,88,20,1,0,6,0,0.0,0.9
2025-05-28,Laptop,Bangalore,50,55000,2750000,130,20,1,0,6,0,0.0,0.9
2025-05-28,Laptop,Chennai,45,55000,2475000,92,20,1,0,6,0,0.0,0.9
2025-05-28,Laptop,Pune,40,55000,2200000,51,20,1,0,2,0,0.0,0.9
2025-05-28,Laptop,Kolkata,39,55000,2145000,112,20,1,0,5,0,0.0,0.9
2025-05-28,Laptop,Ahmedabad,51,55000,2805000,73,20,0,0,3,0,0.0,0.9
2025-05-28,Mobile,Hyderabad,78,20000,1560000,47,30,0,0,3,0,0.0,0.9
2025-05-28,Mobile,Mumbai,74,20000,1480000,127,30,1,0,4,0,0.0,0.9
2025-05-28,Mobile,Delhi,72,20000,1440000,65,30,0,0,5,0,0.0,0.9
2025-05-28,Mobile,Bangalore,66,20000,1320000,132,30,1,0,3,0,0.0,0.9
2025-05-28,Mobile,Chennai,71,20000,1420000,102,30,1,0,5,0,0.0,0.9
2025-05-28,Mobile,Pune,67,20000,1340000,103,30,1,0,7,0,0.0,0.9
2025-05-28,Mobile,Kolkata,61,20000,1220000,49,30,0,0,2,0,0.0,0.9
2025-05-28,Mobile,Ahmedabad,68,20000,1360000,59,30,1,0,3,0,0.0,0.9
2025-05-28,Tablet,Hyderabad,43,30000,1290000,25,25,0,0,6,0,0.0,0.9
2025-05-28,Tablet,Mumbai,40,30000,1200000,78,25,1,0,5,0,0.0,0.9
2025-05-28,Tablet,Delhi,54,30000,1620000,66,25,1,0,4,0,0.0,0.9
2025-05-28,Tablet,Bangalore,35,30000,1050000,37,25,0,0,4,0,0.0,0.9
2025-05-28,Tablet,Chennai,45,30000,1350000,42,25,1,0,5,0,0.0,0.9
2025-05-28,Tablet,Pune,46,30000,1380000,115,25,0,0,5,0,0.0,0.9
2025-05-28,Tablet,Kolkata,45,30000,1350000,111,25,1,0,7,0,0.0,0.9
2025-05-28,Tablet,Ahmedabad,35,30000,1050000,68,25,0,0,6,0,0.0,0.9
2025-05-28,Headphones,Hyderabad,53,3000,159000,101,40,1,0,5,0,0.0,0.9
2025-05-28,Headphones,Mumbai,66,3000,198000,97,40,1,0,6,0,0.0,0.9
2025-05-28,Headphones,Delhi,59,3000,177000,102,40,1,0,6,0,0.0,0.9
2025-05-28,Headphones,Bangalore,59,3000,177000,136,40,1,0,7,0,0.0,0.9
2025-05-28,Headphones,Chennai,39,3000,117000,80,40,1,0,2,0,0.0,0.9
2025-05-28,Headphones,Pune,45,3000,135000,112,40,0,0,6,0,0.0,0.9
2025-05-28,Headphones,Kolkata,61,3000,183000,113,40,1,0,5,0,0.0,0.9
2025-05-28,Headphones,Ahmedabad,58,3000,174000,55,40,0,0,2,0,0.0,0.9
2025-05-28,Smartwatch,Hyderabad,41,8000,328000,93,20,0,0,4,0,0.0,0.9
2025-05-28,Smartwatch,Mumbai,34,8000,272000,67,20,1,0,5,0,0.0,0.9
2025-05-28,Smartwatch,Delhi,38,8000,304000,20,20,0,0,6,0,0.0,0.9
2025-05-28,Smartwatch,Bangalore,46,8000,368000,74,20,1,0,7,0,0.0,0.9
2025-05-28,Smartwatch,Chennai,44,8000,352000,49,20,0,0,7,0,0.0,0.9
2025-05-28,Smartwatch,Pune,28,8000,224000,56,20,0,0,4,0,0.0,0.9
2025-05-28,Smartwatch,Kolkata,50,8000,400000,20,20,0,0,2,0,0.0,0.9
2025-05-28,Smartwatch,Ahmedabad,22,8000,176000,47,20,0,0,4,0,0.0,0.9
2025-05-28,Keyboard,Hyderabad,81,1500,121500,89,35,1,0,4,0,0.0,0.9
2025-05-28,Keyboard,Mumbai,58,1500,87000,34,35,1,1,7,0,0.0,0.9
2025-05-28,Keyboard,Delhi,59,1500,88500,37,35,0,0,4,0,0.0,0.9
2025-05-28,Keyboard,Bangalore,56,1500,84000,85,35,0,0,2,0,0.0,0.9
2025-05-28,Keyboard,Chennai,72,1500,108000,68,35,1,0,6,0,0.0,0.9
2025-05-28,Keyboard,Pune,59,1500,88500,66,35,1,0,2,0,0.0,0.9
2025-05-28,Keyboard,Kolkata,66,1500,99000,102,35,1,0,4,0,0.0,0.9
2025-05-28,Keyboard,Ahmedabad,60,1500,90000,44,35,1,0,4,0,0.0,0.9
2025-05-28,Monitor,Hyderabad,26,18000,468000,121,15,1,0,4,0,0.0,0.9
2025-05-28,Monitor,Mumbai,46,18000,828000,62,15,0,0,7,0,0.0,0.9
2025-05-28,Monitor,Delhi,45,18000,810000,90,15,0,0,7,0,0.0,0.9
2025-05-28,Monitor,Bangalore,31,18000,558000,81,15,0,0,7,0,0.0,0.9
2025-05-28,Monitor,Chennai,21,18000,378000,54,15,0,0,3,0,0.0,0.9
2025-05-28,Monitor,Pune,28,18000,504000,54,15,0,0,2,0,0.0,0.9
2025-05-28,Monitor,Kolkata,45,18000,810000,36,15,0,0,2,0,0.0,0.9
2025-05-28,Monitor,Ahmedabad,40,18000,720000,133,15,1,0,4,0,0.0,0.9
2025-05-28,Mouse,Hyderabad,72,800,57600,104,50,0,0,6,0,0.0,0.9
2025-05-28,Mouse,Mumbai,70,800,56000,144,50,1,0,2,0,0.0,0.9
2025-05-28,Mouse,Delhi,77,800,61600,120,50,1,0,2,0,0.0,0.9
2025-05-28,Mouse,Bangalore,79,800,63200,137,50,1,0,3,0,0.0,0.9
2025-05-28,Mouse,Chennai,92,800,73600,78,50,0,0,7,0,0.0,0.9
2025-05-28,Mouse,Pune,87,800,69600,14,50,1,1,6,0,0.0,0.9
2025-05-28,Mouse,Kolkata,74,800,59200,150,50,1,0,7,0,0.0,0.9
2025-05-28,Mouse,Ahmedabad,83,800,66400,107,50,1,0,4,0,0.0,0.9
2025-05-28,Printer,Hyderabad,29,12000,348000,28,10,0,0,4,0,0.0,0.9
2025-05-28,Printer,Mumbai,34,12000,408000,35,10,0,0,4,0,0.0,0.9
2025-05-28,Printer,Delhi,26,12000,312000,57,10,0,0,5,0,0.0,0.9
2025-05-28,Printer,Bangalore,41,12000,492000,41,10,0,0,7,0,0.0,0.9
2025-05-28,Printer,Chennai,21,12000,252000,43,10,0,0,2,0,0.0,0.9
2025-05-28,Printer,Pune,44,12000,528000,52,10,0,0,2,0,0.0,0.9
2025-05-28,Printer,Kolkata,21,12000,252000,49,10,1,0,4,0,0.0,0.9
2025-05-28,Printer,Ahmedabad,38,12000,456000,34,10,0,0,5,0,0.0,0.9
2025-05-28,Speaker,Hyderabad,61,4000,244000,111,25,1,0,6,0,0.0,0.9
2025-05-28,Speaker,Mumbai,54,4000,216000,55,25,0,0,4,0,0.0,0.9
2025-05-28,Speaker,Delhi,61,4000,244000,79,25,0,0,5,0,0.0,0.9
2025-05-28,Speaker,Bangalore,41,4000,164000,46,25,0,0,3,0,0.0,0.9
2025-05-28,Speaker,Chennai,61,4000,244000,24,25,1,1,4,0,0.0,0.9
2025-05-28,Speaker,Pune,60,4000,240000,54,25,0,0,5,0,0.0,0.9
2025-05-28,Speaker,Kolkata,57,4000,228000,104,25,1,0,6,0,0.0,0.9
2025-05-28,Speaker,Ahmedabad,38,4000,152000,54,25,0,0,7,0,0.0,0.9
2025-05-29,Laptop,Hyderabad,50,55000,2750000,44,20,0,0,7,0,0.0,0.9
2025-05-29,Laptop,Mumbai,57,55000,3135000,118,20,1,0,7,0,0.0,0.9
2025-05-29,Laptop,Delhi,61,55000,3355000,27,20,0,0,3,0,0.0,0.9
2025-05-29,Laptop,Bangalore,48,55000,2640000,82,20,0,0,7,0,0.0,0.9
2025-05-29,Laptop,Chennai,44,55000,2420000,48,20,0,0,7,0,0.0,0.9
2025-05-29,Laptop,Pune,42,55000,2310000,70,20,1,0,5,0,0.0,0.9
2025-05-29,Laptop,Kolkata,51,55000,2805000,61,20,0,0,6,0,0.0,0.9
2025-05-29,Laptop,Ahmedabad,38,55000,2090000,35,20,0,0,7,0,0.0,0.9
2025-05-29,Mobile,Hyderabad,75,20000,1500000,97,30,1,0,4,0,0.0,0.9
2025-05-29,Mobile,Mumbai,62,20000,1240000,65,30,0,0,3,0,0.0,0.9
2025-05-29,Mobile,Delhi,75,20000,1500000,125,30,1,0,6,0,0.0,0.9
2025-05-29,Mobile,Bangalore,82,20000,1640000,50,30,0,0,7,0,0.0,0.9
2025-05-29,Mobile,Chennai,69,20000,1380000,33,30,0,0,4,0,0.0,0.9
2025-05-29,Mobile,Pune,70,20000,1400000,33,30,0,0,3,0,0.0,0.9
2025-05-29,Mobile,Kolkata,65,20000,1300000,82,30,1,0,6,0,0.0,0.9
2025-05-29,Mobile,Ahmedabad,84,20000,1680000,28,30,1,1,3,0,0.0,0.9
2025-05-29,Tablet,Hyderabad,50,30000,1500000,98,25,1,0,5,0,0.0,0.9
2025-05-29,Tablet,Mumbai,47,30000,1410000,31,25,0,0,4,0,0.0,0.9
2025-05-29,Tablet,Delhi,44,30000,1320000,76,25,1,0,7,0,0.0,0.9
2025-05-29,Tablet,Bangalore,29,30000,870000,93,25,1,0,3,0,0.0,0.9
2025-05-29,Tablet,Chennai,53,30000,1590000,127,25,1,0,4,0,0.0,0.9
2025-05-29,Tablet,Pune,40,30000,1200000,75,25,0,0,4,0,0.0,0.9
2025-05-29,Tablet,Kolkata,44,30000,1320000,67,25,0,0,6,0,0.0,0.9
2025-05-29,Tablet,Ahmedabad,36,30000,1080000,32,25,0,0,5,0,0.0,0.9
2025-05-29,Headphones,Hyderabad,64,3000,192000,108,40,1,0,6,0,0.0,0.9
2025-05-29,Headphones,Mumbai,67,3000,201000,116,40,1,0,5,0,0.0,0.9
2025-05-29,Headphones,Delhi,58,3000,174000,44,40,0,0,5,0,0.0,0.9
2025-05-29,Headphones,Bangalore,55,3000,165000,81,40,0,0,7,0,0.0,0.9
2025-05-29,Headphones,Chennai,48,3000,144000,98,40,1,0,7,0,0.0,0.9
2025-05-29,Headphones,Pune,51,3000,153000,61,40,0,0,3,0,0.0,0.9
2025-05-29,Headphones,Kolkata,48,3000,144000,65,40,0,0,7,0,0.0,0.9
2025-05-29,Headphones,Ahmedabad,44,3000,132000,69,40,1,0,4,0,0.0,0.9
2025-05-29,Smartwatch,Hyderabad,20,8000,160000,73,20,0,0,6,0,0.0,0.9
2025-05-29,Smartwatch,Mumbai,30,8000,240000,37,20,0,0,3,0,0.0,0.9
2025-05-29,Smartwatch,Delhi,29,8000,232000,70,20,1,0,7,0,0.0,0.9
2025-05-29,Smartwatch,Bangalore,39,8000,312000,35,20,0,0,6,0,0.0,0.9
2025-05-29,Smartwatch,Chennai,35,8000,280000,102,20,1,0,7,0,0.0,0.9
2025-05-29,Smartwatch,Pune,35,8000,280000,21,20,0,0,6,0,0.0,0.9
2025-05-29,Smartwatch,Kolkata,44,8000,352000,31,20,1,0,6,0,0.0,0.9
2025-05-29,Smartwatch,Ahmedabad,41,8000,328000,90,20,1,0,5,0,0.0,0.9
2025-05-29,Keyboard,Hyderabad,66,1500,99000,133,35,1,0,3,0,0.0,0.9
2025-05-29,Keyboard,Mumbai,61,1500,91500,73,35,1,0,7,0,0.0,0.9
2025-05-29,Keyboard,Delhi,58,1500,87000,77,35,1,0,3,0,0.0,0.9
2025-05-29,Keyboard,Bangalore,75,1500,112500,116,35,1,0,2,0,0.0,0.9
2025-05-29,Keyboard,Chennai,58,1500,87000,127,35,1,0,6,0,0.0,0.9
2025-05-29,Keyboard,Pune,69,1500,103500,62,35,1,0,6,0,0.0,0.9
2025-05-29,Keyboard,Kolkata,51,1500,76500,51,35,0,0,2,0,0.0,0.9
2025-05-29,Keyboard,Ahmedabad,57,1500,85500,46,35,1,0,6,0,0.0,0.9
2025-05-29,Monitor,Hyderabad,41,18000,738000,80,15,0,0,7,0,0.0,0.9
2025-05-29,Monitor,Mumbai,48,18000,864000,154,15,1,0,7,0,0.0,0.9
2025-05-29,Monitor,Delhi,46,18000,828000,44,15,0,0,7,0,0.0,0.9
2025-05-29,Monitor,Bangalore,31,18000,558000,50,15,0,0,7,0,0.0,0.9
2025-05-29,Monitor,Chennai,51,18000,918000,118,15,1,0,7,0,0.0,0.9
2025-05-29,Monitor,Pune,42,18000,756000,124,15,1,0,7,0,0.0,0.9
2025-05-29,Monitor,Kolkata,47,18000,846000,109,15,1,0,6,0,0.0,0.9
2025-05-29,Monitor,Ahmedabad,42,18000,756000,91,15,0,0,4,0,0.0,0.9
2025-05-29,Mouse,Hyderabad,74,800,59200,177,50,1,0,5,0,0.0,0.9
2025-05-29,Mouse,Mumbai,81,800,64800,63,50,0,0,3,0,0.0,0.9
2025-05-29,Mouse,Delhi,84,800,67200,158,50,1,0,7,0,0.0,0.9
2025-05-29,Mouse,Bangalore,96,800,76800,175,50,1,0,4,0,0.0,0.9
2025-05-29,Mouse,Chennai,79,800,63200,52,50,1,0,5,0,0.0,0.9
2025-05-29,Mouse,Pune,77,800,61600,8,50,1,1,7,0,0.0,0.9
2025-05-29,Mouse,Kolkata,69,800,55200,81,50,0,0,7,0,0.0,0.9
2025-05-29,Mouse,Ahmedabad,80,800,64000,172,50,1,0,4,0,0.0,0.9
2025-05-29,Printer,Hyderabad,38,12000,456000,136,10,1,0,3,0,0.0,0.9
2025-05-29,Printer,Mumbai,10,12000,120000,25,10,0,0,5,0,0.0,0.9
2025-05-29,Printer,Delhi,29,12000,348000,28,10,0,0,6,0,0.0,0.9
2025-05-29,Printer,Bangalore,35,12000,420000,81,10,1,0,3,0,0.0,0.9
2025-05-29,Printer,Chennai,47,12000,564000,63,10,1,0,4,0,0.0,0.9
2025-05-29,Printer,Pune,26,12000,312000,26,10,0,0,6,0,0.0,0.9
2025-05-29,Printer,Kolkata,27,12000,324000,22,10,0,0,2,0,0.0,0.9
2025-05-29,Printer,Ahmedabad,34,12000,408000,123,10,1,0,6,0,0.0,0.9
2025-05-29,Speaker,Hyderabad,54,4000,216000,57,25,0,0,3,0,0.0,0.9
2025-05-29,Speaker,Mumbai,49,4000,196000,56,25,1,0,6,0,0.0,0.9
2025-05-29,Speaker,Delhi,64,4000,256000,74,25,1,0,3,0,0.0,0.9
2025-05-29,Speaker,Bangalore,67,4000,268000,98,25,1,0,3,0,0.0,0.9
2025-05-29,Speaker,Chennai,60,4000,240000,86,25,1,0,3,0,0.0,0.9
2025-05-29,Speaker,Pune,37,4000,148000,147,25,1,0,2,0,0.0,0.9
2025-05-29,Speaker,Kolkata,55,4000,220000,49,25,0,0,4,0,0.0,0.9
2025-05-29,Speaker,Ahmedabad,50,4000,200000,126,25,1,0,6,0,0.0,0.9
2025-05-30,Laptop,Hyderabad,43,55000,2365000,147,20,1,0,4,0,0.0,0.9
2025-05-30,Laptop,Mumbai,47,55000,2585000,71,20,0,0,6,0,0.0,0.9
2025-05-30,Laptop,Delhi,65,55000,3575000,30,20,1,0,4,0,0.0,0.9
2025-05-30,Laptop,Bangalore,42,55000,2310000,40,20,0,0,5,0,0.0,0.9
2025-05-30,Laptop,Chennai,50,55000,2750000,60,20,1,0,2,0,0.0,0.9
2025-05-30,Laptop,Pune,29,55000,1595000,41,20,0,0,7,0,0.0,0.9
2025-05-30,Laptop,Kolkata,42,55000,2310000,141,20,1,0,3,0,0.0,0.9
2025-05-30,Laptop,Ahmedabad,62,55000,3410000,101,20,1,0,6,0,0.0,0.9
2025-05-30,Mobile,Hyderabad,57,20000,1140000,40,30,0,0,6,0,0.0,0.9
2025-05-30,Mobile,Mumbai,75,20000,1500000,99,30,1,0,5,0,0.0,0.9
2025-05-30,Mobile,Delhi,69,20000,1380000,56,30,0,0,6,0,0.0,0.9
2025-05-30,Mobile,Bangalore,84,20000,1680000,106,30,1,0,7,0,0.0,0.9
2025-05-30,Mobile,Chennai,67,20000,1340000,26,30,1,1,4,0,0.0,0.9
2025-05-30,Mobile,Pune,70,20000,1400000,86,30,1,0,2,0,0.0,0.9
2025-05-30,Mobile,Kolkata,71,20000,1420000,95,30,1,0,3,0,0.0,0.9
2025-05-30,Mobile,Ahmedabad,76,20000,1520000,43,30,1,0,5,0,0.0,0.9
2025-05-30,Tablet,Hyderabad,40,30000,1200000,58,25,0,0,6,0,0.0,0.9
2025-05-30,Tablet,Mumbai,52,30000,1560000,75,25,1,0,6,0,0.0,0.9
2025-05-30,Tablet,Delhi,45,30000,1350000,31,25,0,0,7,0,0.0,0.9
2025-05-30,Tablet,Bangalore,37,30000,1110000,56,25,0,0,2,0,0.0,0.9
2025-05-30,Tablet,Chennai,32,30000,960000,95,25,0,0,7,0,0.0,0.9
2025-05-30,Tablet,Pune,51,30000,1530000,153,25,1,0,4,0,0.0,0.9
2025-05-30,Tablet,Kolkata,49,30000,1470000,97,25,1,0,4,0,0.0,0.9
2025-05-30,Tablet,Ahmedabad,49,30000,1470000,110,25,1,0,7,0,0.0,0.9
2025-05-30,Headphones,Hyderabad,55,3000,165000,53,40,0,0,6,0,0.0,0.9
2025-05-30,Headphones,Mumbai,43,3000,129000,73,40,0,0,7,0,0.0,0.9
2025-05-30,Headphones,Delhi,55,3000,165000,76,40,1,0,4,0,0.0,0.9
2025-05-30,Headphones,Bangalore,55,3000,165000,76,40,1,0,4,0,0.0,0.9
2025-05-30,Headphones,Chennai,51,3000,153000,47,40,0,0,7,0,0.0,0.9
2025-05-30,Headphones,Pune,68,3000,204000,117,40,1,0,2,0,0.0,0.9
2025-05-30,Headphones,Kolkata,65,3000,195000,98,40,1,0,6,0,0.0,0.9
2025-05-30,Headphones,Ahmedabad,56,3000,168000,162,40,1,0,4,0,0.0,0.9
2025-05-30,Smartwatch,Hyderabad,33,8000,264000,40,20,0,0,7,0,0.0,0.9
2025-05-30,Smartwatch,Mumbai,38,8000,304000,96,20,1,0,7,0,0.0,0.9
2025-05-30,Smartwatch,Delhi,44,8000,352000,26,20,0,0,4,0,0.0,0.9
2025-05-30,Smartwatch,Bangalore,31,8000,248000,104,20,1,0,3,0,0.0,0.9
2025-05-30,Smartwatch,Chennai,37,8000,296000,65,20,0,0,6,0,0.0,0.9
2025-05-30,Smartwatch,Pune,38,8000,304000,118,20,1,0,2,0,0.0,0.9
2025-05-30,Smartwatch,Kolkata,38,8000,304000,86,20,1,0,7,0,0.0,0.9
2025-05-30,Smartwatch,Ahmedabad,34,8000,272000,56,20,0,0,4,0,0.0,0.9
2025-05-30,Keyboard,Hyderabad,67,1500,100500,66,35,0,0,4,0,0.0,0.9
2025-05-30,Keyboard,Mumbai,74,1500,111000,133,35,1,0,7,0,0.0,0.9
2025-05-30,Keyboard,Delhi,70,1500,105000,68,35,1,0,6,0,0.0,0.9
2025-05-30,Keyboard,Bangalore,66,1500,99000,50,35,0,0,6,0,0.0,0.9
2025-05-30,Keyboard,Chennai,73,1500,109500,54,35,0,0,4,0,0.0,0.9
2025-05-30,Keyboard,Pune,74,1500,111000,104,35,1,0,4,0,0.0,0.9
2025-05-30,Keyboard,Kolkata,66,1500,99000,124,35,1,0,6,0,0.0,0.9
2025-05-30,Keyboard,Ahmedabad,71,1500,106500,44,35,1,0,3,0,0.0,0.9
2025-05-30,Monitor,Hyderabad,57,18000,1026000,23,15,0,0,5,0,0.0,0.9
2025-05-30,Monitor,Mumbai,46,18000,828000,108,15,0,0,2,0,0.0,0.9
2025-05-30,Monitor,Delhi,42,18000,756000,118,15,1,0,7,0,0.0,0.9
2025-05-30,Monitor,Bangalore,57,18000,1026000,62,15,1,0,4,0,0.0,0.9
2025-05-30,Monitor,Chennai,43,18000,774000,75,15,0,0,3,0,0.0,0.9
2025-05-30,Monitor,Pune,55,18000,990000,69,15,0,0,3,0,0.0,0.9
2025-05-30,Monitor,Kolkata,50,18000,900000,59,15,0,0,5,0,0.0,0.9
2025-05-30,Monitor,Ahmedabad,24,18000,432000,67,15,0,0,5,0,0.0,0.9
2025-05-30,Mouse,Hyderabad,78,800,62400,99,50,0,0,4,0,0.0,0.9
2025-05-30,Mouse,Mumbai,61,800,48800,145,50,1,0,7,0,0.0,0.9
2025-05-30,Mouse,Delhi,73,800,58400,85,50,0,0,3,0,0.0,0.9
2025-05-30,Mouse,Bangalore,60,800,48000,115,50,0,0,5,0,0.0,0.9
2025-05-30,Mouse,Chennai,90,800,72000,64,50,1,0,3,0,0.0,0.9
2025-05-30,Mouse,Pune,89,800,71200,25,50,1,1,2,0,0.0,0.9
2025-05-30,Mouse,Kolkata,70,800,56000,71,50,1,0,5,0,0.0,0.9
2025-05-30,Mouse,Ahmedabad,81,800,64800,91,50,0,0,7,0,0.0,0.9
2025-05-30,Printer,Hyderabad,22,12000,264000,114,10,0,0,4,0,0.0,0.9
2025-05-30,Printer,Mumbai,29,12000,348000,50,10,1,0,3,0,0.0,0.9
2025-05-30,Printer,Delhi,29,12000,348000,73,10,1,0,2,0,0.0,0.9
2025-05-30,Printer,Bangalore,13,12000,156000,68,10,0,0,7,0,0.0,0.9
2025-05-30,Printer,Chennai,23,12000,276000,40,10,0,0,6,0,0.0,0.9
2025-05-30,Printer,Pune,16,12000,192000,10,10,0,0,7,0,0.0,0.9
2025-05-30,Printer,Kolkata,18,12000,216000,111,10,1,0,4,0,0.0,0.9
2025-05-30,Printer,Ahmedabad,34,12000,408000,89,10,0,0,6,0,0.0,0.9
2025-05-30,Speaker,Hyderabad,55,4000,220000,117,25,1,0,6,0,0.0,0.9
2025-05-30,Speaker,Mumbai,44,4000,176000,96,25,1,0,5,0,0.0,0.9
2025-05-30,Speaker,Delhi,55,4000,220000,120,25,1,0,2,0,0.0,0.9
2025-05-30,Speaker,Bangalore,59,4000,236000,39,25,0,0,7,0,0.0,0.9
2025-05-30,Speaker,Chennai,54,4000,216000,32,25,0,0,2,0,0.0,0.9
2025-05-30,Speaker,Pune,67,4000,268000,80,25,0,0,7,0,0.0,0.9
2025-05-30,Speaker,Kolkata,58,4000,232000,61,25,1,0,6,0,0.0,0.9
2025-05-30,Speaker,Ahmedabad,59,4000,236000,67,25,0,0,2,0,0.0,0.9
2025-05-31,Laptop,Hyderabad,52,55000,2860000,95,20,0,0,2,0,0.0,0.9
2025-05-31,Laptop,Mumbai,55,55000,3025000,150,20,1,0,7,0,0.0,0.9
2025-05-31,Laptop,Delhi,63,55000,3465000,58,20,1,0,4,0,0.0,0.9
2025-05-31,Laptop,Bangalore,45,55000,2475000,138,20,1,0,3,0,0.0,0.9
2025-05-31,Laptop,Chennai,45,55000,2475000,163,20,1,0,2,0,0.0,0.9
2025-05-31,Laptop,Pune,56,55000,3080000,78,20,1,0,3,0,0.0,0.9
2025-05-31,Laptop,Kolkata,51,55000,2805000,90,20,0,0,3,0,0.0,0.9
2025-05-31,Laptop,Ahmedabad,49,55000,2695000,52,20,0,0,2,0,0.0,0.9
2025-05-31,Mobile,Hyderabad,70,20000,1400000,22,30,1,1,6,0,0.0,0.9
2025-05-31,Mobile,Mumbai,63,20000,1260000,36,30,0,0,3,0,0.0,0.9
2025-05-31,Mobile,Delhi,61,20000,1220000,134,30,1,0,7,0,0.0,0.9
2025-05-31,Mobile,Bangalore,62,20000,1240000,44,30,0,0,3,0,0.0,0.9
2025-05-31,Mobile,Chennai,61,20000,1220000,45,30,1,0,2,0,0.0,0.9
2025-05-31,Mobile,Pune,66,20000,1320000,132,30,1,0,7,0,0.0,0.9
2025-05-31,Mobile,Kolkata,78,20000,1560000,127,30,1,0,6,0,0.0,0.9
2025-05-31,Mobile,Ahmedabad,65,20000,1300000,124,30,1,0,6,0,0.0,0.9
2025-05-31,Tablet,Hyderabad,35,30000,1050000,126,25,1,0,2,0,0.0,0.9
2025-05-31,Tablet,Mumbai,34,30000,1020000,41,25,0,0,2,0,0.0,0.9
2025-05-31,Tablet,Delhi,25,30000,750000,92,25,1,0,2,0,0.0,0.9
2025-05-31,Tablet,Bangalore,59,30000,1770000,143,25,1,0,7,0,0.0,0.9
2025-05-31,Tablet,Chennai,30,30000,900000,65,25,0,0,4,0,0.0,0.9
2025-05-31,Tablet,Pune,41,30000,1230000,112,25,0,0,7,0,0.0,0.9
2025-05-31,Tablet,Kolkata,40,30000,1200000,57,25,0,0,6,0,0.0,0.9
2025-05-31,Tablet,Ahmedabad,40,30000,1200000,70,25,0,0,3,0,0.0,0.9
2025-05-31,Headphones,Hyderabad,62,3000,186000,84,40,1,0,3,0,0.0,0.9
2025-05-31,Headphones,Mumbai,60,3000,180000,104,40,1,0,2,0,0.0,0.9
2025-05-31,Headphones,Delhi,53,3000,159000,83,40,1,0,3,0,0.0,0.9
2025-05-31,Headphones,Bangalore,60,3000,180000,130,40,1,0,3,0,0.0,0.9
2025-05-31,Headphones,Chennai,60,3000,180000,110,40,1,0,4,0,0.0,0.9
2025-05-31,Headphones,Pune,53,3000,159000,64,40,0,0,6,0,0.0,0.9
2025-05-31,Headphones,Kolkata,40,3000,120000,58,40,0,0,7,0,0.0,0.9
2025-05-31,Headphones,Ahmedabad,58,3000,174000,104,40,0,0,6,0,0.0,0.9
2025-05-31,Smartwatch,Hyderabad,35,8000,280000,87,20,1,0,4,0,0.0,0.9
2025-05-31,Smartwatch,Mumbai,34,8000,272000,62,20,0,0,2,0,0.0,0.9
2025-05-31,Smartwatch,Delhi,43,8000,344000,119,20,1,0,5,0,0.0,0.9
2025-05-31,Smartwatch,Bangalore,25,8000,200000,79,20,0,0,5,0,0.0,0.9
2025-05-31,Smartwatch,Chennai,48,8000,384000,82,20,1,0,5,0,0.0,0.9
2025-05-31,Smartwatch,Pune,28,8000,224000,90,20,0,0,4,0,0.0,0.9
2025-05-31,Smartwatch,Kolkata,28,8000,224000,58,20,0,0,3,0,0.0,0.9
2025-05-31,Smartwatch,Ahmedabad,48,8000,384000,95,20,1,0,7,0,0.0,0.9
2025-05-31,Keyboard,Hyderabad,46,1500,69000,81,35,1,0,3,0,0.0,0.9
2025-05-31,Keyboard,Mumbai,58,1500,87000,75,35,0,0,7,0,0.0,0.9
2025-05-31,Keyboard,Delhi,56,1500,84000,64,35,1,0,4,0,0.0,0.9
2025-05-31,Keyboard,Bangalore,72,1500,108000,37,35,1,0,2,0,0.0,0.9
2025-05-31,Keyboard,Chennai,66,1500,99000,90,35,1,0,5,0,0.0,0.9
2025-05-31,Keyboard,Pune,56,1500,84000,48,35,0,0,6,0,0.0,0.9
2025-05-31,Keyboard,Kolkata,67,1500,100500,57,35,0,0,6,0,0.0,0.9
2025-05-31,Keyboard,Ahmedabad,57,1500,85500,103,35,1,0,3,0,0.0,0.9
2025-05-31,Monitor,Hyderabad,44,18000,792000,104,15,1,0,2,0,0.0,0.9
2025-05-31,Monitor,Mumbai,41,18000,738000,67,15,0,0,7,0,0.0,0.9
2025-05-31,Monitor,Delhi,43,18000,774000,75,15,0,0,3,0,0.0,0.9
2025-05-31,Monitor,Bangalore,50,18000,900000,79,15,1,0,6,0,0.0,0.9
2025-05-31,Monitor,Chennai,39,18000,702000,36,15,0,0,4,0,0.0,0.9
2025-05-31,Monitor,Pune,29,18000,522000,40,15,0,0,4,0,0.0,0.9
2025-05-31,Monitor,Kolkata,50,18000,900000,97,15,1,0,7,0,0.0,0.9
2025-05-31,Monitor,Ahmedabad,36,18000,648000,31,15,0,0,6,0,0.0,0.9
2025-05-31,Mouse,Hyderabad,87,800,69600,114,50,1,0,5,0,0.0,0.9
2025-05-31,Mouse,Mumbai,77,800,61600,68,50,0,0,2,0,0.0,0.9
2025-05-31,Mouse,Delhi,91,800,72800,78,50,1,0,5,0,0.0,0.9
2025-05-31,Mouse,Bangalore,75,800,60000,184,50,1,0,6,0,0.0,0.9
2025-05-31,Mouse,Chennai,77,800,61600,132,50,1,0,7,0,0.0,0.9
2025-05-31,Mouse,Pune,88,800,70400,0,50,1,1,7,0,0.0,0.9
2025-05-31,Mouse,Kolkata,90,800,72000,67,50,1,0,6,0,0.0,0.9
2025-05-31,Mouse,Ahmedabad,98,800,78400,143,50,1,0,6,0,0.0,0.9
2025-05-31,Printer,Hyderabad,36,12000,432000,78,10,0,0,5,0,0.0,0.9
2025-05-31,Printer,Mumbai,30,12000,360000,20,10,0,0,3,0,0.0,0.9
2025-05-31,Printer,Delhi,27,12000,324000,46,10,0,0,5,0,0.0,0.9
2025-05-31,Printer,Bangalore,6,12000,72000,62,10,0,0,5,0,0.0,0.9
2025-05-31,Printer,Chennai,17,12000,204000,23,10,0,0,2,0,0.0,0.9
2025-05-31,Printer,Pune,36,12000,432000,45,10,1,0,6,0,0.0,0.9
2025-05-31,Printer,Kolkata,30,12000,360000,81,10,0,0,6,0,0.0,0.9
2025-05-31,Printer,Ahmedabad,15,12000,180000,74,10,0,0,5,0,0.0,0.9
2025-05-31,Speaker,Hyderabad,26,4000,104000,91,25,0,0,3,0,0.0,0.9
2025-05-31,Speaker,Mumbai,45,4000,180000,51,25,0,0,7,0,0.0,0.9
2025-05-31,Speaker,Delhi,47,4000,188000,73,25,0,0,7,0,0.0,0.9
2025-05-31,Speaker,Bangalore,35,4000,140000,127,25,1,0,4,0,0.0,0.9
2025-05-31,Speaker,Chennai,62,4000,248000,86,25,1,0,5,0,0.0,0.9
2025-05-31,Speaker,Pune,49,4000,196000,31,25,0,0,3,0,0.0,0.9
2025-05-31,Speaker,Kolkata,56,4000,224000,88,25,1,0,7,0,0.0,0.9
2025-05-31,Speaker,Ahmedabad,60,4000,240000,95,25,1,0,2,0,0.0,0.9
2025-06-01,Laptop,Hyderabad,61,55000,3355000,34,20,0,0,7,1,11.6,1.0
2025-06-01,Laptop,Mumbai,76,55000,4180000,74,20,0,0,2,1,11.6,1.0
2025-06-01,Laptop,Delhi,69,55000,3795000,70,20,1,0,6,1,11.6,1.0
2025-06-01,Laptop,Bangalore,73,55000,4015000,65,20,0,0,6,1,11.6,1.0
2025-06-01,Laptop,Chennai,65,55000,3575000,98,20,0,0,4,1,11.6,1.0
2025-06-01,Laptop,Pune,69,55000,3795000,123,20,1,0,4,1,11.6,1.0
2025-06-01,Laptop,Kolkata,61,55000,3355000,29,20,0,0,5,1,11.6,1.0
2025-06-01,Laptop,Ahmedabad,65,55000,3575000,121,20,1,0,5,1,11.6,1.0
2025-06-01,Mobile,Hyderabad,88,20000,1760000,5,30,1,1,5,1,11.6,1.0
2025-06-01,Mobile,Mumbai,100,20000,2000000,18,30,1,1,6,1,11.6,1.0
2025-06-01,Mobile,Delhi,87,20000,1740000,47,30,0,0,6,1,11.6,1.0
2025-06-01,Mobile,Bangalore,93,20000,1860000,94,30,1,0,4,1,11.6,1.0
2025-06-01,Mobile,Chennai,83,20000,1660000,32,30,1,0,3,1,11.6,1.0
2025-06-01,Mobile,Pune,105,20000,2100000,122,30,1,0,7,1,11.6,1.0
2025-06-01,Mobile,Kolkata,90,20000,1800000,37,30,0,0,7,1,11.6,1.0
2025-06-01,Mobile,Ahmedabad,100,20000,2000000,173,30,1,0,7,1,11.6,1.0
2025-06-01,Tablet,Hyderabad,48,30000,1440000,78,25,0,0,2,1,11.6,1.0
2025-06-01,Tablet,Mumbai,49,30000,1470000,71,25,1,0,5,1,11.6,1.0
2025-06-01,Tablet,Delhi,60,30000,1800000,32,25,0,0,2,1,11.6,1.0
2025-06-01,Tablet,Bangalore,57,30000,1710000,86,25,0,0,5,1,11.6,1.0
2025-06-01,Tablet,Chennai,53,30000,1590000,95,25,1,0,3,1,11.6,1.0
2025-06-01,Tablet,Pune,49,30000,1470000,63,25,0,0,4,1,11.6,1.0
2025-06-01,Tablet,Kolkata,47,30000,1410000,102,25,1,0,3,1,11.6,1.0
2025-06-01,Tablet,Ahmedabad,55,30000,1650000,121,25,1,0,3,1,11.6,1.0
2025-06-01,Headphones,Hyderabad,60,3000,180000,107,40,1,0,4,1,11.6,1.0
2025-06-01,Headphones,Mumbai,85,3000,255000,123,40,1,0,4,1,11.6,1.0
2025-06-01,Headphones,Delhi,79,3000,237000,125,40,1,0,2,1,11.6,1.0
2025-06-01,Headphones,Bangalore,73,3000,219000,57,40,0,0,6,1,11.6,1.0
2025-06-01,Headphones,Chennai,75,3000,225000,95,40,1,0,3,1,11.6,1.0
2025-06-01,Headphones,Pune,69,3000,207000,63,40,1,0,7,1,11.6,1.0
2025-06-01,Headphones,Kolkata,83,3000,249000,91,40,1,0,4,1,11.6,1.0
2025-06-01,Headphones,Ahmedabad,70,3000,210000,119,40,1,0,7,1,11.6,1.0
2025-06-01,Smartwatch,Hyderabad,58,8000,464000,29,20,0,0,7,1,11.6,1.0
2025-06-01,Smartwatch,Mumbai,48,8000,384000,131,20,1,0,6,1,11.6,1.0
2025-06-01,Smartwatch,Delhi,50,8000,400000,69,20,0,0,7,1,11.6,1.0
2025-06-01,Smartwatch,Bangalore,46,8000,368000,33,20,0,0,2,1,11.6,1.0
2025-06-01,Smartwatch,Chennai,45,8000,360000,37,20,0,0,6,1,11.6,1.0
2025-06-01,Smartwatch,Pune,46,8000,368000,44,20,0,0,2,1,11.6,1.0
2025-06-01,Smartwatch,Kolkata,62,8000,496000,101,20,1,0,5,1,11.6,1.0
2025-06-01,Smartwatch,Ahmedabad,50,8000,400000,45,20,0,0,5,1,11.6,1.0
2025-06-01,Keyboard,Hyderabad,76,1500,114000,148,35,1,0,7,1,11.6,1.0
2025-06-01,Keyboard,Mumbai,79,1500,118500,129,35,1,0,4,1,11.6,1.0
2025-06-01,Keyboard,Delhi,88,1500,132000,30,35,1,1,3,1,11.6,1.0
2025-06-01,Keyboard,Bangalore,73,1500,109500,107,35,1,0,5,1,11.6,1.0
2025-06-01,Keyboard,Chennai,87,1500,130500,133,35,1,0,5,1,11.6,1.0
2025-06-01,Keyboard,Pune,77,1500,115500,73,35,1,0,3,1,11.6,1.0
2025-06-01,Keyboard,Kolkata,75,1500,112500,97,35,1,0,6,1,11.6,1.0
2025-06-01,Keyboard,Ahmedabad,68,1500,102000,35,35,0,0,2,1,11.6,1.0
2025-06-01,Monitor,Hyderabad,55,18000,990000,49,15,0,0,7,1,11.6,1.0
2025-06-01,Monitor,Mumbai,53,18000,954000,82,15,1,0,5,1,11.6,1.0
2025-06-01,Monitor,Delhi,62,18000,1116000,81,15,1,0,2,1,11.6,1.0
2025-06-01,Monitor,Bangalore,47,18000,846000,32,15,0,0,7,1,11.6,1.0
2025-06-01,Monitor,Chennai,43,18000,774000,48,15,1,0,6,1,11.6,1.0
2025-06-01,Monitor,Pune,50,18000,900000,87,15,1,0,5,1,11.6,1.0
2025-06-01,Monitor,Kolkata,48,18000,864000,49,15,0,0,3,1,11.6,1.0
2025-06-01,Monitor,Ahmedabad,58,18000,1044000,90,15,1,0,4,1,11.6,1.0
2025-06-01,Mouse,Hyderabad,97,800,77600,92,50,1,0,3,1,11.6,1.0
2025-06-01,Mouse,Mumbai,92,800,73600,68,50,1,0,4,1,11.6,1.0
2025-06-01,Mouse,Delhi,97,800,77600,73,50,1,0,7,1,11.6,1.0
2025-06-01,Mouse,Bangalore,106,800,84800,78,50,0,0,6,1,11.6,1.0
2025-06-01,Mouse,Chennai,98,800,78400,124,50,1,0,2,1,11.6,1.0
2025-06-01,Mouse,Pune,101,800,80800,8,50,1,1,5,1,11.6,1.0
2025-06-01,Mouse,Kolkata,109,800,87200,40,50,1,1,7,1,11.6,1.0
2025-06-01,Mouse,Ahmedabad,114,800,91200,134,50,1,0,7,1,11.6,1.0
2025-06-01,Printer,Hyderabad,48,12000,576000,30,10,0,0,2,1,11.6,1.0
2025-06-01,Printer,Mumbai,31,12000,372000,70,10,1,0,3,1,11.6,1.0
2025-06-01,Printer,Delhi,37,12000,444000,81,10,1,0,2,1,11.6,1.0
2025-06-01,Printer,Bangalore,36,12000,432000,26,10,0,0,2,1,11.6,1.0
2025-06-01,Printer,Chennai,30,12000,360000,119,10,1,0,7,1,11.6,1.0
2025-06-01,Printer,Pune,34,12000,408000,11,10,0,0,6,1,11.6,1.0
2025-06-01,Printer,Kolkata,16,12000,192000,65,10,0,0,5,1,11.6,1.0
2025-06-01,Printer,Ahmedabad,32,12000,384000,42,10,0,0,3,1,11.6,1.0
2025-06-01,Speaker,Hyderabad,69,4000,276000,106,25,1,0,5,1,11.6,1.0
2025-06-01,Speaker,Mumbai,66,4000,264000,66,25,1,0,3,1,11.6,1.0
2025-06-01,Speaker,Delhi,82,4000,328000,75,25,1,0,5,1,11.6,1.0
2025-06-01,Speaker,Bangalore,61,4000,244000,66,25,0,0,5,1,11.6,1.0
2025-06-01,Speaker,Chennai,86,4000,344000,107,25,1,0,4,1,11.6,1.0
2025-06-01,Speaker,Pune,70,4000,280000,39,25,1,0,4,1,11.6,1.0
2025-06-01,Speaker,Kolkata,70,4000,280000,90,25,1,0,2,1,11.6,1.0
2025-06-01,Speaker,Ahmedabad,78,4000,312000,98,25,1,0,4,1,11.6,1.0
2025-06-02,Laptop,Hyderabad,43,55000,2365000,56,20,1,0,2,0,0.0,1.0
2025-06-02,Laptop,Mumbai,51,55000,2805000,23,20,0,0,6,0,0.0,1.0
2025-06-02,Laptop,Delhi,64,55000,3520000,91,20,1,0,2,0,0.0,1.0
2025-06-02,Laptop,Bangalore,64,55000,3520000,118,20,1,0,2,0,0.0,1.0
2025-06-02,Laptop,Chennai,55,55000,3025000,43,20,0,0,5,0,0.0,1.0
2025-06-02,Laptop,Pune,64,55000,3520000,59,20,0,0,6,0,0.0,1.0
2025-06-02,Laptop,Kolkata,54,55000,2970000,62,20,1,0,4,0,0.0,1.0
2025-06-02,Laptop,Ahmedabad,52,55000,2860000,69,20,0,0,7,0,0.0,1.0
2025-06-02,Mobile,Hyderabad,78,20000,1560000,0,30,1,1,7,0,0.0,1.0
2025-06-02,Mobile,Mumbai,67,20000,1340000,89,30,1,0,2,0,0.0,1.0
2025-06-02,Mobile,Delhi,90,20000,1800000,50,30,1,0,3,0,0.0,1.0
2025-06-02,Mobile,Bangalore,87,20000,1740000,92,30,1,0,5,0,0.0,1.0
2025-06-02,Mobile,Chennai,90,20000,1800000,44,30,1,0,4,0,0.0,1.0
2025-06-02,Mobile,Pune,74,20000,1480000,48,30,0,0,2,0,0.0,1.0
2025-06-02,Mobile,Kolkata,76,20000,1520000,67,30,1,0,3,0,0.0,1.0
2025-06-02,Mobile,Ahmedabad,70,20000,1400000,103,30,0,0,2,0,0.0,1.0
2025-06-02,Tablet,Hyderabad,56,30000,1680000,111,25,1,0,5,0,0.0,1.0
2025-06-02,Tablet,Mumbai,36,30000,1080000,35,25,0,0,3,0,0.0,1.0
2025-06-02,Tablet,Delhi,46,30000,1380000,103,25,1,0,3,0,0.0,1.0
2025-06-02,Tablet,Bangalore,40,30000,1200000,46,25,0,0,3,0,0.0,1.0
2025-06-02,Tablet,Chennai,55,30000,1650000,40,25,0,0,3,0,0.0,1.0
2025-06-02,Tablet,Pune,58,30000,1740000,140,25,1,0,3,0,0.0,1.0
2025-06-02,Tablet,Kolkata,55,30000,1650000,47,25,0,0,5,0,0.0,1.0
2025-06-02,Tablet,Ahmedabad,43,30000,1290000,78,25,0,0,7,0,0.0,1.0
2025-06-02,Headphones,Hyderabad,67,3000,201000,40,40,0,0,6,0,0.0,1.0
2025-06-02,Headphones,Mumbai,72,3000,216000,51,40,0,0,5,0,0.0,1.0
2025-06-02,Headphones,Delhi,62,3000,186000,63,40,0,0,2,0,0.0,1.0
2025-06-02,Headphones,Bangalore,76,3000,228000,93,40,1,0,2,0,0.0,1.0
2025-06-02,Headphones,Chennai,70,3000,210000,144,40,1,0,2,0,0.0,1.0
2025-06-02,Headphones,Pune,74,3000,222000,87,40,1,0,2,0,0.0,1.0
2025-06-02,Headphones,Kolkata,62,3000,186000,118,40,1,0,3,0,0.0,1.0
2025-06-02,Headphones,Ahmedabad,69,3000,207000,50,40,0,0,4,0,0.0,1.0
2025-06-02,Smartwatch,Hyderabad,46,8000,368000,65,20,1,0,2,0,0.0,1.0
2025-06-02,Smartwatch,Mumbai,52,8000,416000,79,20,0,0,7,0,0.0,1.0
2025-06-02,Smartwatch,Delhi,41,8000,328000,28,20,0,0,2,0,0.0,1.0
2025-06-02,Smartwatch,Bangalore,32,8000,256000,55,20,1,0,5,0,0.0,1.0
2025-06-02,Smartwatch,Chennai,40,8000,320000,50,20,1,0,7,0,0.0,1.0
2025-06-02,Smartwatch,Pune,36,8000,288000,138,20,1,0,4,0,0.0,1.0
2025-06-02,Smartwatch,Kolkata,31,8000,248000,70,20,0,0,5,0,0.0,1.0
2025-06-02,Smartwatch,Ahmedabad,36,8000,288000,120,20,1,0,3,0,0.0,1.0
2025-06-02,Keyboard,Hyderabad,64,1500,96000,84,35,0,0,3,0,0.0,1.0
2025-06-02,Keyboard,Mumbai,77,1500,115500,52,35,0,0,4,0,0.0,1.0
2025-06-02,Keyboard,Delhi,68,1500,102000,65,35,1,0,4,0,0.0,1.0
2025-06-02,Keyboard,Bangalore,75,1500,112500,111,35,1,0,4,0,0.0,1.0
2025-06-02,Keyboard,Chennai,75,1500,112500,58,35,0,0,4,0,0.0,1.0
2025-06-02,Keyboard,Pune,57,1500,85500,158,35,1,0,5,0,0.0,1.0
2025-06-02,Keyboard,Kolkata,65,1500,97500,88,35,1,0,2,0,0.0,1.0
2025-06-02,Keyboard,Ahmedabad,72,1500,108000,72,35,1,0,6,0,0.0,1.0
2025-06-02,Monitor,Hyderabad,29,18000,522000,20,15,0,0,5,0,0.0,1.0
2025-06-02,Monitor,Mumbai,37,18000,666000,45,15,0,0,7,0,0.0,1.0
2025-06-02,Monitor,Delhi,42,18000,756000,39,15,0,0,3,0,0.0,1.0
2025-06-02,Monitor,Bangalore,39,18000,702000,63,15,1,0,7,0,0.0,1.0
2025-06-02,Monitor,Chennai,42,18000,756000,83,15,1,0,5,0,0.0,1.0
2025-06-02,Monitor,Pune,43,18000,774000,44,15,0,0,2,0,0.0,1.0
2025-06-02,Monitor,Kolkata,46,18000,828000,134,15,1,0,6,0,0.0,1.0
2025-06-02,Monitor,Ahmedabad,46,18000,828000,44,15,0,0,7,0,0.0,1.0
2025-06-02,Mouse,Hyderabad,90,800,72000,56,50,1,0,4,0,0.0,1.0
2025-06-02,Mouse,Mumbai,77,800,61600,128,50,1,0,2,0,0.0,1.0
2025-06-02,Mouse,Delhi,95,800,76000,108,50,1,0,4,0,0.0,1.0
2025-06-02,Mouse,Bangalore,92,800,73600,97,50,1,0,7,0,0.0,1.0
2025-06-02,Mouse,Chennai,99,800,79200,119,50,1,0,3,0,0.0,1.0
2025-06-02,Mouse,Pune,71,800,56800,43,50,1,1,6,0,0.0,1.0
2025-06-02,Mouse,Kolkata,96,800,76800,63,50,1,0,3,0,0.0,1.0
2025-06-02,Mouse,Ahmedabad,70,800,56000,64,50,0,0,2,0,0.0,1.0
2025-06-02,Printer,Hyderabad,32,12000,384000,61,10,1,0,3,0,0.0,1.0
2025-06-02,Printer,Mumbai,16,12000,192000,54,10,0,0,5,0,0.0,1.0
2025-06-02,Printer,Delhi,37,12000,444000,44,10,0,0,6,0,0.0,1.0
2025-06-02,Printer,Bangalore,31,12000,372000,138,10,1,0,6,0,0.0,1.0
2025-06-02,Printer,Chennai,33,12000,396000,86,10,0,0,7,0,0.0,1.0
2025-06-02,Printer,Pune,30,12000,360000,40,10,1,0,3,0,0.0,1.0
2025-06-02,Printer,Kolkata,20,12000,240000,45,10,0,0,6,0,0.0,1.0
2025-06-02,Printer,Ahmedabad,23,12000,276000,19,10,0,0,5,0,0.0,1.0
2025-06-02,Speaker,Hyderabad,64,4000,256000,42,25,0,0,7,0,0.0,1.0
2025-06-02,Speaker,Mumbai,58,4000,232000,94,25,1,0,6,0,0.0,1.0
2025-06-02,Speaker,Delhi,62,4000,248000,143,25,1,0,2,0,0.0,1.0
2025-06-02,Speaker,Bangalore,51,4000,204000,97,25,1,0,5,0,0.0,1.0
2025-06-02,Speaker,Chennai,66,4000,264000,41,25,0,0,3,0,0.0,1.0
2025-06-02,Speaker,Pune,67,4000,268000,23,25,1,1,7,0,0.0,1.0
2025-06-02,Speaker,Kolkata,71,4000,284000,134,25,1,0,3,0,0.0,1.0
2025-06-02,Speaker,Ahmedabad,49,4000,196000,49,25,0,0,7,0,0.0,1.0
2025-06-03,Laptop,Hyderabad,45,55000,2475000,148,20,1,0,7,0,0.0,1.0
2025-06-03,Laptop,Mumbai,55,55000,3025000,87,20,1,0,5,0,0.0,1.0
2025-06-03,Laptop,Delhi,59,55000,3245000,32,20,0,0,6,0,0.0,1.0
2025-06-03,Laptop,Bangalore,59,55000,3245000,59,20,0,0,2,0,0.0,1.0
2025-06-03,Laptop,Chennai,58,55000,3190000,46,20,1,0,7,0,0.0,1.0
2025-06-03,Laptop,Pune,57,55000,3135000,101,20,1,0,5,0,0.0,1.0
2025-06-03,Laptop,Kolkata,44,55000,2420000,160,20,1,0,6,0,0.0,1.0
2025-06-03,Laptop,Ahmedabad,62,55000,3410000,109,20,1,0,2,0,0.0,1.0
2025-06-03,Mobile,Hyderabad,75,20000,1500000,0,30,1,1,7,0,0.0,1.0
2025-06-03,Mobile,Mumbai,90,20000,1800000,49,30,1,0,5,0,0.0,1.0
2025-06-03,Mobile,Delhi,75,20000,1500000,45,30,1,0,2,0,0.0,1.0
2025-06-03,Mobile,Bangalore,73,20000,1460000,120,30,1,0,4,0,0.0,1.0
2025-06-03,Mobile,Chennai,76,20000,1520000,54,30,1,0,6,0,0.0,1.0
2025-06-03,Mobile,Pune,76,20000,1520000,34,30,1,0,7,0,0.0,1.0
2025-06-03,Mobile,Kolkata,83,20000,1660000,125,30,1,0,5,0,0.0,1.0
2025-06-03,Mobile,Ahmedabad,70,20000,1400000,33,30,0,0,3,0,0.0,1.0
2025-06-03,Tablet,Hyderabad,65,30000,1950000,46,25,0,0,5,0,0.0,1.0
2025-06-03,Tablet,Mumbai,59,30000,1770000,62,25,1,0,7,0,0.0,1.0
2025-06-03,Tablet,Delhi,50,30000,1500000,53,25,0,0,6,0,0.0,1.0
2025-06-03,Tablet,Bangalore,54,30000,1620000,68,25,1,0,3,0,0.0,1.0
2025-06-03,Tablet,Chennai,49,30000,1470000,126,25,1,0,2,0,0.0,1.0
2025-06-03,Tablet,Pune,54,30000,1620000,86,25,0,0,7,0,0.0,1.0
2025-06-03,Tablet,Kolkata,33,30000,990000,163,25,1,0,7,0,0.0,1.0
2025-06-03,Tablet,Ahmedabad,37,30000,1110000,41,25,0,0,3,0,0.0,1.0
2025-06-03,Headphones,Hyderabad,61,3000,183000,110,40,1,0,7,0,0.0,1.0
2025-06-03,Headphones,Mumbai,77,3000,231000,67,40,1,0,3,0,0.0,1.0
2025-06-03,Headphones,Delhi,76,3000,228000,90,40,1,0,4,0,0.0,1.0
2025-06-03,Headphones,Bangalore,61,3000,183000,105,40,1,0,3,0,0.0,1.0
2025-06-03,Headphones,Chennai,57,3000,171000,87,40,0,0,2,0,0.0,1.0
2025-06-03,Headphones,Pune,54,3000,162000,87,40,1,0,5,0,0.0,1.0
2025-06-03,Headphones,Kolkata,55,3000,165000,63,40,0,0,2,0,0.0,1.0
2025-06-03,Headphones,Ahmedabad,57,3000,171000,76,40,1,0,7,0,0.0,1.0
2025-06-03,Smartwatch,Hyderabad,45,8000,360000,20,20,0,0,6,0,0.0,1.0
2025-06-03,Smartwatch,Mumbai,49,8000,392000,30,20,0,0,2,0,0.0,1.0
2025-06-03,Smartwatch,Delhi,41,8000,328000,124,20,1,0,3,0,0.0,1.0
2025-06-03,Smartwatch,Bangalore,28,8000,224000,27,20,0,0,4,0,0.0,1.0
2025-06-03,Smartwatch,Chennai,31,8000,248000,130,20,1,0,3,0,0.0,1.0
2025-06-03,Smartwatch,Pune,42,8000,336000,96,20,0,0,4,0,0.0,1.0
2025-06-03,Smartwatch,Kolkata,47,8000,376000,23,20,0,0,6,0,0.0,1.0
2025-06-03,Smartwatch,Ahmedabad,40,8000,320000,80,20,0,0,7,0,0.0,1.0
2025-06-03,Keyboard,Hyderabad,69,1500,103500,106,35,1,0,7,0,0.0,1.0
2025-06-03,Keyboard,Mumbai,79,1500,118500,44,35,1,0,7,0,0.0,1.0
2025-06-03,Keyboard,Delhi,74,1500,111000,110,35,1,0,5,0,0.0,1.0
2025-06-03,Keyboard,Bangalore,62,1500,93000,49,35,0,0,5,0,0.0,1.0
2025-06-03,Keyboard,Chennai,69,1500,103500,40,35,1,0,3,0,0.0,1.0
2025-06-03,Keyboard,Pune,71,1500,106500,87,35,0,0,2,0,0.0,1.0
2025-06-03,Keyboard,Kolkata,84,1500,126000,85,35,1,0,7,0,0.0,1.0
2025-06-03,Keyboard,Ahmedabad,60,1500,90000,87,35,1,0,5,0,0.0,1.0
2025-06-03,Monitor,Hyderabad,49,18000,882000,80,15,1,0,2,0,0.0,1.0
2025-06-03,Monitor,Mumbai,37,18000,666000,125,15,1,0,2,0,0.0,1.0
2025-06-03,Monitor,Delhi,40,18000,720000,90,15,1,0,6,0,0.0,1.0
2025-06-03,Monitor,Bangalore,23,18000,414000,40,15,0,0,2,0,0.0,1.0
2025-06-03,Monitor,Chennai,60,18000,1080000,23,15,0,0,5,0,0.0,1.0
2025-06-03,Monitor,Pune,45,18000,810000,73,15,1,0,7,0,0.0,1.0
2025-06-03,Monitor,Kolkata,44,18000,792000,90,15,0,0,4,0,0.0,1.0
2025-06-03,Monitor,Ahmedabad,41,18000,738000,69,15,1,0,3,0,0.0,1.0
2025-06-03,Mouse,Hyderabad,81,800,64800,67,50,1,0,7,0,0.0,1.0
2025-06-03,Mouse,Mumbai,96,800,76800,163,50,1,0,6,0,0.0,1.0
2025-06-03,Mouse,Delhi,81,800,64800,109,50,1,0,7,0,0.0,1.0
2025-06-03,Mouse,Bangalore,84,800,67200,125,50,1,0,6,0,0.0,1.0
2025-06-03,Mouse,Chennai,88,800,70400,120,50,1,0,3,0,0.0,1.0
2025-06-03,Mouse,Pune,91,800,72800,51,50,1,0,3,0,0.0,1.0
2025-06-03,Mouse,Kolkata,87,800,69600,29,50,1,1,3,0,0.0,1.0
2025-06-03,Mouse,Ahmedabad,93,800,74400,48,50,1,1,7,0,0.0,1.0
2025-06-03,Printer,Hyderabad,18,12000,216000,43,10,0,0,7,0,0.0,1.0
2025-06-03,Printer,Mumbai,28,12000,336000,26,10,0,0,7,0,0.0,1.0
2025-06-03,Printer,Delhi,37,12000,444000,59,10,1,0,6,0,0.0,1.0
2025-06-03,Printer,Bangalore,24,12000,288000,114,10,0,0,7,0,0.0,1.0
2025-06-03,Printer,Chennai,25,12000,300000,61,10,0,0,6,0,0.0,1.0
2025-06-03,Printer,Pune,24,12000,288000,16,10,0,0,7,0,0.0,1.0
2025-06-03,Printer,Kolkata,34,12000,408000,11,10,0,0,5,0,0.0,1.0
2025-06-03,Printer,Ahmedabad,9,12000,108000,10,10,0,0,6,0,0.0,1.0
2025-06-03,Speaker,Hyderabad,58,4000,232000,68,25,1,0,7,0,0.0,1.0
2025-06-03,Speaker,Mumbai,62,4000,248000,32,25,0,0,2,0,0.0,1.0
2025-06-03,Speaker,Delhi,63,4000,252000,80,25,0,0,4,0,0.0,1.0
2025-06-03,Speaker,Bangalore,52,4000,208000,45,25,0,0,3,0,0.0,1.0
2025-06-03,Speaker,Chennai,68,4000,272000,45,25,1,0,2,0,0.0,1.0
2025-06-03,Speaker,Pune,63,4000,252000,53,25,1,0,5,0,0.0,1.0
2025-06-03,Speaker,Kolkata,59,4000,236000,75,25,0,0,3,0,0.0,1.0
2025-06-03,Speaker,Ahmedabad,56,4000,224000,134,25,1,0,2,0,0.0,1.0
2025-06-04,Laptop,Hyderabad,61,55000,3355000,87,20,0,0,5,0,0.0,1.0
2025-06-04,Laptop,Mumbai,45,55000,2475000,42,20,0,0,2,0,0.0,1.0
2025-06-04,Laptop,Delhi,64,55000,3520000,61,20,1,0,7,0,0.0,1.0
2025-06-04,Laptop,Bangalore,66,55000,3630000,143,20,1,0,2,0,0.0,1.0
2025-06-04,Laptop,Chennai,63,55000,3465000,99,20,1,0,5,0,0.0,1.0
2025-06-04,Laptop,Pune,41,55000,2255000,60,20,0,0,5,0,0.0,1.0
2025-06-04,Laptop,Kolkata,53,55000,2915000,107,20,0,0,2,0,0.0,1.0
2025-06-04,Laptop,Ahmedabad,61,55000,3355000,48,20,0,0,7,0,0.0,1.0
2025-06-04,Mobile,Hyderabad,65,20000,1300000,27,30,1,1,7,0,0.0,1.0
2025-06-04,Mobile,Mumbai,90,20000,1800000,32,30,1,0,7,0,0.0,1.0
2025-06-04,Mobile,Delhi,86,20000,1720000,82,30,1,0,6,0,0.0,1.0
2025-06-04,Mobile,Bangalore,75,20000,1500000,45,30,0,0,5,0,0.0,1.0
2025-06-04,Mobile,Chennai,77,20000,1540000,95,30,1,0,6,0,0.0,1.0
2025-06-04,Mobile,Pune,75,20000,1500000,99,30,1,0,7,0,0.0,1.0
2025-06-04,Mobile,Kolkata,80,20000,1600000,45,30,0,0,5,0,0.0,1.0
2025-06-04,Mobile,Ahmedabad,68,20000,1360000,107,30,1,0,4,0,0.0,1.0
2025-06-04,Tablet,Hyderabad,59,30000,1770000,102,25,1,0,5,0,0.0,1.0
2025-06-04,Tablet,Mumbai,48,30000,1440000,155,25,1,0,5,0,0.0,1.0
2025-06-04,Tablet,Delhi,33,30000,990000,146,25,1,0,7,0,0.0,1.0
2025-06-04,Tablet,Bangalore,43,30000,1290000,25,25,0,0,4,0,0.0,1.0
2025-06-04,Tablet,Chennai,49,30000,1470000,77,25,0,0,6,0,0.0,1.0
2025-06-04,Tablet,Pune,39,30000,1170000,47,25,0,0,5,0,0.0,1.0
2025-06-04,Tablet,Kolkata,68,30000,2040000,95,25,0,0,7,0,0.0,1.0
2025-06-04,Tablet,Ahmedabad,44,30000,1320000,147,25,1,0,2,0,0.0,1.0
2025-06-04,Headphones,Hyderabad,67,3000,201000,43,40,0,0,7,0,0.0,1.0
2025-06-04,Headphones,Mumbai,67,3000,201000,121,40,1,0,5,0,0.0,1.0
2025-06-04,Headphones,Delhi,58,3000,174000,105,40,1,0,4,0,0.0,1.0
2025-06-04,Headphones,Bangalore,64,3000,192000,41,40,0,0,4,0,0.0,1.0
2025-06-04,Headphones,Chennai,63,3000,189000,145,40,1,0,7,0,0.0,1.0
2025-06-04,Headphones,Pune,57,3000,171000,132,40,1,0,5,0,0.0,1.0
2025-06-04,Headphones,Kolkata,68,3000,204000,70,40,1,0,7,0,0.0,1.0
2025-06-04,Headphones,Ahmedabad,87,3000,261000,50,40,1,0,2,0,0.0,1.0
2025-06-04,Smartwatch,Hyderabad,43,8000,344000,122,20,1,0,7,0,0.0,1.0
2025-06-04,Smartwatch,Mumbai,35,8000,280000,75,20,1,0,4,0,0.0,1.0
2025-06-04,Smartwatch,Delhi,43,8000,344000,81,20,0,0,4,0,0.0,1.0
2025-06-04,Smartwatch,Bangalore,40,8000,320000,80,20,1,0,5,0,0.0,1.0
2025-06-04,Smartwatch,Chennai,49,8000,392000,81,20,0,0,4,0,0.0,1.0
2025-06-04,Smartwatch,Pune,40,8000,320000,56,20,0,0,7,0,0.0,1.0
2025-06-04,Smartwatch,Kolkata,43,8000,344000,101,20,1,0,5,0,0.0,1.0
2025-06-04,Smartwatch,Ahmedabad,29,8000,232000,51,20,0,0,5,0,0.0,1.0
2025-06-04,Keyboard,Hyderabad,71,1500,106500,35,35,0,0,4,0,0.0,1.0
2025-06-04,Keyboard,Mumbai,74,1500,111000,62,35,1,0,2,0,0.0,1.0
2025-06-04,Keyboard,Delhi,70,1500,105000,40,35,0,0,4,0,0.0,1.0
2025-06-04,Keyboard,Bangalore,63,1500,94500,123,35,1,0,6,0,0.0,1.0
2025-06-04,Keyboard,Chennai,73,1500,109500,20,35,1,1,7,0,0.0,1.0
2025-06-04,Keyboard,Pune,65,1500,97500,95,35,1,0,4,0,0.0,1.0
2025-06-04,Keyboard,Kolkata,59,1500,88500,82,35,1,0,4,0,0.0,1.0
2025-06-04,Keyboard,Ahmedabad,57,1500,85500,113,35,1,0,2,0,0.0,1.0
2025-06-04,Monitor,Hyderabad,55,18000,990000,25,15,0,0,7,0,0.0,1.0
2025-06-04,Monitor,Mumbai,61,18000,1098000,64,15,0,0,7,0,0.0,1.0
2025-06-04,Monitor,Delhi,47,18000,846000,43,15,0,0,7,0,0.0,1.0
2025-06-04,Monitor,Bangalore,41,18000,738000,83,15,1,0,2,0,0.0,1.0
2025-06-04,Monitor,Chennai,42,18000,756000,56,15,1,0,2,0,0.0,1.0
2025-06-04,Monitor,Pune,40,18000,720000,33,15,0,0,5,0,0.0,1.0
2025-06-04,Monitor,Kolkata,33,18000,594000,57,15,0,0,2,0,0.0,1.0
2025-06-04,Monitor,Ahmedabad,49,18000,882000,20,15,0,0,6,0,0.0,1.0
2025-06-04,Mouse,Hyderabad,99,800,79200,53,50,1,0,3,0,0.0,1.0
2025-06-04,Mouse,Mumbai,87,800,69600,76,50,0,0,4,0,0.0,1.0
2025-06-04,Mouse,Delhi,96,800,76800,156,50,1,0,3,0,0.0,1.0
2025-06-04,Mouse,Bangalore,86,800,68800,124,50,1,0,7,0,0.0,1.0
2025-06-04,Mouse,Chennai,99,800,79200,126,50,1,0,7,0,0.0,1.0
2025-06-04,Mouse,Pune,71,800,56800,103,50,1,0,5,0,0.0,1.0
2025-06-04,Mouse,Kolkata,93,800,74400,36,50,1,1,5,0,0.0,1.0
2025-06-04,Mouse,Ahmedabad,70,800,56000,30,50,1,1,7,0,0.0,1.0
2025-06-04,Printer,Hyderabad,39,12000,468000,140,10,1,0,2,0,0.0,1.0
2025-06-04,Printer,Mumbai,31,12000,372000,140,10,1,0,6,0,0.0,1.0
2025-06-04,Printer,Delhi,34,12000,408000,25,10,0,0,2,0,0.0,1.0
2025-06-04,Printer,Bangalore,15,12000,180000,99,10,0,0,4,0,0.0,1.0
2025-06-04,Printer,Chennai,27,12000,324000,34,10,0,0,7,0,0.0,1.0
2025-06-04,Printer,Pune,26,12000,312000,59,10,1,0,3,0,0.0,1.0
2025-06-04,Printer,Kolkata,41,12000,492000,85,10,1,0,2,0,0.0,1.0
2025-06-04,Printer,Ahmedabad,33,12000,396000,34,10,1,0,5,0,0.0,1.0
2025-06-04,Speaker,Hyderabad,55,4000,220000,140,25,1,0,3,0,0.0,1.0
2025-06-04,Speaker,Mumbai,57,4000,228000,114,25,1,0,3,0,0.0,1.0
2025-06-04,Speaker,Delhi,70,4000,280000,147,25,1,0,6,0,0.0,1.0
2025-06-04,Speaker,Bangalore,67,4000,268000,46,25,1,0,4,0,0.0,1.0
2025-06-04,Speaker,Chennai,53,4000,212000,54,25,1,0,7,0,0.0,1.0
2025-06-04,Speaker,Pune,52,4000,208000,102,25,1,0,6,0,0.0,1.0
2025-06-04,Speaker,Kolkata,74,4000,296000,121,25,1,0,2,0,0.0,1.0
2025-06-04,Speaker,Ahmedabad,57,4000,228000,77,25,0,0,3,0,0.0,1.0
2025-06-05,Laptop,Hyderabad,56,55000,3080000,31,20,0,0,4,0,0.0,1.0
2025-06-05,Laptop,Mumbai,74,55000,4070000,114,20,1,0,6,0,0.0,1.0
2025-06-05,Laptop,Delhi,45,55000,2475000,97,20,1,0,5,0,0.0,1.0
2025-06-05,Laptop,Bangalore,52,55000,2860000,91,20,0,0,3,0,0.0,1.0
2025-06-05,Laptop,Chennai,47,55000,2585000,52,20,0,0,5,0,0.0,1.0
2025-06-05,Laptop,Pune,54,55000,2970000,105,20,1,0,5,0,0.0,1.0
2025-06-05,Laptop,Kolkata,58,55000,3190000,49,20,0,0,3,0,0.0,1.0
2025-06-05,Laptop,Ahmedabad,61,55000,3355000,100,20,1,0,7,0,0.0,1.0
2025-06-05,Mobile,Hyderabad,79,20000,1580000,83,30,1,0,6,0,0.0,1.0
2025-06-05,Mobile,Mumbai,85,20000,1700000,64,30,1,0,3,0,0.0,1.0
2025-06-05,Mobile,Delhi,85,20000,1700000,138,30,1,0,7,0,0.0,1.0
2025-06-05,Mobile,Bangalore,85,20000,1700000,73,30,1,0,6,0,0.0,1.0
2025-06-05,Mobile,Chennai,92,20000,1840000,82,30,1,0,4,0,0.0,1.0
2025-06-05,Mobile,Pune,84,20000,1680000,115,30,1,0,4,0,0.0,1.0
2025-06-05,Mobile,Kolkata,85,20000,1700000,56,30,1,0,6,0,0.0,1.0
2025-06-05,Mobile,Ahmedabad,78,20000,1560000,112,30,1,0,5,0,0.0,1.0
2025-06-05,Tablet,Hyderabad,44,30000,1320000,58,25,0,0,5,0,0.0,1.0
2025-06-05,Tablet,Mumbai,57,30000,1710000,98,25,0,0,5,0,0.0,1.0
2025-06-05,Tablet,Delhi,53,30000,1590000,93,25,0,0,6,0,0.0,1.0
2025-06-05,Tablet,Bangalore,51,30000,1530000,26,25,1,0,3,0,0.0,1.0
2025-06-05,Tablet,Chennai,42,30000,1260000,35,25,0,0,6,0,0.0,1.0
2025-06-05,Tablet,Pune,41,30000,1230000,98,25,1,0,5,0,0.0,1.0
2025-06-05,Tablet,Kolkata,46,30000,1380000,49,25,0,0,2,0,0.0,1.0
2025-06-05,Tablet,Ahmedabad,52,30000,1560000,95,25,0,0,7,0,0.0,1.0
2025-06-05,Headphones,Hyderabad,65,3000,195000,36,40,1,1,2,0,0.0,1.0
2025-06-05,Headphones,Mumbai,77,3000,231000,44,40,0,0,3,0,0.0,1.0
2025-06-05,Headphones,Delhi,79,3000,237000,117,40,1,0,3,0,0.0,1.0
2025-06-05,Headphones,Bangalore,64,3000,192000,81,40,1,0,2,0,0.0,1.0
2025-06-05,Headphones,Chennai,60,3000,180000,85,40,0,0,3,0,0.0,1.0
2025-06-05,Headphones,Pune,63,3000,189000,69,40,0,0,5,0,0.0,1.0
2025-06-05,Headphones,Kolkata,52,3000,156000,131,40,1,0,4,0,0.0,1.0
2025-06-05,Headphones,Ahmedabad,46,3000,138000,136,40,1,0,7,0,0.0,1.0
2025-06-05,Smartwatch,Hyderabad,53,8000,424000,69,20,0,0,7,0,0.0,1.0
2025-06-05,Smartwatch,Mumbai,29,8000,232000,46,20,0,0,2,0,0.0,1.0
2025-06-05,Smartwatch,Delhi,32,8000,256000,49,20,0,0,7,0,0.0,1.0
2025-06-05,Smartwatch,Bangalore,41,8000,328000,39,20,0,0,5,0,0.0,1.0
2025-06-05,Smartwatch,Chennai,28,8000,224000,53,20,0,0,4,0,0.0,1.0
2025-06-05,Smartwatch,Pune,43,8000,344000,72,20,1,0,7,0,0.0,1.0
2025-06-05,Smartwatch,Kolkata,40,8000,320000,61,20,0,0,6,0,0.0,1.0
2025-06-05,Smartwatch,Ahmedabad,42,8000,336000,94,20,1,0,5,0,0.0,1.0
2025-06-05,Keyboard,Hyderabad,71,1500,106500,110,35,1,0,5,0,0.0,1.0
2025-06-05,Keyboard,Mumbai,68,1500,102000,68,35,1,0,6,0,0.0,1.0
2025-06-05,Keyboard,Delhi,66,1500,99000,102,35,1,0,4,0,0.0,1.0
2025-06-05,Keyboard,Bangalore,72,1500,108000,51,35,0,0,2,0,0.0,1.0
2025-06-05,Keyboard,Chennai,68,1500,102000,15,35,1,1,4,0,0.0,1.0
2025-06-05,Keyboard,Pune,86,1500,129000,94,35,1,0,3,0,0.0,1.0
2025-06-05,Keyboard,Kolkata,81,1500,121500,126,35,1,0,2,0,0.0,1.0
2025-06-05,Keyboard,Ahmedabad,75,1500,112500,38,35,0,0,7,0,0.0,1.0
2025-06-05,Monitor,Hyderabad,29,18000,522000,78,15,1,0,3,0,0.0,1.0
2025-06-05,Monitor,Mumbai,45,18000,810000,19,15,0,0,6,0,0.0,1.0
2025-06-05,Monitor,Delhi,43,18000,774000,57,15,1,0,7,0,0.0,1.0
2025-06-05,Monitor,Bangalore,45,18000,810000,38,15,0,0,2,0,0.0,1.0
2025-06-05,Monitor,Chennai,45,18000,810000,75,15,1,0,6,0,0.0,1.0
2025-06-05,Monitor,Pune,36,18000,648000,141,15,1,0,3,0,0.0,1.0
2025-06-05,Monitor,Kolkata,33,18000,594000,24,15,0,0,2,0,0.0,1.0
2025-06-05,Monitor,Ahmedabad,49,18000,882000,89,15,1,0,6,0,0.0,1.0
2025-06-05,Mouse,Hyderabad,91,800,72800,75,50,1,0,6,0,0.0,1.0
2025-06-05,Mouse,Mumbai,86,800,68800,138,50,1,0,7,0,0.0,1.0
2025-06-05,Mouse,Delhi,90,800,72000,66,50,0,0,3,0,0.0,1.0
2025-06-05,Mouse,Bangalore,70,800,56000,54,50,0,0,3,0,0.0,1.0
2025-06-05,Mouse,Chennai,91,800,72800,104,50,1,0,7,0,0.0,1.0
2025-06-05,Mouse,Pune,84,800,67200,148,50,1,0,6,0,0.0,1.0
2025-06-05,Mouse,Kolkata,87,800,69600,79,50,1,0,2,0,0.0,1.0
2025-06-05,Mouse,Ahmedabad,85,800,68000,80,50,1,0,4,0,0.0,1.0
2025-06-05,Printer,Hyderabad,24,12000,288000,116,10,0,0,5,0,0.0,1.0
2025-06-05,Printer,Mumbai,21,12000,252000,119,10,0,0,5,0,0.0,1.0
2025-06-05,Printer,Delhi,19,12000,228000,72,10,1,0,6,0,0.0,1.0
2025-06-05,Printer,Bangalore,26,12000,312000,73,10,0,0,5,0,0.0,1.0
2025-06-05,Printer,Chennai,28,12000,336000,129,10,1,0,7,0,0.0,1.0
2025-06-05,Printer,Pune,35,12000,420000,24,10,0,0,6,0,0.0,1.0
2025-06-05,Printer,Kolkata,23,12000,276000,62,10,0,0,2,0,0.0,1.0
2025-06-05,Printer,Ahmedabad,27,12000,324000,147,10,1,0,7,0,0.0,1.0
2025-06-05,Speaker,Hyderabad,52,4000,208000,88,25,0,0,2,0,0.0,1.0
2025-06-05,Speaker,Mumbai,62,4000,248000,52,25,0,0,2,0,0.0,1.0
2025-06-05,Speaker,Delhi,54,4000,216000,93,25,0,0,2,0,0.0,1.0
2025-06-05,Speaker,Bangalore,45,4000,180000,146,25,1,0,4,0,0.0,1.0
2025-06-05,Speaker,Chennai,49,4000,196000,92,25,1,0,4,0,0.0,1.0
2025-06-05,Speaker,Pune,58,4000,232000,44,25,0,0,6,0,0.0,1.0
2025-06-05,Speaker,Kolkata,47,4000,188000,74,25,0,0,4,0,0.0,1.0
2025-06-05,Speaker,Ahmedabad,56,4000,224000,90,25,1,0,6,0,0.0,1.0
2025-06-06,Laptop,Hyderabad,54,55000,2970000,65,20,1,0,5,0,0.0,1.0
2025-06-06,Laptop,Mumbai,44,55000,2420000,70,20,0,0,3,0,0.0,1.0
2025-06-06,Laptop,Delhi,67,55000,3685000,30,20,0,0,2,0,0.0,1.0
2025-06-06,Laptop,Bangalore,56,55000,3080000,35,20,0,0,4,0,0.0,1.0
2025-06-06,Laptop,Chennai,67,55000,3685000,50,20,1,0,4,0,0.0,1.0
2025-06-06,Laptop,Pune,56,55000,3080000,49,20,0,0,6,0,0.0,1.0
2025-06-06,Laptop,Kolkata,56,55000,3080000,142,20,1,0,6,0,0.0,1.0
2025-06-06,Laptop,Ahmedabad,37,55000,2035000,63,20,0,0,3,0,0.0,1.0
2025-06-06,Mobile,Hyderabad,78,20000,1560000,147,30,1,0,3,0,0.0,1.0
2025-06-06,Mobile,Mumbai,75,20000,1500000,60,30,1,0,2,0,0.0,1.0
2025-06-06,Mobile,Delhi,72,20000,1440000,66,30,0,0,6,0,0.0,1.0
2025-06-06,Mobile,Bangalore,77,20000,1540000,57,30,1,0,4,0,0.0,1.0
2025-06-06,Mobile,Chennai,89,20000,1780000,110,30,1,0,5,0,0.0,1.0
2025-06-06,Mobile,Pune,65,20000,1300000,50,30,0,0,2,0,0.0,1.0
2025-06-06,Mobile,Kolkata,77,20000,1540000,86,30,1,0,4,0,0.0,1.0
2025-06-06,Mobile,Ahmedabad,63,20000,1260000,49,30,0,0,7,0,0.0,1.0
2025-06-06,Tablet,Hyderabad,52,30000,1560000,95,25,1,0,2,0,0.0,1.0
2025-06-06,Tablet,Mumbai,37,30000,1110000,61,25,0,0,2,0,0.0,1.0
2025-06-06,Tablet,Delhi,47,30000,1410000,46,25,0,0,5,0,0.0,1.0
2025-06-06,Tablet,Bangalore,63,30000,1890000,103,25,1,0,2,0,0.0,1.0
2025-06-06,Tablet,Chennai,39,30000,1170000,138,25,1,0,2,0,0.0,1.0
2025-06-06,Tablet,Pune,56,30000,1680000,42,25,0,0,4,0,0.0,1.0
2025-06-06,Tablet,Kolkata,44,30000,1320000,145,25,1,0,7,0,0.0,1.0
2025-06-06,Tablet,Ahmedabad,49,30000,1470000,46,25,0,0,5,0,0.0,1.0
2025-06-06,Headphones,Hyderabad,81,3000,243000,35,40,1,1,5,0,0.0,1.0
2025-06-06,Headphones,Mumbai,64,3000,192000,73,40,1,0,4,0,0.0,1.0
2025-06-06,Headphones,Delhi,63,3000,189000,54,40,0,0,4,0,0.0,1.0
2025-06-06,Headphones,Bangalore,57,3000,171000,105,40,1,0,5,0,0.0,1.0
2025-06-06,Headphones,Chennai,70,3000,210000,133,40,1,0,7,0,0.0,1.0
2025-06-06,Headphones,Pune,68,3000,204000,59,40,1,0,7,0,0.0,1.0
2025-06-06,Headphones,Kolkata,71,3000,213000,60,40,0,0,5,0,0.0,1.0
2025-06-06,Headphones,Ahmedabad,59,3000,177000,77,40,0,0,2,0,0.0,1.0
2025-06-06,Smartwatch,Hyderabad,49,8000,392000,20,20,0,0,7,0,0.0,1.0
2025-06-06,Smartwatch,Mumbai,42,8000,336000,97,20,1,0,2,0,0.0,1.0
2025-06-06,Smartwatch,Delhi,48,8000,384000,59,20,1,0,5,0,0.0,1.0
2025-06-06,Smartwatch,Bangalore,28,8000,224000,129,20,1,0,3,0,0.0,1.0
2025-06-06,Smartwatch,Chennai,49,8000,392000,154,20,1,0,7,0,0.0,1.0
2025-06-06,Smartwatch,Pune,36,8000,288000,36,20,0,0,7,0,0.0,1.0
2025-06-06,Smartwatch,Kolkata,45,8000,360000,119,20,1,0,6,0,0.0,1.0
2025-06-06,Smartwatch,Ahmedabad,52,8000,416000,42,20,0,0,2,0,0.0,1.0
2025-06-06,Keyboard,Hyderabad,68,1500,102000,42,35,0,0,3,0,0.0,1.0
2025-06-06,Keyboard,Mumbai,64,1500,96000,115,35,1,0,6,0,0.0,1.0
2025-06-06,Keyboard,Delhi,77,1500,115500,126,35,1,0,2,0,0.0,1.0
2025-06-06,Keyboard,Bangalore,83,1500,124500,82,35,1,0,3,0,0.0,1.0
2025-06-06,Keyboard,Chennai,62,1500,93000,5,35,1,1,5,0,0.0,1.0
2025-06-06,Keyboard,Pune,69,1500,103500,88,35,1,0,6,0,0.0,1.0
2025-06-06,Keyboard,Kolkata,67,1500,100500,59,35,0,0,7,0,0.0,1.0
2025-06-06,Keyboard,Ahmedabad,59,1500,88500,32,35,1,1,7,0,0.0,1.0
2025-06-06,Monitor,Hyderabad,46,18000,828000,32,15,0,0,6,0,0.0,1.0
2025-06-06,Monitor,Mumbai,45,18000,810000,69,15,1,0,3,0,0.0,1.0
2025-06-06,Monitor,Delhi,48,18000,864000,136,15,1,0,6,0,0.0,1.0
2025-06-06,Monitor,Bangalore,23,18000,414000,15,15,0,0,3,0,0.0,1.0
2025-06-06,Monitor,Chennai,41,18000,738000,34,15,0,0,7,0,0.0,1.0
2025-06-06,Monitor,Pune,44,18000,792000,97,15,0,0,3,0,0.0,1.0
2025-06-06,Monitor,Kolkata,42,18000,756000,77,15,1,0,4,0,0.0,1.0
2025-06-06,Monitor,Ahmedabad,31,18000,558000,58,15,0,0,5,0,0.0,1.0
2025-06-06,Mouse,Hyderabad,79,800,63200,113,50,1,0,4,0,0.0,1.0
2025-06-06,Mouse,Mumbai,95,800,76000,164,50,1,0,7,0,0.0,1.0
2025-06-06,Mouse,Delhi,98,800,78400,18,50,1,1,2,0,0.0,1.0
2025-06-06,Mouse,Bangalore,92,800,73600,109,50,1,0,6,0,0.0,1.0
2025-06-06,Mouse,Chennai,83,800,66400,124,50,1,0,6,0,0.0,1.0
2025-06-06,Mouse,Pune,86,800,68800,62,50,0,0,4,0,0.0,1.0
2025-06-06,Mouse,Kolkata,86,800,68800,141,50,1,0,3,0,0.0,1.0
2025-06-06,Mouse,Ahmedabad,89,800,71200,61,50,1,0,7,0,0.0,1.0
2025-06-06,Printer,Hyderabad,24,12000,288000,92,10,0,0,4,0,0.0,1.0
2025-06-06,Printer,Mumbai,25,12000,300000,94,10,0,0,4,0,0.0,1.0
2025-06-06,Printer,Delhi,34,12000,408000,38,10,0,0,2,0,0.0,1.0
2025-06-06,Printer,Bangalore,32,12000,384000,41,10,0,0,6,0,0.0,1.0
2025-06-06,Printer,Chennai,43,12000,516000,86,10,0,0,4,0,0.0,1.0
2025-06-06,Printer,Pune,37,12000,444000,46,10,1,0,4,0,0.0,1.0
2025-06-06,Printer,Kolkata,36,12000,432000,26,10,0,0,6,0,0.0,1.0
2025-06-06,Printer,Ahmedabad,28,12000,336000,119,10,0,0,7,0,0.0,1.0
2025-06-06,Speaker,Hyderabad,55,4000,220000,33,25,0,0,3,0,0.0,1.0
2025-06-06,Speaker,Mumbai,66,4000,264000,106,25,1,0,4,0,0.0,1.0
2025-06-06,Speaker,Delhi,57,4000,228000,36,25,0,0,7,0,0.0,1.0
2025-06-06,Speaker,Bangalore,51,4000,204000,95,25,0,0,5,0,0.0,1.0
2025-06-06,Speaker,Chennai,48,4000,192000,44,25,0,0,6,0,0.0,1.0
2025-06-06,Speaker,Pune,62,4000,248000,106,25,1,0,2,0,0.0,1.0
2025-06-06,Speaker,Kolkata,56,4000,224000,76,25,1,0,7,0,0.0,1.0
2025-06-06,Speaker,Ahmedabad,58,4000,232000,32,25,0,0,4,0,0.0,1.0
2025-06-07,Laptop,Hyderabad,63,55000,3465000,114,20,1,0,6,0,0.0,1.0
2025-06-07,Laptop,Mumbai,64,55000,3520000,143,20,1,0,4,0,0.0,1.0
2025-06-07,Laptop,Delhi,48,55000,2640000,72,20,1,0,7,0,0.0,1.0
2025-06-07,Laptop,Bangalore,48,55000,2640000,51,20,1,0,6,0,0.0,1.0
2025-06-07,Laptop,Chennai,58,55000,3190000,128,20,1,0,7,0,0.0,1.0
2025-06-07,Laptop,Pune,43,55000,2365000,123,20,1,0,5,0,0.0,1.0
2025-06-07,Laptop,Kolkata,48,55000,2640000,94,20,0,0,5,0,0.0,1.0
2025-06-07,Laptop,Ahmedabad,54,55000,2970000,78,20,1,0,3,0,0.0,1.0
2025-06-07,Mobile,Hyderabad,87,20000,1740000,60,30,0,0,2,0,0.0,1.0
2025-06-07,Mobile,Mumbai,89,20000,1780000,109,30,1,0,4,0,0.0,1.0
2025-06-07,Mobile,Delhi,80,20000,1600000,99,30,1,0,5,0,0.0,1.0
2025-06-07,Mobile,Bangalore,81,20000,1620000,46,30,1,0,4,0,0.0,1.0
2025-06-07,Mobile,Chennai,74,20000,1480000,36,30,0,0,2,0,0.0,1.0
2025-06-07,Mobile,Pune,91,20000,1820000,89,30,1,0,3,0,0.0,1.0
2025-06-07,Mobile,Kolkata,82,20000,1640000,96,30,1,0,7,0,0.0,1.0
2025-06-07,Mobile,Ahmedabad,87,20000,1740000,82,30,1,0,4,0,0.0,1.0
2025-06-07,Tablet,Hyderabad,50,30000,1500000,45,25,0,0,2,0,0.0,1.0
2025-06-07,Tablet,Mumbai,48,30000,1440000,89,25,1,0,4,0,0.0,1.0
2025-06-07,Tablet,Delhi,36,30000,1080000,139,25,1,0,5,0,0.0,1.0
2025-06-07,Tablet,Bangalore,38,30000,1140000,65,25,0,0,3,0,0.0,1.0
2025-06-07,Tablet,Chennai,48,30000,1440000,90,25,0,0,2,0,0.0,1.0
2025-06-07,Tablet,Pune,31,30000,930000,108,25,1,0,5,0,0.0,1.0
2025-06-07,Tablet,Kolkata,44,30000,1320000,101,25,0,0,6,0,0.0,1.0
2025-06-07,Tablet,Ahmedabad,58,30000,1740000,43,25,1,0,4,0,0.0,1.0
2025-06-07,Headphones,Hyderabad,63,3000,189000,54,40,1,0,4,0,0.0,1.0
2025-06-07,Headphones,Mumbai,70,3000,210000,87,40,1,0,3,0,0.0,1.0
2025-06-07,Headphones,Delhi,66,3000,198000,126,40,1,0,7,0,0.0,1.0
2025-06-07,Headphones,Bangalore,55,3000,165000,50,40,0,0,2,0,0.0,1.0
2025-06-07,Headphones,Chennai,66,3000,198000,67,40,0,0,2,0,0.0,1.0
2025-06-07,Headphones,Pune,77,3000,231000,72,40,1,0,3,0,0.0,1.0
2025-06-07,Headphones,Kolkata,63,3000,189000,69,40,1,0,5,0,0.0,1.0
2025-06-07,Headphones,Ahmedabad,60,3000,180000,75,40,1,0,5,0,0.0,1.0
2025-06-07,Smartwatch,Hyderabad,42,8000,336000,40,20,1,0,4,0,0.0,1.0
2025-06-07,Smartwatch,Mumbai,47,8000,376000,50,20,0,0,4,0,0.0,1.0
2025-06-07,Smartwatch,Delhi,43,8000,344000,109,20,1,0,2,0,0.0,1.0
2025-06-07,Smartwatch,Bangalore,53,8000,424000,76,20,0,0,5,0,0.0,1.0
2025-06-07,Smartwatch,Chennai,45,8000,360000,109,20,0,0,7,0,0.0,1.0
2025-06-07,Smartwatch,Pune,35,8000,280000,90,20,1,0,7,0,0.0,1.0
2025-06-07,Smartwatch,Kolkata,59,8000,472000,60,20,0,0,3,0,0.0,1.0
2025-06-07,Smartwatch,Ahmedabad,44,8000,352000,65,20,1,0,6,0,0.0,1.0
2025-06-07,Keyboard,Hyderabad,78,1500,117000,109,35,1,0,7,0,0.0,1.0
2025-06-07,Keyboard,Mumbai,96,1500,144000,103,35,1,0,2,0,0.0,1.0
2025-06-07,Keyboard,Delhi,81,1500,121500,45,35,0,0,4,0,0.0,1.0
2025-06-07,Keyboard,Bangalore,69,1500,103500,135,35,1,0,6,0,0.0,1.0
2025-06-07,Keyboard,Chennai,64,1500,96000,81,35,1,0,3,0,0.0,1.0
2025-06-07,Keyboard,Pune,65,1500,97500,87,35,1,0,4,0,0.0,1.0
2025-06-07,Keyboard,Kolkata,67,1500,100500,110,35,1,0,6,0,0.0,1.0
2025-06-07,Keyboard,Ahmedabad,61,1500,91500,29,35,1,1,2,0,0.0,1.0
2025-06-07,Monitor,Hyderabad,53,18000,954000,35,15,1,0,4,0,0.0,1.0
2025-06-07,Monitor,Mumbai,58,18000,1044000,71,15,1,0,4,0,0.0,1.0
2025-06-07,Monitor,Delhi,50,18000,900000,86,15,0,0,4,0,0.0,1.0
2025-06-07,Monitor,Bangalore,50,18000,900000,107,15,1,0,2,0,0.0,1.0
2025-06-07,Monitor,Chennai,38,18000,684000,102,15,1,0,5,0,0.0,1.0
2025-06-07,Monitor,Pune,51,18000,918000,46,15,0,0,5,0,0.0,1.0
2025-06-07,Monitor,Kolkata,39,18000,702000,38,15,0,0,6,0,0.0,1.0
2025-06-07,Monitor,Ahmedabad,38,18000,684000,20,15,0,0,3,0,0.0,1.0
2025-06-07,Mouse,Hyderabad,88,800,70400,136,50,1,0,4,0,0.0,1.0
2025-06-07,Mouse,Mumbai,98,800,78400,66,50,0,0,4,0,0.0,1.0
2025-06-07,Mouse,Delhi,70,800,56000,47,50,1,1,7,0,0.0,1.0
2025-06-07,Mouse,Bangalore,84,800,67200,121,50,1,0,7,0,0.0,1.0
2025-06-07,Mouse,Chennai,95,800,76000,162,50,1,0,4,0,0.0,1.0
2025-06-07,Mouse,Pune,98,800,78400,15,50,1,1,2,0,0.0,1.0
2025-06-07,Mouse,Kolkata,83,800,66400,58,50,0,0,4,0,0.0,1.0
2025-06-07,Mouse,Ahmedabad,89,800,71200,115,50,1,0,5,0,0.0,1.0
2025-06-07,Printer,Hyderabad,26,12000,312000,66,10,0,0,4,0,0.0,1.0
2025-06-07,Printer,Mumbai,13,12000,156000,81,10,0,0,2,0,0.0,1.0
2025-06-07,Printer,Delhi,33,12000,396000,68,10,1,0,3,0,0.0,1.0
2025-06-07,Printer,Bangalore,25,12000,300000,16,10,0,0,2,0,0.0,1.0
2025-06-07,Printer,Chennai,16,12000,192000,70,10,0,0,5,0,0.0,1.0
2025-06-07,Printer,Pune,25,12000,300000,21,10,0,0,2,0,0.0,1.0
2025-06-07,Printer,Kolkata,44,12000,528000,43,10,1,0,6,0,0.0,1.0
2025-06-07,Printer,Ahmedabad,37,12000,444000,82,10,0,0,3,0,0.0,1.0
2025-06-07,Speaker,Hyderabad,65,4000,260000,114,25,1,0,7,0,0.0,1.0
2025-06-07,Speaker,Mumbai,53,4000,212000,53,25,0,0,6,0,0.0,1.0
2025-06-07,Speaker,Delhi,71,4000,284000,101,25,1,0,3,0,0.0,1.0
2025-06-07,Speaker,Bangalore,54,4000,216000,41,25,0,0,4,0,0.0,1.0
2025-06-07,Speaker,Chennai,60,4000,240000,79,25,1,0,4,0,0.0,1.0
2025-06-07,Speaker,Pune,64,4000,256000,42,25,0,0,7,0,0.0,1.0
2025-06-07,Speaker,Kolkata,56,4000,224000,167,25,1,0,4,0,0.0,1.0
2025-06-07,Speaker,Ahmedabad,66,4000,264000,51,25,1,0,4,0,0.0,1.0
2025-06-08,Laptop,Hyderabad,56,55000,3080000,58,20,0,0,2,0,0.0,1.0
2025-06-08,Laptop,Mumbai,45,55000,2475000,98,20,0,0,2,0,0.0,1.0
2025-06-08,Laptop,Delhi,41,55000,2255000,31,20,0,0,2,0,0.0,1.0
2025-06-08,Laptop,Bangalore,63,55000,3465000,62,20,1,0,6,0,0.0,1.0
2025-06-08,Laptop,Chennai,77,55000,4235000,51,20,0,0,2,0,0.0,1.0
2025-06-08,Laptop,Pune,56,55000,3080000,67,20,0,0,4,0,0.0,1.0
2025-06-08,Laptop,Kolkata,52,55000,2860000,42,20,0,0,7,0,0.0,1.0
2025-06-08,Laptop,Ahmedabad,49,55000,2695000,29,20,0,0,6,0,0.0,1.0
2025-06-08,Mobile,Hyderabad,67,20000,1340000,127,30,1,0,4,0,0.0,1.0
2025-06-08,Mobile,Mumbai,94,20000,1880000,134,30,1,0,2,0,0.0,1.0
2025-06-08,Mobile,Delhi,81,20000,1620000,136,30,1,0,6,0,0.0,1.0
2025-06-08,Mobile,Bangalore,82,20000,1640000,59,30,1,0,7,0,0.0,1.0
2025-06-08,Mobile,Chennai,82,20000,1640000,42,30,1,0,2,0,0.0,1.0
2025-06-08,Mobile,Pune,80,20000,1600000,149,30,1,0,3,0,0.0,1.0
2025-06-08,Mobile,Kolkata,91,20000,1820000,113,30,1,0,2,0,0.0,1.0
2025-06-08,Mobile,Ahmedabad,70,20000,1400000,161,30,1,0,5,0,0.0,1.0
2025-06-08,Tablet,Hyderabad,38,30000,1140000,59,25,1,0,2,0,0.0,1.0
2025-06-08,Tablet,Mumbai,42,30000,1260000,47,25,0,0,2,0,0.0,1.0
2025-06-08,Tablet,Delhi,59,30000,1770000,80,25,0,0,3,0,0.0,1.0
2025-06-08,Tablet,Bangalore,39,30000,1170000,26,25,0,0,2,0,0.0,1.0
2025-06-08,Tablet,Chennai,50,30000,1500000,40,25,0,0,6,0,0.0,1.0
2025-06-08,Tablet,Pune,54,30000,1620000,54,25,0,0,6,0,0.0,1.0
2025-06-08,Tablet,Kolkata,52,30000,1560000,49,25,0,0,6,0,0.0,1.0
2025-06-08,Tablet,Ahmedabad,47,30000,1410000,121,25,1,0,5,0,0.0,1.0
2025-06-08,Headphones,Hyderabad,71,3000,213000,83,40,1,0,6,0,0.0,1.0
2025-06-08,Headphones,Mumbai,61,3000,183000,147,40,1,0,5,0,0.0,1.0
2025-06-08,Headphones,Delhi,53,3000,159000,73,40,0,0,5,0,0.0,1.0
2025-06-08,Headphones,Bangalore,58,3000,174000,56,40,1,0,7,0,0.0,1.0
2025-06-08,Headphones,Chennai,64,3000,192000,71,40,1,0,3,0,0.0,1.0
2025-06-08,Headphones,Pune,67,3000,201000,146,40,1,0,4,0,0.0,1.0
2025-06-08,Headphones,Kolkata,69,3000,207000,79,40,1,0,7,0,0.0,1.0
2025-06-08,Headphones,Ahmedabad,66,3000,198000,104,40,1,0,2,0,0.0,1.0
2025-06-08,Smartwatch,Hyderabad,50,8000,400000,87,20,1,0,3,0,0.0,1.0
2025-06-08,Smartwatch,Mumbai,44,8000,352000,143,20,1,0,3,0,0.0,1.0
2025-06-08,Smartwatch,Delhi,49,8000,392000,60,20,0,0,4,0,0.0,1.0
2025-06-08,Smartwatch,Bangalore,41,8000,328000,35,20,0,0,5,0,0.0,1.0
2025-06-08,Smartwatch,Chennai,27,8000,216000,82,20,0,0,6,0,0.0,1.0
2025-06-08,Smartwatch,Pune,36,8000,288000,54,20,0,0,5,0,0.0,1.0
2025-06-08,Smartwatch,Kolkata,22,8000,176000,38,20,0,0,3,0,0.0,1.0
2025-06-08,Smartwatch,Ahmedabad,39,8000,312000,26,20,0,0,3,0,0.0,1.0
2025-06-08,Keyboard,Hyderabad,81,1500,121500,163,35,1,0,2,0,0.0,1.0
2025-06-08,Keyboard,Mumbai,69,1500,103500,149,35,1,0,2,0,0.0,1.0
2025-06-08,Keyboard,Delhi,66,1500,99000,102,35,1,0,7,0,0.0,1.0
2025-06-08,Keyboard,Bangalore,61,1500,91500,74,35,0,0,3,0,0.0,1.0
2025-06-08,Keyboard,Chennai,63,1500,94500,107,35,1,0,3,0,0.0,1.0
2025-06-08,Keyboard,Pune,62,1500,93000,81,35,1,0,6,0,0.0,1.0
2025-06-08,Keyboard,Kolkata,72,1500,108000,38,35,0,0,4,0,0.0,1.0
2025-06-08,Keyboard,Ahmedabad,70,1500,105000,46,35,1,0,4,0,0.0,1.0
2025-06-08,Monitor,Hyderabad,45,18000,810000,85,15,1,0,2,0,0.0,1.0
2025-06-08,Monitor,Mumbai,38,18000,684000,33,15,0,0,4,0,0.0,1.0
2025-06-08,Monitor,Delhi,45,18000,810000,41,15,0,0,4,0,0.0,1.0
2025-06-08,Monitor,Bangalore,37,18000,666000,70,15,0,0,6,0,0.0,1.0
2025-06-08,Monitor,Chennai,43,18000,774000,59,15,0,0,4,0,0.0,1.0
2025-06-08,Monitor,Pune,33,18000,594000,102,15,1,0,3,0,0.0,1.0
2025-06-08,Monitor,Kolkata,41,18000,738000,87,15,1,0,5,0,0.0,1.0
2025-06-08,Monitor,Ahmedabad,42,18000,756000,56,15,1,0,5,0,0.0,1.0
2025-06-08,Mouse,Hyderabad,94,800,75200,180,50,1,0,2,0,0.0,1.0
2025-06-08,Mouse,Mumbai,93,800,74400,39,50,1,1,7,0,0.0,1.0
2025-06-08,Mouse,Delhi,95,800,76000,11,50,1,1,6,0,0.0,1.0
2025-06-08,Mouse,Bangalore,78,800,62400,122,50,1,0,5,0,0.0,1.0
2025-06-08,Mouse,Chennai,102,800,81600,60,50,0,0,7,0,0.0,1.0
2025-06-08,Mouse,Pune,102,800,81600,62,50,1,0,2,0,0.0,1.0
2025-06-08,Mouse,Kolkata,91,800,72800,45,50,1,1,2,0,0.0,1.0
2025-06-08,Mouse,Ahmedabad,84,800,67200,136,50,1,0,5,0,0.0,1.0
2025-06-08,Printer,Hyderabad,21,12000,252000,45,10,0,0,2,0,0.0,1.0
2025-06-08,Printer,Mumbai,28,12000,336000,53,10,0,0,2,0,0.0,1.0
2025-06-08,Printer,Delhi,33,12000,396000,35,10,0,0,3,0,0.0,1.0
2025-06-08,Printer,Bangalore,38,12000,456000,49,10,1,0,7,0,0.0,1.0
2025-06-08,Printer,Chennai,27,12000,324000,43,10,0,0,6,0,0.0,1.0
2025-06-08,Printer,Pune,45,12000,540000,54,10,1,0,2,0,0.0,1.0
2025-06-08,Printer,Kolkata,37,12000,444000,117,10,1,0,6,0,0.0,1.0
2025-06-08,Printer,Ahmedabad,23,12000,276000,59,10,0,0,7,0,0.0,1.0
2025-06-08,Speaker,Hyderabad,66,4000,264000,48,25,0,0,2,0,0.0,1.0
2025-06-08,Speaker,Mumbai,58,4000,232000,59,25,1,0,7,0,0.0,1.0
2025-06-08,Speaker,Delhi,40,4000,160000,61,25,0,0,2,0,0.0,1.0
2025-06-08,Speaker,Bangalore,58,4000,232000,130,25,1,0,3,0,0.0,1.0
2025-06-08,Speaker,Chennai,59,4000,236000,88,25,1,0,2,0,0.0,1.0
2025-06-08,Speaker,Pune,51,4000,204000,78,25,1,0,2,0,0.0,1.0
2025-06-08,Speaker,Kolkata,61,4000,244000,106,25,0,0,7,0,0.0,1.0
2025-06-08,Speaker,Ahmedabad,56,4000,224000,87,25,1,0,4,0,0.0,1.0
2025-06-09,Laptop,Hyderabad,54,55000,2970000,143,20,1,0,5,0,0.0,1.0
2025-06-09,Laptop,Mumbai,70,55000,3850000,28,20,0,0,4,0,0.0,1.0
2025-06-09,Laptop,Delhi,55,55000,3025000,74,20,1,0,3,0,0.0,1.0
2025-06-09,Laptop,Bangalore,53,55000,2915000,64,20,1,0,2,0,0.0,1.0
2025-06-09,Laptop,Chennai,55,55000,3025000,137,20,1,0,3,0,0.0,1.0
2025-06-09,Laptop,Pune,61,55000,3355000,72,20,1,0,7,0,0.0,1.0
2025-06-09,Laptop,Kolkata,50,55000,2750000,43,20,1,0,2,0,0.0,1.0
2025-06-09,Laptop,Ahmedabad,49,55000,2695000,96,20,1,0,2,0,0.0,1.0
2025-06-09,Mobile,Hyderabad,81,20000,1620000,46,30,0,0,6,0,0.0,1.0
2025-06-09,Mobile,Mumbai,86,20000,1720000,48,30,0,0,5,0,0.0,1.0
2025-06-09,Mobile,Delhi,85,20000,1700000,51,30,0,0,6,0,0.0,1.0
2025-06-09,Mobile,Bangalore,70,20000,1400000,109,30,1,0,4,0,0.0,1.0
2025-06-09,Mobile,Chennai,79,20000,1580000,63,30,1,0,6,0,0.0,1.0
2025-06-09,Mobile,Pune,86,20000,1720000,63,30,0,0,2,0,0.0,1.0
2025-06-09,Mobile,Kolkata,68,20000,1360000,45,30,0,0,4,0,0.0,1.0
2025-06-09,Mobile,Ahmedabad,89,20000,1780000,72,30,0,0,3,0,0.0,1.0
2025-06-09,Tablet,Hyderabad,54,30000,1620000,60,25,1,0,2,0,0.0,1.0
2025-06-09,Tablet,Mumbai,39,30000,1170000,61,25,1,0,7,0,0.0,1.0
2025-06-09,Tablet,Delhi,43,30000,1290000,37,25,0,0,7,0,0.0,1.0
2025-06-09,Tablet,Bangalore,53,30000,1590000,69,25,1,0,5,0,0.0,1.0
2025-06-09,Tablet,Chennai,47,30000,1410000,114,25,1,0,3,0,0.0,1.0
2025-06-09,Tablet,Pune,44,30000,1320000,128,25,1,0,4,0,0.0,1.0
2025-06-09,Tablet,Kolkata,59,30000,1770000,94,25,1,0,3,0,0.0,1.0
2025-06-09,Tablet,Ahmedabad,47,30000,1410000,74,25,0,0,4,0,0.0,1.0
2025-06-09,Headphones,Hyderabad,76,3000,228000,57,40,1,0,2,0,0.0,1.0
2025-06-09,Headphones,Mumbai,61,3000,183000,86,40,0,0,7,0,0.0,1.0
2025-06-09,Headphones,Delhi,53,3000,159000,101,40,1,0,7,0,0.0,1.0
2025-06-09,Headphones,Bangalore,66,3000,198000,101,40,1,0,6,0,0.0,1.0
2025-06-09,Headphones,Chennai,62,3000,186000,138,40,1,0,3,0,0.0,1.0
2025-06-09,Headphones,Pune,58,3000,174000,88,40,0,0,4,0,0.0,1.0
2025-06-09,Headphones,Kolkata,62,3000,186000,141,40,1,0,4,0,0.0,1.0
2025-06-09,Headphones,Ahmedabad,58,3000,174000,46,40,0,0,3,0,0.0,1.0
2025-06-09,Smartwatch,Hyderabad,40,8000,320000,47,20,0,0,5,0,0.0,1.0
2025-06-09,Smartwatch,Mumbai,40,8000,320000,103,20,0,0,2,0,0.0,1.0
2025-06-09,Smartwatch,Delhi,42,8000,336000,84,20,1,0,2,0,0.0,1.0
2025-06-09,Smartwatch,Bangalore,38,8000,304000,139,20,1,0,5,0,0.0,1.0
2025-06-09,Smartwatch,Chennai,28,8000,224000,54,20,0,0,4,0,0.0,1.0
2025-06-09,Smartwatch,Pune,40,8000,320000,87,20,1,0,6,0,0.0,1.0
2025-06-09,Smartwatch,Kolkata,29,8000,232000,144,20,1,0,4,0,0.0,1.0
2025-06-09,Smartwatch,Ahmedabad,23,8000,184000,82,20,1,0,6,0,0.0,1.0
2025-06-09,Keyboard,Hyderabad,68,1500,102000,95,35,0,0,4,0,0.0,1.0
2025-06-09,Keyboard,Mumbai,75,1500,112500,74,35,0,0,4,0,0.0,1.0
2025-06-09,Keyboard,Delhi,74,1500,111000,151,35,1,0,7,0,0.0,1.0
2025-06-09,Keyboard,Bangalore,67,1500,100500,84,35,1,0,6,0,0.0,1.0
2025-06-09,Keyboard,Chennai,87,1500,130500,166,35,1,0,5,0,0.0,1.0
2025-06-09,Keyboard,Pune,63,1500,94500,132,35,1,0,6,0,0.0,1.0
2025-06-09,Keyboard,Kolkata,65,1500,97500,98,35,1,0,5,0,0.0,1.0
2025-06-09,Keyboard,Ahmedabad,74,1500,111000,122,35,1,0,4,0,0.0,1.0
2025-06-09,Monitor,Hyderabad,47,18000,846000,38,15,0,0,7,0,0.0,1.0
2025-06-09,Monitor,Mumbai,45,18000,810000,94,15,1,0,6,0,0.0,1.0
2025-06-09,Monitor,Delhi,62,18000,1116000,69,15,1,0,7,0,0.0,1.0
2025-06-09,Monitor,Bangalore,49,18000,882000,21,15,0,0,2,0,0.0,1.0
2025-06-09,Monitor,Chennai,38,18000,684000,21,15,0,0,2,0,0.0,1.0
2025-06-09,Monitor,Pune,51,18000,918000,51,15,0,0,3,0,0.0,1.0
2025-06-09,Monitor,Kolkata,41,18000,738000,46,15,0,0,5,0,0.0,1.0
2025-06-09,Monitor,Ahmedabad,52,18000,936000,94,15,1,0,3,0,0.0,1.0
2025-06-09,Mouse,Hyderabad,88,800,70400,92,50,0,0,7,0,0.0,1.0
2025-06-09,Mouse,Mumbai,84,800,67200,41,50,1,1,5,0,0.0,1.0
2025-06-09,Mouse,Delhi,87,800,69600,40,50,1,1,7,0,0.0,1.0
2025-06-09,Mouse,Bangalore,108,800,86400,124,50,1,0,5,0,0.0,1.0
2025-06-09,Mouse,Chennai,90,800,72000,81,50,1,0,6,0,0.0,1.0
2025-06-09,Mouse,Pune,74,800,59200,113,50,1,0,4,0,0.0,1.0
2025-06-09,Mouse,Kolkata,103,800,82400,68,50,1,0,2,0,0.0,1.0
2025-06-09,Mouse,Ahmedabad,79,800,63200,57,50,0,0,6,0,0.0,1.0
2025-06-09,Printer,Hyderabad,25,12000,300000,20,10,0,0,6,0,0.0,1.0
2025-06-09,Printer,Mumbai,28,12000,336000,25,10,0,0,7,0,0.0,1.0
2025-06-09,Printer,Delhi,30,12000,360000,82,10,1,0,6,0,0.0,1.0
2025-06-09,Printer,Bangalore,23,12000,276000,26,10,0,0,5,0,0.0,1.0
2025-06-09,Printer,Chennai,31,12000,372000,12,10,0,0,6,0,0.0,1.0
2025-06-09,Printer,Pune,44,12000,528000,10,10,0,0,5,0,0.0,1.0
2025-06-09,Printer,Kolkata,31,12000,372000,86,10,0,0,5,0,0.0,1.0
2025-06-09,Printer,Ahmedabad,33,12000,396000,26,10,0,0,3,0,0.0,1.0
2025-06-09,Speaker,Hyderabad,56,4000,224000,48,25,1,0,2,0,0.0,1.0
2025-06-09,Speaker,Mumbai,39,4000,156000,110,25,1,0,6,0,0.0,1.0
2025-06-09,Speaker,Delhi,61,4000,244000,78,25,1,0,2,0,0.0,1.0
2025-06-09,Speaker,Bangalore,55,4000,220000,75,25,0,0,6,0,0.0,1.0
2025-06-09,Speaker,Chennai,72,4000,288000,104,25,1,0,4,0,0.0,1.0
2025-06-09,Speaker,Pune,53,4000,212000,25,25,0,0,7,0,0.0,1.0
2025-06-09,Speaker,Kolkata,64,4000,256000,42,25,0,0,2,0,0.0,1.0
2025-06-09,Speaker,Ahmedabad,38,4000,152000,49,25,0,0,3,0,0.0,1.0
2025-06-10,Laptop,Hyderabad,69,55000,3795000,74,20,0,0,7,0,0.0,1.0
2025-06-10,Laptop,Mumbai,62,55000,3410000,37,20,1,0,5,0,0.0,1.0
2025-06-10,Laptop,Delhi,41,55000,2255000,33,20,0,0,7,0,0.0,1.0
2025-06-10,Laptop,Bangalore,54,55000,2970000,120,20,1,0,5,0,0.0,1.0
2025-06-10,Laptop,Chennai,63,55000,3465000,74,20,0,0,6,0,0.0,1.0
2025-06-10,Laptop,Pune,40,55000,2200000,32,20,0,0,6,0,0.0,1.0
2025-06-10,Laptop,Kolkata,58,55000,3190000,35,20,1,0,3,0,0.0,1.0
2025-06-10,Laptop,Ahmedabad,55,55000,3025000,41,20,0,0,4,0,0.0,1.0
2025-06-10,Mobile,Hyderabad,81,20000,1620000,38,30,1,0,7,0,0.0,1.0
2025-06-10,Mobile,Mumbai,64,20000,1280000,112,30,1,0,7,0,0.0,1.0
2025-06-10,Mobile,Delhi,83,20000,1660000,48,30,1,0,7,0,0.0,1.0
2025-06-10,Mobile,Bangalore,78,20000,1560000,31,30,0,0,6,0,0.0,1.0
2025-06-10,Mobile,Chennai,90,20000,1800000,28,30,1,1,5,0,0.0,1.0
2025-06-10,Mobile,Pune,88,20000,1760000,119,30,1,0,4,0,0.0,1.0
2025-06-10,Mobile,Kolkata,81,20000,1620000,111,30,1,0,4,0,0.0,1.0
2025-06-10,Mobile,Ahmedabad,84,20000,1680000,113,30,1,0,2,0,0.0,1.0
2025-06-10,Tablet,Hyderabad,48,30000,1440000,131,25,1,0,6,0,0.0,1.0
2025-06-10,Tablet,Mumbai,45,30000,1350000,81,25,1,0,2,0,0.0,1.0
2025-06-10,Tablet,Delhi,46,30000,1380000,58,25,1,0,4,0,0.0,1.0
2025-06-10,Tablet,Bangalore,50,30000,1500000,123,25,1,0,2,0,0.0,1.0
2025-06-10,Tablet,Chennai,32,30000,960000,82,25,0,0,2,0,0.0,1.0
2025-06-10,Tablet,Pune,59,30000,1770000,69,25,0,0,4,0,0.0,1.0
2025-06-10,Tablet,Kolkata,44,30000,1320000,50,25,0,0,2,0,0.0,1.0
2025-06-10,Tablet,Ahmedabad,52,30000,1560000,141,25,1,0,4,0,0.0,1.0
2025-06-10,Headphones,Hyderabad,74,3000,222000,105,40,1,0,3,0,0.0,1.0
2025-06-10,Headphones,Mumbai,75,3000,225000,83,40,1,0,7,0,0.0,1.0
2025-06-10,Headphones,Delhi,78,3000,234000,83,40,1,0,3,0,0.0,1.0
2025-06-10,Headphones,Bangalore,63,3000,189000,108,40,1,0,5,0,0.0,1.0
2025-06-10,Headphones,Chennai,64,3000,192000,74,40,0,0,6,0,0.0,1.0
2025-06-10,Headphones,Pune,79,3000,237000,71,40,1,0,6,0,0.0,1.0
2025-06-10,Headphones,Kolkata,48,3000,144000,93,40,0,0,2,0,0.0,1.0
2025-06-10,Headphones,Ahmedabad,53,3000,159000,44,40,1,0,3,0,0.0,1.0
2025-06-10,Smartwatch,Hyderabad,27,8000,216000,20,20,0,0,3,0,0.0,1.0
2025-06-10,Smartwatch,Mumbai,42,8000,336000,61,20,0,0,3,0,0.0,1.0
2025-06-10,Smartwatch,Delhi,29,8000,232000,55,20,0,0,7,0,0.0,1.0
2025-06-10,Smartwatch,Bangalore,29,8000,232000,110,20,0,0,2,0,0.0,1.0
2025-06-10,Smartwatch,Chennai,38,8000,304000,146,20,1,0,3,0,0.0,1.0
2025-06-10,Smartwatch,Pune,38,8000,304000,49,20,0,0,5,0,0.0,1.0
2025-06-10,Smartwatch,Kolkata,41,8000,328000,103,20,0,0,2,0,0.0,1.0
2025-06-10,Smartwatch,Ahmedabad,24,8000,192000,58,20,0,0,6,0,0.0,1.0
2025-06-10,Keyboard,Hyderabad,65,1500,97500,156,35,1,0,2,0,0.0,1.0
2025-06-10,Keyboard,Mumbai,70,1500,105000,100,35,1,0,7,0,0.0,1.0
2025-06-10,Keyboard,Delhi,82,1500,123000,69,35,0,0,3,0,0.0,1.0
2025-06-10,Keyboard,Bangalore,77,1500,115500,91,35,1,0,2,0,0.0,1.0
2025-06-10,Keyboard,Chennai,67,1500,100500,99,35,0,0,6,0,0.0,1.0
2025-06-10,Keyboard,Pune,73,1500,109500,59,35,0,0,7,0,0.0,1.0
2025-06-10,Keyboard,Kolkata,55,1500,82500,43,35,0,0,7,0,0.0,1.0
2025-06-10,Keyboard,Ahmedabad,67,1500,100500,55,35,0,0,7,0,0.0,1.0
2025-06-10,Monitor,Hyderabad,35,18000,630000,145,15,1,0,3,0,0.0,1.0
2025-06-10,Monitor,Mumbai,28,18000,504000,66,15,0,0,5,0,0.0,1.0
2025-06-10,Monitor,Delhi,48,18000,864000,21,15,0,0,3,0,0.0,1.0
2025-06-10,Monitor,Bangalore,37,18000,666000,64,15,1,0,7,0,0.0,1.0
2025-06-10,Monitor,Chennai,54,18000,972000,38,15,1,0,7,0,0.0,1.0
2025-06-10,Monitor,Pune,58,18000,1044000,50,15,1,0,6,0,0.0,1.0
2025-06-10,Monitor,Kolkata,41,18000,738000,133,15,1,0,7,0,0.0,1.0
2025-06-10,Monitor,Ahmedabad,34,18000,612000,60,15,0,0,6,0,0.0,1.0
2025-06-10,Mouse,Hyderabad,85,800,68000,131,50,1,0,3,0,0.0,1.0
2025-06-10,Mouse,Mumbai,96,800,76800,34,50,1,1,3,0,0.0,1.0
2025-06-10,Mouse,Delhi,81,800,64800,17,50,1,1,7,0,0.0,1.0
2025-06-10,Mouse,Bangalore,86,800,68800,162,50,1,0,2,0,0.0,1.0
2025-06-10,Mouse,Chennai,94,800,75200,67,50,1,0,7,0,0.0,1.0
2025-06-10,Mouse,Pune,75,800,60000,100,50,1,0,5,0,0.0,1.0
2025-06-10,Mouse,Kolkata,91,800,72800,126,50,1,0,7,0,0.0,1.0
2025-06-10,Mouse,Ahmedabad,93,800,74400,107,50,1,0,3,0,0.0,1.0
2025-06-10,Printer,Hyderabad,25,12000,300000,108,10,1,0,4,0,0.0,1.0
2025-06-10,Printer,Mumbai,28,12000,336000,141,10,1,0,5,0,0.0,1.0
2025-06-10,Printer,Delhi,22,12000,264000,60,10,0,0,4,0,0.0,1.0
2025-06-10,Printer,Bangalore,36,12000,432000,57,10,1,0,6,0,0.0,1.0
2025-06-10,Printer,Chennai,32,12000,384000,75,10,1,0,7,0,0.0,1.0
2025-06-10,Printer,Pune,29,12000,348000,130,10,1,0,6,0,0.0,1.0
2025-06-10,Printer,Kolkata,23,12000,276000,63,10,0,0,3,0,0.0,1.0
2025-06-10,Printer,Ahmedabad,43,12000,516000,111,10,1,0,4,0,0.0,1.0
2025-06-10,Speaker,Hyderabad,61,4000,244000,114,25,1,0,5,0,0.0,1.0
2025-06-10,Speaker,Mumbai,54,4000,216000,56,25,0,0,2,0,0.0,1.0
2025-06-10,Speaker,Delhi,52,4000,208000,26,25,0,0,4,0,0.0,1.0
2025-06-10,Speaker,Bangalore,75,4000,300000,99,25,1,0,7,0,0.0,1.0
2025-06-10,Speaker,Chennai,56,4000,224000,48,25,0,0,4,0,0.0,1.0
2025-06-10,Speaker,Pune,45,4000,180000,74,25,1,0,7,0,0.0,1.0
2025-06-10,Speaker,Kolkata,76,4000,304000,101,25,1,0,4,0,0.0,1.0
2025-06-10,Speaker,Ahmedabad,65,4000,260000,130,25,1,0,4,0,0.0,1.0
2025-06-11,Laptop,Hyderabad,46,55000,2530000,28,20,0,0,3,0,0.0,1.0
2025-06-11,Laptop,Mumbai,61,55000,3355000,119,20,1,0,3,0,0.0,1.0
2025-06-11,Laptop,Delhi,53,55000,2915000,43,20,1,0,3,0,0.0,1.0
2025-06-11,Laptop,Bangalore,47,55000,2585000,73,20,0,0,4,0,0.0,1.0
2025-06-11,Laptop,Chennai,49,55000,2695000,25,20,0,0,4,0,0.0,1.0
2025-06-11,Laptop,Pune,62,55000,3410000,52,20,1,0,4,0,0.0,1.0
2025-06-11,Laptop,Kolkata,57,55000,3135000,93,20,1,0,4,0,0.0,1.0
2025-06-11,Laptop,Ahmedabad,53,55000,2915000,67,20,1,0,5,0,0.0,1.0
2025-06-11,Mobile,Hyderabad,91,20000,1820000,87,30,1,0,2,0,0.0,1.0
2025-06-11,Mobile,Mumbai,88,20000,1760000,159,30,1,0,4,0,0.0,1.0
2025-06-11,Mobile,Delhi,84,20000,1680000,42,30,1,0,3,0,0.0,1.0
2025-06-11,Mobile,Bangalore,83,20000,1660000,82,30,1,0,3,0,0.0,1.0
2025-06-11,Mobile,Chennai,91,20000,1820000,57,30,1,0,2,0,0.0,1.0
2025-06-11,Mobile,Pune,70,20000,1400000,49,30,0,0,6,0,0.0,1.0
2025-06-11,Mobile,Kolkata,82,20000,1640000,99,30,1,0,3,0,0.0,1.0
2025-06-11,Mobile,Ahmedabad,78,20000,1560000,35,30,0,0,7,0,0.0,1.0
2025-06-11,Tablet,Hyderabad,42,30000,1260000,89,25,0,0,4,0,0.0,1.0
2025-06-11,Tablet,Mumbai,60,30000,1800000,95,25,1,0,3,0,0.0,1.0
2025-06-11,Tablet,Delhi,31,30000,930000,27,25,0,0,3,0,0.0,1.0
2025-06-11,Tablet,Bangalore,52,30000,1560000,71,25,0,0,3,0,0.0,1.0
2025-06-11,Tablet,Chennai,34,30000,1020000,48,25,0,0,7,0,0.0,1.0
2025-06-11,Tablet,Pune,32,30000,960000,37,25,0,0,5,0,0.0,1.0
2025-06-11,Tablet,Kolkata,43,30000,1290000,95,25,1,0,5,0,0.0,1.0
2025-06-11,Tablet,Ahmedabad,49,30000,1470000,92,25,0,0,3,0,0.0,1.0
2025-06-11,Headphones,Hyderabad,65,3000,195000,40,40,0,0,5,0,0.0,1.0
2025-06-11,Headphones,Mumbai,64,3000,192000,77,40,1,0,3,0,0.0,1.0
2025-06-11,Headphones,Delhi,66,3000,198000,96,40,1,0,5,0,0.0,1.0
2025-06-11,Headphones,Bangalore,57,3000,171000,51,40,0,0,7,0,0.0,1.0
2025-06-11,Headphones,Chennai,61,3000,183000,142,40,1,0,7,0,0.0,1.0
2025-06-11,Headphones,Pune,66,3000,198000,99,40,1,0,2,0,0.0,1.0
2025-06-11,Headphones,Kolkata,67,3000,201000,161,40,1,0,5,0,0.0,1.0
2025-06-11,Headphones,Ahmedabad,77,3000,231000,57,40,1,0,3,0,0.0,1.0
2025-06-11,Smartwatch,Hyderabad,36,8000,288000,42,20,1,0,2,0,0.0,1.0
2025-06-11,Smartwatch,Mumbai,31,8000,248000,30,20,0,0,4,0,0.0,1.0
2025-06-11,Smartwatch,Delhi,35,8000,280000,20,20,0,0,4,0,0.0,1.0
2025-06-11,Smartwatch,Bangalore,34,8000,272000,76,20,0,0,2,0,0.0,1.0
2025-06-11,Smartwatch,Chennai,51,8000,408000,95,20,0,0,5,0,0.0,1.0
2025-06-11,Smartwatch,Pune,40,8000,320000,78,20,1,0,5,0,0.0,1.0
2025-06-11,Smartwatch,Kolkata,36,8000,288000,67,20,0,0,3,0,0.0,1.0
2025-06-11,Smartwatch,Ahmedabad,40,8000,320000,156,20,1,0,7,0,0.0,1.0
2025-06-11,Keyboard,Hyderabad,76,1500,114000,80,35,0,0,5,0,0.0,1.0
2025-06-11,Keyboard,Mumbai,53,1500,79500,47,35,0,0,4,0,0.0,1.0
2025-06-11,Keyboard,Delhi,73,1500,109500,107,35,1,0,6,0,0.0,1.0
2025-06-11,Keyboard,Bangalore,70,1500,105000,143,35,1,0,2,0,0.0,1.0
2025-06-11,Keyboard,Chennai,65,1500,97500,139,35,1,0,3,0,0.0,1.0
2025-06-11,Keyboard,Pune,64,1500,96000,53,35,1,0,4,0,0.0,1.0
2025-06-11,Keyboard,Kolkata,66,1500,99000,122,35,1,0,6,0,0.0,1.0
2025-06-11,Keyboard,Ahmedabad,71,1500,106500,59,35,1,0,4,0,0.0,1.0
2025-06-11,Monitor,Hyderabad,36,18000,648000,109,15,0,0,2,0,0.0,1.0
2025-06-11,Monitor,Mumbai,49,18000,882000,17,15,0,0,3,0,0.0,1.0
2025-06-11,Monitor,Delhi,51,18000,918000,90,15,1,0,7,0,0.0,1.0
2025-06-11,Monitor,Bangalore,35,18000,630000,29,15,0,0,3,0,0.0,1.0
2025-06-11,Monitor,Chennai,40,18000,720000,74,15,1,0,4,0,0.0,1.0
2025-06-11,Monitor,Pune,50,18000,900000,65,15,1,0,2,0,0.0,1.0
2025-06-11,Monitor,Kolkata,40,18000,720000,93,15,0,0,2,0,0.0,1.0
2025-06-11,Monitor,Ahmedabad,48,18000,864000,72,15,1,0,3,0,0.0,1.0
2025-06-11,Mouse,Hyderabad,86,800,68800,146,50,1,0,6,0,0.0,1.0
2025-06-11,Mouse,Mumbai,89,800,71200,49,50,1,1,6,0,0.0,1.0
2025-06-11,Mouse,Delhi,99,800,79200,17,50,1,1,4,0,0.0,1.0
2025-06-11,Mouse,Bangalore,96,800,76800,66,50,0,0,2,0,0.0,1.0
2025-06-11,Mouse,Chennai,99,800,79200,107,50,1,0,2,0,0.0,1.0
2025-06-11,Mouse,Pune,92,800,73600,72,50,1,0,6,0,0.0,1.0
2025-06-11,Mouse,Kolkata,106,800,84800,82,50,1,0,3,0,0.0,1.0
2025-06-11,Mouse,Ahmedabad,91,800,72800,83,50,1,0,7,0,0.0,1.0
2025-06-11,Printer,Hyderabad,18,12000,216000,90,10,0,0,6,0,0.0,1.0
2025-06-11,Printer,Mumbai,22,12000,264000,119,10,0,0,4,0,0.0,1.0
2025-06-11,Printer,Delhi,27,12000,324000,33,10,0,0,3,0,0.0,1.0
2025-06-11,Printer,Bangalore,24,12000,288000,33,10,0,0,6,0,0.0,1.0
2025-06-11,Printer,Chennai,32,12000,384000,43,10,0,0,7,0,0.0,1.0
2025-06-11,Printer,Pune,38,12000,456000,92,10,0,0,6,0,0.0,1.0
2025-06-11,Printer,Kolkata,35,12000,420000,28,10,0,0,4,0,0.0,1.0
2025-06-11,Printer,Ahmedabad,25,12000,300000,86,10,0,0,5,0,0.0,1.0
2025-06-11,Speaker,Hyderabad,61,4000,244000,53,25,0,0,3,0,0.0,1.0
2025-06-11,Speaker,Mumbai,49,4000,196000,148,25,1,0,6,0,0.0,1.0
2025-06-11,Speaker,Delhi,52,4000,208000,66,25,1,0,7,0,0.0,1.0
2025-06-11,Speaker,Bangalore,58,4000,232000,41,25,0,0,5,0,0.0,1.0
2025-06-11,Speaker,Chennai,65,4000,260000,64,25,1,0,6,0,0.0,1.0
2025-06-11,Speaker,Pune,62,4000,248000,154,25,1,0,7,0,0.0,1.0
2025-06-11,Speaker,Kolkata,51,4000,204000,50,25,0,0,3,0,0.0,1.0
2025-06-11,Speaker,Ahmedabad,62,4000,248000,68,25,0,0,7,0,0.0,1.0
2025-06-12,Laptop,Hyderabad,57,55000,3135000,77,20,1,0,3,0,0.0,1.0
2025-06-12,Laptop,Mumbai,68,55000,3740000,51,20,0,0,4,0,0.0,1.0
2025-06-12,Laptop,Delhi,46,55000,2530000,141,20,1,0,3,0,0.0,1.0
2025-06-12,Laptop,Bangalore,56,55000,3080000,95,20,1,0,2,0,0.0,1.0
2025-06-12,Laptop,Chennai,61,55000,3355000,55,20,1,0,3,0,0.0,1.0
2025-06-12,Laptop,Pune,52,55000,2860000,115,20,1,0,2,0,0.0,1.0
2025-06-12,Laptop,Kolkata,62,55000,3410000,31,20,0,0,6,0,0.0,1.0
2025-06-12,Laptop,Ahmedabad,55,55000,3025000,114,20,1,0,6,0,0.0,1.0
2025-06-12,Mobile,Hyderabad,80,20000,1600000,75,30,1,0,3,0,0.0,1.0
2025-06-12,Mobile,Mumbai,76,20000,1520000,83,30,0,0,4,0,0.0,1.0
2025-06-12,Mobile,Delhi,70,20000,1400000,44,30,1,0,7,0,0.0,1.0
2025-06-12,Mobile,Bangalore,85,20000,1700000,85,30,1,0,2,0,0.0,1.0
2025-06-12,Mobile,Chennai,80,20000,1600000,55,30,1,0,7,0,0.0,1.0
2025-06-12,Mobile,Pune,75,20000,1500000,82,30,1,0,5,0,0.0,1.0
2025-06-12,Mobile,Kolkata,87,20000,1740000,87,30,1,0,3,0,0.0,1.0
2025-06-12,Mobile,Ahmedabad,96,20000,1920000,52,30,1,0,5,0,0.0,1.0
2025-06-12,Tablet,Hyderabad,40,30000,1200000,49,25,0,0,5,0,0.0,1.0
2025-06-12,Tablet,Mumbai,59,30000,1770000,36,25,0,0,5,0,0.0,1.0
2025-06-12,Tablet,Delhi,49,30000,1470000,55,25,1,0,5,0,0.0,1.0
2025-06-12,Tablet,Bangalore,55,30000,1650000,124,25,1,0,3,0,0.0,1.0
2025-06-12,Tablet,Chennai,43,30000,1290000,141,25,1,0,7,0,0.0,1.0
2025-06-12,Tablet,Pune,43,30000,1290000,46,25,1,0,3,0,0.0,1.0
2025-06-12,Tablet,Kolkata,46,30000,1380000,49,25,0,0,3,0,0.0,1.0
2025-06-12,Tablet,Ahmedabad,50,30000,1500000,42,25,0,0,6,0,0.0,1.0
2025-06-12,Headphones,Hyderabad,59,3000,177000,64,40,1,0,6,0,0.0,1.0
2025-06-12,Headphones,Mumbai,72,3000,216000,116,40,1,0,7,0,0.0,1.0
2025-06-12,Headphones,Delhi,66,3000,198000,95,40,1,0,7,0,0.0,1.0
2025-06-12,Headphones,Bangalore,71,3000,213000,58,40,1,0,5,0,0.0,1.0
2025-06-12,Headphones,Chennai,62,3000,186000,80,40,0,0,5,0,0.0,1.0
2025-06-12,Headphones,Pune,51,3000,153000,48,40,0,0,7,0,0.0,1.0
2025-06-12,Headphones,Kolkata,49,3000,147000,112,40,0,0,6,0,0.0,1.0
2025-06-12,Headphones,Ahmedabad,59,3000,177000,97,40,1,0,6,0,0.0,1.0
2025-06-12,Smartwatch,Hyderabad,37,8000,296000,151,20,1,0,5,0,0.0,1.0
2025-06-12,Smartwatch,Mumbai,46,8000,368000,131,20,1,0,3,0,0.0,1.0
2025-06-12,Smartwatch,Delhi,41,8000,328000,90,20,1,0,2,0,0.0,1.0
2025-06-12,Smartwatch,Bangalore,34,8000,272000,42,20,0,0,3,0,0.0,1.0
2025-06-12,Smartwatch,Chennai,43,8000,344000,52,20,0,0,7,0,0.0,1.0
2025-06-12,Smartwatch,Pune,41,8000,328000,37,20,0,0,2,0,0.0,1.0
2025-06-12,Smartwatch,Kolkata,38,8000,304000,29,20,0,0,3,0,0.0,1.0
2025-06-12,Smartwatch,Ahmedabad,41,8000,328000,115,20,0,0,4,0,0.0,1.0
2025-06-12,Keyboard,Hyderabad,63,1500,94500,68,35,1,0,6,0,0.0,1.0
2025-06-12,Keyboard,Mumbai,69,1500,103500,33,35,1,1,6,0,0.0,1.0
2025-06-12,Keyboard,Delhi,72,1500,108000,35,35,0,0,5,0,0.0,1.0
2025-06-12,Keyboard,Bangalore,67,1500,100500,76,35,0,0,4,0,0.0,1.0
2025-06-12,Keyboard,Chennai,82,1500,123000,57,35,0,0,3,0,0.0,1.0
2025-06-12,Keyboard,Pune,72,1500,108000,33,35,1,1,3,0,0.0,1.0
2025-06-12,Keyboard,Kolkata,78,1500,117000,44,35,0,0,3,0,0.0,1.0
2025-06-12,Keyboard,Ahmedabad,84,1500,126000,32,35,1,1,3,0,0.0,1.0
2025-06-12,Monitor,Hyderabad,39,18000,702000,70,15,0,0,2,0,0.0,1.0
2025-06-12,Monitor,Mumbai,26,18000,468000,97,15,1,0,3,0,0.0,1.0
2025-06-12,Monitor,Delhi,46,18000,828000,44,15,0,0,7,0,0.0,1.0
2025-06-12,Monitor,Bangalore,51,18000,918000,83,15,1,0,7,0,0.0,1.0
2025-06-12,Monitor,Chennai,35,18000,630000,39,15,0,0,6,0,0.0,1.0
2025-06-12,Monitor,Pune,48,18000,864000,17,15,0,0,5,0,0.0,1.0
2025-06-12,Monitor,Kolkata,43,18000,774000,50,15,0,0,4,0,0.0,1.0
2025-06-12,Monitor,Ahmedabad,43,18000,774000,29,15,0,0,4,0,0.0,1.0
2025-06-12,Mouse,Hyderabad,79,800,63200,67,50,0,0,7,0,0.0,1.0
2025-06-12,Mouse,Mumbai,90,800,72000,14,50,1,1,4,0,0.0,1.0
2025-06-12,Mouse,Delhi,87,800,69600,64,50,1,0,7,0,0.0,1.0
2025-06-12,Mouse,Bangalore,90,800,72000,29,50,1,1,2,0,0.0,1.0
2025-06-12,Mouse,Chennai,89,800,71200,97,50,1,0,2,0,0.0,1.0
2025-06-12,Mouse,Pune,95,800,76000,124,50,1,0,4,0,0.0,1.0
2025-06-12,Mouse,Kolkata,87,800,69600,122,50,1,0,4,0,0.0,1.0
2025-06-12,Mouse,Ahmedabad,112,800,89600,35,50,1,1,6,0,0.0,1.0
2025-06-12,Printer,Hyderabad,45,12000,540000,45,10,0,0,4,0,0.0,1.0
2025-06-12,Printer,Mumbai,13,12000,156000,106,10,0,0,6,0,0.0,1.0
2025-06-12,Printer,Delhi,31,12000,372000,140,10,1,0,7,0,0.0,1.0
2025-06-12,Printer,Bangalore,28,12000,336000,82,10,1,0,6,0,0.0,1.0
2025-06-12,Printer,Chennai,15,12000,180000,28,10,0,0,2,0,0.0,1.0
2025-06-12,Printer,Pune,24,12000,288000,68,10,0,0,5,0,0.0,1.0
2025-06-12,Printer,Kolkata,36,12000,432000,54,10,1,0,4,0,0.0,1.0
2025-06-12,Printer,Ahmedabad,22,12000,264000,64,10,0,0,6,0,0.0,1.0
2025-06-12,Speaker,Hyderabad,58,4000,232000,130,25,1,0,7,0,0.0,1.0
2025-06-12,Speaker,Mumbai,47,4000,188000,101,25,0,0,7,0,0.0,1.0
2025-06-12,Speaker,Delhi,51,4000,204000,115,25,1,0,2,0,0.0,1.0
2025-06-12,Speaker,Bangalore,71,4000,284000,54,25,1,0,5,0,0.0,1.0
2025-06-12,Speaker,Chennai,42,4000,168000,155,25,1,0,5,0,0.0,1.0
2025-06-12,Speaker,Pune,65,4000,260000,89,25,0,0,7,0,0.0,1.0
2025-06-12,Speaker,Kolkata,60,4000,240000,137,25,1,0,6,0,0.0,1.0
2025-06-12,Speaker,Ahmedabad,60,4000,240000,99,25,1,0,2,0,0.0,1.0
2025-06-13,Laptop,Hyderabad,49,55000,2695000,28,20,0,0,6,0,0.0,1.0
2025-06-13,Laptop,Mumbai,63,55000,3465000,112,20,1,0,5,0,0.0,1.0
2025-06-13,Laptop,Delhi,49,55000,2695000,92,20,0,0,3,0,0.0,1.0
2025-06-13,Laptop,Bangalore,47,55000,2585000,48,20,0,0,6,0,0.0,1.0
2025-06-13,Laptop,Chennai,39,55000,2145000,105,20,1,0,5,0,0.0,1.0
2025-06-13,Laptop,Pune,45,55000,2475000,70,20,0,0,2,0,0.0,1.0
2025-06-13,Laptop,Kolkata,57,55000,3135000,38,20,1,0,4,0,0.0,1.0
2025-06-13,Laptop,Ahmedabad,51,55000,2805000,63,20,0,0,2,0,0.0,1.0
2025-06-13,Mobile,Hyderabad,81,20000,1620000,97,30,1,0,2,0,0.0,1.0
2025-06-13,Mobile,Mumbai,81,20000,1620000,140,30,1,0,3,0,0.0,1.0
2025-06-13,Mobile,Delhi,77,20000,1540000,66,30,1,0,4,0,0.0,1.0
2025-06-13,Mobile,Bangalore,80,20000,1600000,104,30,1,0,2,0,0.0,1.0
2025-06-13,Mobile,Chennai,75,20000,1500000,36,30,1,0,6,0,0.0,1.0
2025-06-13,Mobile,Pune,83,20000,1660000,79,30,1,0,5,0,0.0,1.0
2025-06-13,Mobile,Kolkata,81,20000,1620000,114,30,1,0,3,0,0.0,1.0
2025-06-13,Mobile,Ahmedabad,84,20000,1680000,18,30,1,1,2,0,0.0,1.0
2025-06-13,Tablet,Hyderabad,50,30000,1500000,64,25,1,0,7,0,0.0,1.0
2025-06-13,Tablet,Mumbai,47,30000,1410000,87,25,1,0,7,0,0.0,1.0
2025-06-13,Tablet,Delhi,43,30000,1290000,92,25,1,0,4,0,0.0,1.0
2025-06-13,Tablet,Bangalore,43,30000,1290000,81,25,0,0,7,0,0.0,1.0
2025-06-13,Tablet,Chennai,60,30000,1800000,81,25,0,0,6,0,0.0,1.0
2025-06-13,Tablet,Pune,45,30000,1350000,86,25,1,0,2,0,0.0,1.0
2025-06-13,Tablet,Kolkata,48,30000,1440000,147,25,1,0,5,0,0.0,1.0
2025-06-13,Tablet,Ahmedabad,44,30000,1320000,50,25,1,0,6,0,0.0,1.0
2025-06-13,Headphones,Hyderabad,54,3000,162000,87,40,1,0,7,0,0.0,1.0
2025-06-13,Headphones,Mumbai,70,3000,210000,46,40,0,0,6,0,0.0,1.0
2025-06-13,Headphones,Delhi,61,3000,183000,142,40,1,0,7,0,0.0,1.0
2025-06-13,Headphones,Bangalore,61,3000,183000,68,40,1,0,5,0,0.0,1.0
2025-06-13,Headphones,Chennai,83,3000,249000,105,40,1,0,4,0,0.0,1.0
2025-06-13,Headphones,Pune,58,3000,174000,89,40,1,0,3,0,0.0,1.0
2025-06-13,Headphones,Kolkata,59,3000,177000,53,40,0,0,7,0,0.0,1.0
2025-06-13,Headphones,Ahmedabad,58,3000,174000,107,40,1,0,4,0,0.0,1.0
2025-06-13,Smartwatch,Hyderabad,35,8000,280000,116,20,0,0,7,0,0.0,1.0
2025-06-13,Smartwatch,Mumbai,25,8000,200000,106,20,0,0,5,0,0.0,1.0
2025-06-13,Smartwatch,Delhi,33,8000,264000,57,20,0,0,6,0,0.0,1.0
2025-06-13,Smartwatch,Bangalore,42,8000,336000,81,20,1,0,7,0,0.0,1.0
2025-06-13,Smartwatch,Chennai,32,8000,256000,20,20,0,0,2,0,0.0,1.0
2025-06-13,Smartwatch,Pune,40,8000,320000,104,20,1,0,6,0,0.0,1.0
2025-06-13,Smartwatch,Kolkata,44,8000,352000,105,20,1,0,5,0,0.0,1.0
2025-06-13,Smartwatch,Ahmedabad,51,8000,408000,64,20,0,0,6,0,0.0,1.0
2025-06-13,Keyboard,Hyderabad,65,1500,97500,58,35,1,0,6,0,0.0,1.0
2025-06-13,Keyboard,Mumbai,78,1500,117000,80,35,1,0,4,0,0.0,1.0
2025-06-13,Keyboard,Delhi,73,1500,109500,23,35,1,1,6,0,0.0,1.0
2025-06-13,Keyboard,Bangalore,83,1500,124500,73,35,1,0,5,0,0.0,1.0
2025-06-13,Keyboard,Chennai,86,1500,129000,121,35,1,0,2,0,0.0,1.0
2025-06-13,Keyboard,Pune,56,1500,84000,93,35,1,0,3,0,0.0,1.0
2025-06-13,Keyboard,Kolkata,72,1500,108000,92,35,1,0,6,0,0.0,1.0
2025-06-13,Keyboard,Ahmedabad,50,1500,75000,71,35,1,0,4,0,0.0,1.0
2025-06-13,Monitor,Hyderabad,60,18000,1080000,154,15,1,0,2,0,0.0,1.0
2025-06-13,Monitor,Mumbai,53,18000,954000,44,15,0,0,4,0,0.0,1.0
2025-06-13,Monitor,Delhi,51,18000,918000,111,15,1,0,4,0,0.0,1.0
2025-06-13,Monitor,Bangalore,43,18000,774000,40,15,0,0,2,0,0.0,1.0
2025-06-13,Monitor,Chennai,52,18000,936000,87,15,1,0,5,0,0.0,1.0
2025-06-13,Monitor,Pune,26,18000,468000,122,15,1,0,6,0,0.0,1.0
2025-06-13,Monitor,Kolkata,58,18000,1044000,72,15,1,0,6,0,0.0,1.0
2025-06-13,Monitor,Ahmedabad,48,18000,864000,113,15,1,0,3,0,0.0,1.0
2025-06-13,Mouse,Hyderabad,104,800,83200,37,50,1,1,4,0,0.0,1.0
2025-06-13,Mouse,Mumbai,77,800,61600,54,50,1,0,5,0,0.0,1.0
2025-06-13,Mouse,Delhi,83,800,66400,54,50,1,0,6,0,0.0,1.0
2025-06-13,Mouse,Bangalore,74,800,59200,56,50,1,0,5,0,0.0,1.0
2025-06-13,Mouse,Chennai,88,800,70400,78,50,1,0,2,0,0.0,1.0
2025-06-13,Mouse,Pune,88,800,70400,102,50,1,0,7,0,0.0,1.0
2025-06-13,Mouse,Kolkata,100,800,80000,156,50,1,0,4,0,0.0,1.0
2025-06-13,Mouse,Ahmedabad,88,800,70400,88,50,1,0,6,0,0.0,1.0
2025-06-13,Printer,Hyderabad,37,12000,444000,101,10,1,0,7,0,0.0,1.0
2025-06-13,Printer,Mumbai,41,12000,492000,65,10,0,0,4,0,0.0,1.0
2025-06-13,Printer,Delhi,31,12000,372000,109,10,0,0,3,0,0.0,1.0
2025-06-13,Printer,Bangalore,19,12000,228000,63,10,0,0,7,0,0.0,1.0
2025-06-13,Printer,Chennai,17,12000,204000,11,10,0,0,5,0,0.0,1.0
2025-06-13,Printer,Pune,16,12000,192000,52,10,0,0,7,0,0.0,1.0
2025-06-13,Printer,Kolkata,14,12000,168000,40,10,0,0,4,0,0.0,1.0
2025-06-13,Printer,Ahmedabad,28,12000,336000,36,10,0,0,6,0,0.0,1.0
2025-06-13,Speaker,Hyderabad,48,4000,192000,82,25,0,0,2,0,0.0,1.0
2025-06-13,Speaker,Mumbai,65,4000,260000,36,25,0,0,5,0,0.0,1.0
2025-06-13,Speaker,Delhi,59,4000,236000,56,25,0,0,4,0,0.0,1.0
2025-06-13,Speaker,Bangalore,63,4000,252000,74,25,1,0,4,0,0.0,1.0
2025-06-13,Speaker,Chennai,54,4000,216000,101,25,0,0,3,0,0.0,1.0
2025-06-13,Speaker,Pune,45,4000,180000,44,25,0,0,2,0,0.0,1.0
2025-06-13,Speaker,Kolkata,45,4000,180000,92,25,0,0,3,0,0.0,1.0
2025-06-13,Speaker,Ahmedabad,57,4000,228000,42,25,0,0,6,0,0.0,1.0
2025-06-14,Laptop,Hyderabad,55,55000,3025000,121,20,1,0,5,0,0.0,1.0
2025-06-14,Laptop,Mumbai,57,55000,3135000,55,20,0,0,7,0,0.0,1.0
2025-06-14,Laptop,Delhi,58,55000,3190000,34,20,0,0,5,0,0.0,1.0
2025-06-14,Laptop,Bangalore,53,55000,2915000,93,20,1,0,5,0,0.0,1.0
2025-06-14,Laptop,Chennai,72,55000,3960000,33,20,0,0,2,0,0.0,1.0
2025-06-14,Laptop,Pune,50,55000,2750000,20,20,0,0,4,0,0.0,1.0
2025-06-14,Laptop,Kolkata,73,55000,4015000,71,20,1,0,2,0,0.0,1.0
2025-06-14,Laptop,Ahmedabad,54,55000,2970000,125,20,1,0,6,0,0.0,1.0
2025-06-14,Mobile,Hyderabad,86,20000,1720000,75,30,1,0,3,0,0.0,1.0
2025-06-14,Mobile,Mumbai,69,20000,1380000,71,30,0,0,5,0,0.0,1.0
2025-06-14,Mobile,Delhi,71,20000,1420000,47,30,1,0,2,0,0.0,1.0
2025-06-14,Mobile,Bangalore,84,20000,1680000,128,30,1,0,4,0,0.0,1.0
2025-06-14,Mobile,Chennai,92,20000,1840000,61,30,1,0,2,0,0.0,1.0
2025-06-14,Mobile,Pune,74,20000,1480000,72,30,1,0,2,0,0.0,1.0
2025-06-14,Mobile,Kolkata,82,20000,1640000,32,30,0,0,5,0,0.0,1.0
2025-06-14,Mobile,Ahmedabad,79,20000,1580000,18,30,1,1,7,0,0.0,1.0
2025-06-14,Tablet,Hyderabad,51,30000,1530000,134,25,1,0,4,0,0.0,1.0
2025-06-14,Tablet,Mumbai,39,30000,1170000,48,25,0,0,6,0,0.0,1.0
2025-06-14,Tablet,Delhi,51,30000,1530000,41,25,0,0,5,0,0.0,1.0
2025-06-14,Tablet,Bangalore,56,30000,1680000,25,25,0,0,4,0,0.0,1.0
2025-06-14,Tablet,Chennai,52,30000,1560000,29,25,0,0,5,0,0.0,1.0
2025-06-14,Tablet,Pune,41,30000,1230000,45,25,0,0,7,0,0.0,1.0
2025-06-14,Tablet,Kolkata,50,30000,1500000,97,25,0,0,7,0,0.0,1.0
2025-06-14,Tablet,Ahmedabad,61,30000,1830000,115,25,1,0,6,0,0.0,1.0
2025-06-14,Headphones,Hyderabad,57,3000,171000,155,40,1,0,3,0,0.0,1.0
2025-06-14,Headphones,Mumbai,65,3000,195000,79,40,1,0,3,0,0.0,1.0
2025-06-14,Headphones,Delhi,78,3000,234000,64,40,0,0,6,0,0.0,1.0
2025-06-14,Headphones,Bangalore,67,3000,201000,126,40,1,0,3,0,0.0,1.0
2025-06-14,Headphones,Chennai,63,3000,189000,42,40,0,0,7,0,0.0,1.0
2025-06-14,Headphones,Pune,68,3000,204000,74,40,1,0,5,0,0.0,1.0
2025-06-14,Headphones,Kolkata,62,3000,186000,109,40,1,0,6,0,0.0,1.0
2025-06-14,Headphones,Ahmedabad,76,3000,228000,81,40,1,0,5,0,0.0,1.0
2025-06-14,Smartwatch,Hyderabad,28,8000,224000,88,20,0,0,5,0,0.0,1.0
2025-06-14,Smartwatch,Mumbai,28,8000,224000,78,20,0,0,4,0,0.0,1.0
2025-06-14,Smartwatch,Delhi,52,8000,416000,109,20,1,0,2,0,0.0,1.0
2025-06-14,Smartwatch,Bangalore,49,8000,392000,32,20,0,0,2,0,0.0,1.0
2025-06-14,Smartwatch,Chennai,40,8000,320000,68,20,1,0,3,0,0.0,1.0
2025-06-14,Smartwatch,Pune,30,8000,240000,74,20,0,0,6,0,0.0,1.0
2025-06-14,Smartwatch,Kolkata,22,8000,176000,83,20,0,0,5,0,0.0,1.0
2025-06-14,Smartwatch,Ahmedabad,42,8000,336000,22,20,0,0,7,0,0.0,1.0
2025-06-14,Keyboard,Hyderabad,81,1500,121500,73,35,1,0,7,0,0.0,1.0
2025-06-14,Keyboard,Mumbai,72,1500,108000,102,35,1,0,3,0,0.0,1.0
2025-06-14,Keyboard,Delhi,70,1500,105000,96,35,1,0,7,0,0.0,1.0
2025-06-14,Keyboard,Bangalore,70,1500,105000,94,35,1,0,7,0,0.0,1.0
2025-06-14,Keyboard,Chennai,66,1500,99000,55,35,0,0,6,0,0.0,1.0
2025-06-14,Keyboard,Pune,76,1500,114000,106,35,1,0,4,0,0.0,1.0
2025-06-14,Keyboard,Kolkata,62,1500,93000,97,35,1,0,5,0,0.0,1.0
2025-06-14,Keyboard,Ahmedabad,63,1500,94500,141,35,1,0,7,0,0.0,1.0
2025-06-14,Monitor,Hyderabad,53,18000,954000,101,15,0,0,2,0,0.0,1.0
2025-06-14,Monitor,Mumbai,33,18000,594000,69,15,1,0,7,0,0.0,1.0
2025-06-14,Monitor,Delhi,49,18000,882000,62,15,0,0,4,0,0.0,1.0
2025-06-14,Monitor,Bangalore,33,18000,594000,72,15,1,0,2,0,0.0,1.0
2025-06-14,Monitor,Chennai,54,18000,972000,33,15,0,0,7,0,0.0,1.0
2025-06-14,Monitor,Pune,50,18000,900000,72,15,0,0,4,0,0.0,1.0
2025-06-14,Monitor,Kolkata,51,18000,918000,21,15,0,0,3,0,0.0,1.0
2025-06-14,Monitor,Ahmedabad,50,18000,900000,63,15,0,0,4,0,0.0,1.0
2025-06-14,Mouse,Hyderabad,86,800,68800,27,50,1,1,6,0,0.0,1.0
2025-06-14,Mouse,Mumbai,74,800,59200,59,50,1,0,6,0,0.0,1.0
2025-06-14,Mouse,Delhi,90,800,72000,80,50,1,0,4,0,0.0,1.0
2025-06-14,Mouse,Bangalore,81,800,64800,89,50,1,0,2,0,0.0,1.0
2025-06-14,Mouse,Chennai,94,800,75200,94,50,1,0,3,0,0.0,1.0
2025-06-14,Mouse,Pune,95,800,76000,108,50,1,0,7,0,0.0,1.0
2025-06-14,Mouse,Kolkata,103,800,82400,53,50,0,0,7,0,0.0,1.0
2025-06-14,Mouse,Ahmedabad,89,800,71200,135,50,1,0,4,0,0.0,1.0
2025-06-14,Printer,Hyderabad,27,12000,324000,74,10,0,0,6,0,0.0,1.0
2025-06-14,Printer,Mumbai,34,12000,408000,31,10,0,0,6,0,0.0,1.0
2025-06-14,Printer,Delhi,45,12000,540000,64,10,0,0,2,0,0.0,1.0
2025-06-14,Printer,Bangalore,32,12000,384000,31,10,0,0,3,0,0.0,1.0
2025-06-14,Printer,Chennai,16,12000,192000,100,10,1,0,7,0,0.0,1.0
2025-06-14,Printer,Pune,46,12000,552000,103,10,1,0,7,0,0.0,1.0
2025-06-14,Printer,Kolkata,31,12000,372000,149,10,1,0,3,0,0.0,1.0
2025-06-14,Printer,Ahmedabad,34,12000,408000,151,10,1,0,2,0,0.0,1.0
2025-06-14,Speaker,Hyderabad,54,4000,216000,28,25,0,0,2,0,0.0,1.0
2025-06-14,Speaker,Mumbai,63,4000,252000,116,25,1,0,7,0,0.0,1.0
2025-06-14,Speaker,Delhi,61,4000,244000,77,25,1,0,3,0,0.0,1.0
2025-06-14,Speaker,Bangalore,64,4000,256000,132,25,1,0,4,0,0.0,1.0
2025-06-14,Speaker,Chennai,58,4000,232000,43,25,0,0,2,0,0.0,1.0
2025-06-14,Speaker,Pune,72,4000,288000,95,25,1,0,7,0,0.0,1.0
2025-06-14,Speaker,Kolkata,50,4000,200000,42,25,0,0,7,0,0.0,1.0
2025-06-14,Speaker,Ahmedabad,52,4000,208000,100,25,1,0,3,0,0.0,1.0
2025-06-15,Laptop,Hyderabad,67,55000,3685000,54,20,0,0,4,1,7.6,1.0
2025-06-15,Laptop,Mumbai,58,55000,3190000,87,20,1,0,4,1,7.6,1.0
2025-06-15,Laptop,Delhi,80,55000,4400000,91,20,1,0,7,1,7.6,1.0
2025-06-15,Laptop,Bangalore,57,55000,3135000,36,20,0,0,4,1,7.6,1.0
2025-06-15,Laptop,Chennai,65,55000,3575000,37,20,1,0,7,1,7.6,1.0
2025-06-15,Laptop,Pune,72,55000,3960000,5,20,1,1,5,1,7.6,1.0
2025-06-15,Laptop,Kolkata,50,55000,2750000,21,20,0,0,4,1,7.6,1.0
2025-06-15,Laptop,Ahmedabad,69,55000,3795000,56,20,0,0,3,1,7.6,1.0
2025-06-15,Mobile,Hyderabad,78,20000,1560000,70,30,1,0,6,1,7.6,1.0
2025-06-15,Mobile,Mumbai,97,20000,1940000,99,30,1,0,6,1,7.6,1.0
2025-06-15,Mobile,Delhi,105,20000,2100000,17,30,1,1,6,1,7.6,1.0
2025-06-15,Mobile,Bangalore,92,20000,1840000,36,30,0,0,4,1,7.6,1.0
2025-06-15,Mobile,Chennai,103,20000,2060000,74,30,1,0,4,1,7.6,1.0
2025-06-15,Mobile,Pune,109,20000,2180000,62,30,1,0,2,1,7.6,1.0
2025-06-15,Mobile,Kolkata,87,20000,1740000,9,30,1,1,6,1,7.6,1.0
2025-06-15,Mobile,Ahmedabad,103,20000,2060000,22,30,1,1,4,1,7.6,1.0
2025-06-15,Tablet,Hyderabad,59,30000,1770000,75,25,0,0,4,1,7.6,1.0
2025-06-15,Tablet,Mumbai,57,30000,1710000,80,25,1,0,6,1,7.6,1.0
2025-06-15,Tablet,Delhi,58,30000,1740000,122,25,1,0,6,1,7.6,1.0
2025-06-15,Tablet,Bangalore,58,30000,1740000,37,25,1,0,2,1,7.6,1.0
2025-06-15,Tablet,Chennai,56,30000,1680000,28,25,1,0,7,1,7.6,1.0
2025-06-15,Tablet,Pune,58,30000,1740000,47,25,1,0,6,1,7.6,1.0
2025-06-15,Tablet,Kolkata,58,30000,1740000,39,25,0,0,6,1,7.6,1.0
2025-06-15,Tablet,Ahmedabad,47,30000,1410000,68,25,0,0,4,1,7.6,1.0
2025-06-15,Headphones,Hyderabad,81,3000,243000,74,40,0,0,4,1,7.6,1.0
2025-06-15,Headphones,Mumbai,69,3000,207000,80,40,1,0,2,1,7.6,1.0
2025-06-15,Headphones,Delhi,78,3000,234000,36,40,1,1,5,1,7.6,1.0
2025-06-15,Headphones,Bangalore,79,3000,237000,47,40,0,0,2,1,7.6,1.0
2025-06-15,Headphones,Chennai,81,3000,243000,98,40,1,0,3,1,7.6,1.0
2025-06-15,Headphones,Pune,71,3000,213000,66,40,1,0,7,1,7.6,1.0
2025-06-15,Headphones,Kolkata,72,3000,216000,171,40,1,0,7,1,7.6,1.0
2025-06-15,Headphones,Ahmedabad,77,3000,231000,102,40,1,0,6,1,7.6,1.0
2025-06-15,Smartwatch,Hyderabad,35,8000,280000,53,20,0,0,7,1,7.6,1.0
2025-06-15,Smartwatch,Mumbai,44,8000,352000,34,20,0,0,5,1,7.6,1.0
2025-06-15,Smartwatch,Delhi,47,8000,376000,62,20,0,0,7,1,7.6,1.0
2025-06-15,Smartwatch,Bangalore,49,8000,392000,45,20,1,0,3,1,7.6,1.0
2025-06-15,Smartwatch,Chennai,58,8000,464000,141,20,1,0,5,1,7.6,1.0
2025-06-15,Smartwatch,Pune,54,8000,432000,20,20,0,0,2,1,7.6,1.0
2025-06-15,Smartwatch,Kolkata,42,8000,336000,41,20,0,0,4,1,7.6,1.0
2025-06-15,Smartwatch,Ahmedabad,60,8000,480000,77,20,1,0,2,1,7.6,1.0
2025-06-15,Keyboard,Hyderabad,85,1500,127500,79,35,1,0,2,1,7.6,1.0
2025-06-15,Keyboard,Mumbai,73,1500,109500,111,35,1,0,2,1,7.6,1.0
2025-06-15,Keyboard,Delhi,97,1500,145500,133,35,1,0,3,1,7.6,1.0
2025-06-15,Keyboard,Bangalore,76,1500,114000,98,35,1,0,5,1,7.6,1.0
2025-06-15,Keyboard,Chennai,84,1500,126000,119,35,1,0,2,1,7.6,1.0
2025-06-15,Keyboard,Pune,98,1500,147000,101,35,1,0,6,1,7.6,1.0
2025-06-15,Keyboard,Kolkata,89,1500,133500,89,35,1,0,7,1,7.6,1.0
2025-06-15,Keyboard,Ahmedabad,84,1500,126000,57,35,0,0,5,1,7.6,1.0
2025-06-15,Monitor,Hyderabad,57,18000,1026000,44,15,0,0,7,1,7.6,1.0
2025-06-15,Monitor,Mumbai,59,18000,1062000,115,15,1,0,5,1,7.6,1.0
2025-06-15,Monitor,Delhi,60,18000,1080000,64,15,1,0,7,1,7.6,1.0
2025-06-15,Monitor,Bangalore,64,18000,1152000,120,15,1,0,3,1,7.6,1.0
2025-06-15,Monitor,Chennai,50,18000,900000,75,15,1,0,7,1,7.6,1.0
2025-06-15,Monitor,Pune,56,18000,1008000,16,15,0,0,6,1,7.6,1.0
2025-06-15,Monitor,Kolkata,53,18000,954000,91,15,1,0,2,1,7.6,1.0
2025-06-15,Monitor,Ahmedabad,56,18000,1008000,150,15,1,0,5,1,7.6,1.0
2025-06-15,Mouse,Hyderabad,107,800,85600,37,50,1,1,3,1,7.6,1.0
2025-06-15,Mouse,Mumbai,109,800,87200,6,50,1,1,6,1,7.6,1.0
2025-06-15,Mouse,Delhi,114,800,91200,34,50,1,1,2,1,7.6,1.0
2025-06-15,Mouse,Bangalore,104,800,83200,57,50,1,0,4,1,7.6,1.0
2025-06-15,Mouse,Chennai,113,800,90400,75,50,1,0,7,1,7.6,1.0
2025-06-15,Mouse,Pune,112,800,89600,118,50,1,0,2,1,7.6,1.0
2025-06-15,Mouse,Kolkata,102,800,81600,88,50,1,0,2,1,7.6,1.0
2025-06-15,Mouse,Ahmedabad,113,800,90400,122,50,1,0,3,1,7.6,1.0
2025-06-15,Printer,Hyderabad,36,12000,432000,38,10,0,0,6,1,7.6,1.0
2025-06-15,Printer,Mumbai,35,12000,420000,114,10,1,0,2,1,7.6,1.0
2025-06-15,Printer,Delhi,46,12000,552000,18,10,0,0,4,1,7.6,1.0
2025-06-15,Printer,Bangalore,39,12000,468000,82,10,1,0,4,1,7.6,1.0
2025-06-15,Printer,Chennai,30,12000,360000,70,10,0,0,3,1,7.6,1.0
2025-06-15,Printer,Pune,33,12000,396000,70,10,0,0,7,1,7.6,1.0
2025-06-15,Printer,Kolkata,33,12000,396000,116,10,0,0,3,1,7.6,1.0
2025-06-15,Printer,Ahmedabad,44,12000,528000,107,10,0,0,3,1,7.6,1.0
2025-06-15,Speaker,Hyderabad,74,4000,296000,54,25,1,0,7,1,7.6,1.0
2025-06-15,Speaker,Mumbai,69,4000,276000,47,25,0,0,7,1,7.6,1.0
2025-06-15,Speaker,Delhi,65,4000,260000,106,25,1,0,3,1,7.6,1.0
2025-06-15,Speaker,Bangalore,89,4000,356000,43,25,0,0,3,1,7.6,1.0
2025-06-15,Speaker,Chennai,68,4000,272000,79,25,1,0,5,1,7.6,1.0
2025-06-15,Speaker,Pune,79,4000,316000,116,25,1,0,5,1,7.6,1.0
2025-06-15,Speaker,Kolkata,65,4000,260000,36,25,1,0,4,1,7.6,1.0
2025-06-15,Speaker,Ahmedabad,70,4000,280000,30,25,0,0,5,1,7.6,1.0
2025-06-16,Laptop,Hyderabad,65,55000,3575000,71,20,1,0,5,0,0.0,1.0
2025-06-16,Laptop,Mumbai,68,55000,3740000,139,20,1,0,4,0,0.0,1.0
2025-06-16,Laptop,Delhi,55,55000,3025000,36,20,0,0,4,0,0.0,1.0
2025-06-16,Laptop,Bangalore,52,55000,2860000,55,20,1,0,2,0,0.0,1.0
2025-06-16,Laptop,Chennai,49,55000,2695000,119,20,1,0,4,0,0.0,1.0
2025-06-16,Laptop,Pune,52,55000,2860000,7,20,1,1,5,0,0.0,1.0
2025-06-16,Laptop,Kolkata,60,55000,3300000,27,20,1,0,3,0,0.0,1.0
2025-06-16,Laptop,Ahmedabad,40,55000,2200000,90,20,1,0,3,0,0.0,1.0
2025-06-16,Mobile,Hyderabad,76,20000,1520000,143,30,1,0,7,0,0.0,1.0
2025-06-16,Mobile,Mumbai,65,20000,1300000,34,30,0,0,3,0,0.0,1.0
2025-06-16,Mobile,Delhi,69,20000,1380000,26,30,1,1,5,0,0.0,1.0
2025-06-16,Mobile,Bangalore,75,20000,1500000,33,30,1,0,2,0,0.0,1.0
2025-06-16,Mobile,Chennai,69,20000,1380000,110,30,1,0,3,0,0.0,1.0
2025-06-16,Mobile,Pune,65,20000,1300000,54,30,1,0,4,0,0.0,1.0
2025-06-16,Mobile,Kolkata,73,20000,1460000,49,30,1,0,3,0,0.0,1.0
2025-06-16,Mobile,Ahmedabad,92,20000,1840000,37,30,1,0,6,0,0.0,1.0
2025-06-16,Tablet,Hyderabad,61,30000,1830000,155,25,1,0,2,0,0.0,1.0
2025-06-16,Tablet,Mumbai,54,30000,1620000,26,25,0,0,7,0,0.0,1.0
2025-06-16,Tablet,Delhi,64,30000,1920000,58,25,0,0,4,0,0.0,1.0
2025-06-16,Tablet,Bangalore,42,30000,1260000,90,25,1,0,3,0,0.0,1.0
2025-06-16,Tablet,Chennai,46,30000,1380000,56,25,1,0,7,0,0.0,1.0
2025-06-16,Tablet,Pune,35,30000,1050000,89,25,1,0,4,0,0.0,1.0
2025-06-16,Tablet,Kolkata,50,30000,1500000,67,25,1,0,3,0,0.0,1.0
2025-06-16,Tablet,Ahmedabad,39,30000,1170000,29,25,0,0,4,0,0.0,1.0
2025-06-16,Headphones,Hyderabad,68,3000,204000,113,40,1,0,2,0,0.0,1.0
2025-06-16,Headphones,Mumbai,57,3000,171000,93,40,1,0,6,0,0.0,1.0
2025-06-16,Headphones,Delhi,65,3000,195000,93,40,1,0,4,0,0.0,1.0
2025-06-16,Headphones,Bangalore,69,3000,207000,113,40,1,0,4,0,0.0,1.0
2025-06-16,Headphones,Chennai,68,3000,204000,121,40,1,0,4,0,0.0,1.0
2025-06-16,Headphones,Pune,64,3000,192000,77,40,1,0,4,0,0.0,1.0
2025-06-16,Headphones,Kolkata,53,3000,159000,118,40,0,0,3,0,0.0,1.0
2025-06-16,Headphones,Ahmedabad,54,3000,162000,48,40,0,0,3,0,0.0,1.0
2025-06-16,Smartwatch,Hyderabad,30,8000,240000,23,20,0,0,6,0,0.0,1.0
2025-06-16,Smartwatch,Mumbai,44,8000,352000,114,20,1,0,4,0,0.0,1.0
2025-06-16,Smartwatch,Delhi,33,8000,264000,29,20,0,0,2,0,0.0,1.0
2025-06-16,Smartwatch,Bangalore,37,8000,296000,96,20,1,0,6,0,0.0,1.0
2025-06-16,Smartwatch,Chennai,43,8000,344000,98,20,0,0,5,0,0.0,1.0
2025-06-16,Smartwatch,Pune,32,8000,256000,44,20,1,0,7,0,0.0,1.0
2025-06-16,Smartwatch,Kolkata,40,8000,320000,56,20,1,0,7,0,0.0,1.0
2025-06-16,Smartwatch,Ahmedabad,39,8000,312000,38,20,0,0,4,0,0.0,1.0
2025-06-16,Keyboard,Hyderabad,67,1500,100500,93,35,1,0,3,0,0.0,1.0
2025-06-16,Keyboard,Mumbai,83,1500,124500,163,35,1,0,5,0,0.0,1.0
2025-06-16,Keyboard,Delhi,84,1500,126000,49,35,0,0,6,0,0.0,1.0
2025-06-16,Keyboard,Bangalore,68,1500,102000,176,35,1,0,6,0,0.0,1.0
2025-06-16,Keyboard,Chennai,76,1500,114000,43,35,0,0,7,0,0.0,1.0
2025-06-16,Keyboard,Pune,66,1500,99000,35,35,0,0,7,0,0.0,1.0
2025-06-16,Keyboard,Kolkata,80,1500,120000,91,35,1,0,4,0,0.0,1.0
2025-06-16,Keyboard,Ahmedabad,83,1500,124500,91,35,1,0,3,0,0.0,1.0
2025-06-16,Monitor,Hyderabad,56,18000,1008000,51,15,1,0,5,0,0.0,1.0
2025-06-16,Monitor,Mumbai,40,18000,720000,75,15,0,0,7,0,0.0,1.0
2025-06-16,Monitor,Delhi,53,18000,954000,106,15,1,0,5,0,0.0,1.0
2025-06-16,Monitor,Bangalore,50,18000,900000,70,15,0,0,3,0,0.0,1.0
2025-06-16,Monitor,Chennai,50,18000,900000,25,15,0,0,3,0,0.0,1.0
2025-06-16,Monitor,Pune,43,18000,774000,28,15,1,0,6,0,0.0,1.0
2025-06-16,Monitor,Kolkata,28,18000,504000,63,15,0,0,4,0,0.0,1.0
2025-06-16,Monitor,Ahmedabad,33,18000,594000,117,15,0,0,6,0,0.0,1.0
2025-06-16,Mouse,Hyderabad,83,800,66400,101,50,1,0,4,0,0.0,1.0
2025-06-16,Mouse,Mumbai,84,800,67200,0,50,1,1,6,0,0.0,1.0
2025-06-16,Mouse,Delhi,79,800,63200,59,50,1,0,3,0,0.0,1.0
2025-06-16,Mouse,Bangalore,93,800,74400,60,50,1,0,5,0,0.0,1.0
2025-06-16,Mouse,Chennai,70,800,56000,71,50,1,0,5,0,0.0,1.0
2025-06-16,Mouse,Pune,98,800,78400,87,50,1,0,7,0,0.0,1.0
2025-06-16,Mouse,Kolkata,78,800,62400,102,50,1,0,6,0,0.0,1.0
2025-06-16,Mouse,Ahmedabad,96,800,76800,106,50,1,0,7,0,0.0,1.0
2025-06-16,Printer,Hyderabad,32,12000,384000,116,10,1,0,3,0,0.0,1.0
2025-06-16,Printer,Mumbai,38,12000,456000,76,10,0,0,6,0,0.0,1.0
2025-06-16,Printer,Delhi,30,12000,360000,73,10,1,0,5,0,0.0,1.0
2025-06-16,Printer,Bangalore,33,12000,396000,49,10,0,0,6,0,0.0,1.0
2025-06-16,Printer,Chennai,42,12000,504000,28,10,0,0,4,0,0.0,1.0
2025-06-16,Printer,Pune,15,12000,180000,55,10,0,0,6,0,0.0,1.0
2025-06-16,Printer,Kolkata,32,12000,384000,84,10,0,0,6,0,0.0,1.0
2025-06-16,Printer,Ahmedabad,33,12000,396000,74,10,0,0,2,0,0.0,1.0
2025-06-16,Speaker,Hyderabad,63,4000,252000,95,25,1,0,2,0,0.0,1.0
2025-06-16,Speaker,Mumbai,57,4000,228000,98,25,1,0,3,0,0.0,1.0
2025-06-16,Speaker,Delhi,58,4000,232000,48,25,0,0,6,0,0.0,1.0
2025-06-16,Speaker,Bangalore,41,4000,164000,94,25,1,0,5,0,0.0,1.0
2025-06-16,Speaker,Chennai,45,4000,180000,34,25,0,0,5,0,0.0,1.0
2025-06-16,Speaker,Pune,66,4000,264000,50,25,0,0,5,0,0.0,1.0
2025-06-16,Speaker,Kolkata,44,4000,176000,118,25,1,0,2,0,0.0,1.0
2025-06-16,Speaker,Ahmedabad,66,4000,264000,101,25,1,0,7,0,0.0,1.0
2025-06-17,Laptop,Hyderabad,54,55000,2970000,156,20,1,0,3,0,0.0,1.0
2025-06-17,Laptop,Mumbai,55,55000,3025000,84,20,0,0,2,0,0.0,1.0
2025-06-17,Laptop,Delhi,45,55000,2475000,55,20,1,0,2,0,0.0,1.0
2025-06-17,Laptop,Bangalore,68,55000,3740000,117,20,1,0,7,0,0.0,1.0
2025-06-17,Laptop,Chennai,39,55000,2145000,80,20,0,0,7,0,0.0,1.0
2025-06-17,Laptop,Pune,38,55000,2090000,65,20,1,0,2,0,0.0,1.0
2025-06-17,Laptop,Kolkata,47,55000,2585000,65,20,1,0,4,0,0.0,1.0
2025-06-17,Laptop,Ahmedabad,48,55000,2640000,42,20,0,0,4,0,0.0,1.0
2025-06-17,Mobile,Hyderabad,74,20000,1480000,69,30,0,0,3,0,0.0,1.0
2025-06-17,Mobile,Mumbai,72,20000,1440000,85,30,1,0,7,0,0.0,1.0
2025-06-17,Mobile,Delhi,87,20000,1740000,22,30,1,1,4,0,0.0,1.0
2025-06-17,Mobile,Bangalore,82,20000,1640000,57,30,1,0,7,0,0.0,1.0
2025-06-17,Mobile,Chennai,76,20000,1520000,34,30,0,0,4,0,0.0,1.0
2025-06-17,Mobile,Pune,80,20000,1600000,102,30,1,0,5,0,0.0,1.0
2025-06-17,Mobile,Kolkata,81,20000,1620000,84,30,1,0,5,0,0.0,1.0
2025-06-17,Mobile,Ahmedabad,81,20000,1620000,6,30,1,1,3,0,0.0,1.0
2025-06-17,Tablet,Hyderabad,48,30000,1440000,107,25,0,0,7,0,0.0,1.0
2025-06-17,Tablet,Mumbai,52,30000,1560000,83,25,1,0,5,0,0.0,1.0
2025-06-17,Tablet,Delhi,63,30000,1890000,140,25,1,0,7,0,0.0,1.0
2025-06-17,Tablet,Bangalore,45,30000,1350000,45,25,0,0,5,0,0.0,1.0
2025-06-17,Tablet,Chennai,55,30000,1650000,137,25,1,0,6,0,0.0,1.0
2025-06-17,Tablet,Pune,30,30000,900000,59,25,0,0,3,0,0.0,1.0
2025-06-17,Tablet,Kolkata,50,30000,1500000,120,25,1,0,6,0,0.0,1.0
2025-06-17,Tablet,Ahmedabad,44,30000,1320000,55,25,1,0,5,0,0.0,1.0
2025-06-17,Headphones,Hyderabad,60,3000,180000,53,40,0,0,2,0,0.0,1.0
2025-06-17,Headphones,Mumbai,60,3000,180000,90,40,1,0,7,0,0.0,1.0
2025-06-17,Headphones,Delhi,66,3000,198000,106,40,1,0,3,0,0.0,1.0
2025-06-17,Headphones,Bangalore,52,3000,156000,61,40,0,0,7,0,0.0,1.0
2025-06-17,Headphones,Chennai,57,3000,171000,64,40,0,0,5,0,0.0,1.0
2025-06-17,Headphones,Pune,63,3000,189000,105,40,1,0,5,0,0.0,1.0
2025-06-17,Headphones,Kolkata,66,3000,198000,52,40,0,0,7,0,0.0,1.0
2025-06-17,Headphones,Ahmedabad,52,3000,156000,140,40,1,0,2,0,0.0,1.0
2025-06-17,Smartwatch,Hyderabad,48,8000,384000,28,20,1,0,3,0,0.0,1.0
2025-06-17,Smartwatch,Mumbai,35,8000,280000,79,20,0,0,5,0,0.0,1.0
2025-06-17,Smartwatch,Delhi,34,8000,272000,107,20,1,0,4,0,0.0,1.0
2025-06-17,Smartwatch,Bangalore,24,8000,192000,72,20,0,0,4,0,0.0,1.0
2025-06-17,Smartwatch,Chennai,41,8000,328000,57,20,0,0,4,0,0.0,1.0
2025-06-17,Smartwatch,Pune,37,8000,296000,110,20,1,0,6,0,0.0,1.0
2025-06-17,Smartwatch,Kolkata,51,8000,408000,125,20,1,0,4,0,0.0,1.0
2025-06-17,Smartwatch,Ahmedabad,38,8000,304000,69,20,1,0,5,0,0.0,1.0
2025-06-17,Keyboard,Hyderabad,69,1500,103500,146,35,1,0,2,0,0.0,1.0
2025-06-17,Keyboard,Mumbai,84,1500,126000,79,35,0,0,4,0,0.0,1.0
2025-06-17,Keyboard,Delhi,85,1500,127500,95,35,1,0,7,0,0.0,1.0
2025-06-17,Keyboard,Bangalore,72,1500,108000,104,35,0,0,5,0,0.0,1.0
2025-06-17,Keyboard,Chennai,79,1500,118500,31,35,1,1,7,0,0.0,1.0
2025-06-17,Keyboard,Pune,74,1500,111000,66,35,1,0,3,0,0.0,1.0
2025-06-17,Keyboard,Kolkata,57,1500,85500,119,35,1,0,7,0,0.0,1.0
2025-06-17,Keyboard,Ahmedabad,85,1500,127500,117,35,1,0,3,0,0.0,1.0
2025-06-17,Monitor,Hyderabad,48,18000,864000,135,15,1,0,4,0,0.0,1.0
2025-06-17,Monitor,Mumbai,36,18000,648000,39,15,0,0,3,0,0.0,1.0
2025-06-17,Monitor,Delhi,51,18000,918000,55,15,0,0,3,0,0.0,1.0
2025-06-17,Monitor,Bangalore,54,18000,972000,16,15,0,0,7,0,0.0,1.0
2025-06-17,Monitor,Chennai,61,18000,1098000,41,15,1,0,2,0,0.0,1.0
2025-06-17,Monitor,Pune,31,18000,558000,102,15,1,0,7,0,0.0,1.0
2025-06-17,Monitor,Kolkata,44,18000,792000,19,15,0,0,2,0,0.0,1.0
2025-06-17,Monitor,Ahmedabad,51,18000,918000,66,15,0,0,7,0,0.0,1.0
2025-06-17,Mouse,Hyderabad,92,800,73600,100,50,1,0,4,0,0.0,1.0
2025-06-17,Mouse,Mumbai,81,800,64800,0,50,1,1,5,0,0.0,1.0
2025-06-17,Mouse,Delhi,86,800,68800,104,50,1,0,4,0,0.0,1.0
2025-06-17,Mouse,Bangalore,82,800,65600,41,50,1,1,2,0,0.0,1.0
2025-06-17,Mouse,Chennai,86,800,68800,106,50,1,0,2,0,0.0,1.0
2025-06-17,Mouse,Pune,86,800,68800,82,50,1,0,2,0,0.0,1.0
2025-06-17,Mouse,Kolkata,94,800,75200,75,50,1,0,5,0,0.0,1.0
2025-06-17,Mouse,Ahmedabad,82,800,65600,91,50,1,0,6,0,0.0,1.0
2025-06-17,Printer,Hyderabad,37,12000,444000,79,10,0,0,7,0,0.0,1.0
2025-06-17,Printer,Mumbai,29,12000,348000,47,10,0,0,4,0,0.0,1.0
2025-06-17,Printer,Delhi,26,12000,312000,47,10,0,0,5,0,0.0,1.0
2025-06-17,Printer,Bangalore,23,12000,276000,26,10,0,0,7,0,0.0,1.0
2025-06-17,Printer,Chennai,36,12000,432000,118,10,1,0,2,0,0.0,1.0
2025-06-17,Printer,Pune,26,12000,312000,29,10,0,0,5,0,0.0,1.0
2025-06-17,Printer,Kolkata,20,12000,240000,64,10,0,0,2,0,0.0,1.0
2025-06-17,Printer,Ahmedabad,37,12000,444000,37,10,0,0,3,0,0.0,1.0
2025-06-17,Speaker,Hyderabad,54,4000,216000,41,25,0,0,7,0,0.0,1.0
2025-06-17,Speaker,Mumbai,56,4000,224000,42,25,0,0,7,0,0.0,1.0
2025-06-17,Speaker,Delhi,72,4000,288000,43,25,1,0,2,0,0.0,1.0
2025-06-17,Speaker,Bangalore,62,4000,248000,32,25,0,0,6,0,0.0,1.0
2025-06-17,Speaker,Chennai,58,4000,232000,120,25,1,0,3,0,0.0,1.0
2025-06-17,Speaker,Pune,60,4000,240000,112,25,1,0,4,0,0.0,1.0
2025-06-17,Speaker,Kolkata,62,4000,248000,56,25,0,0,4,0,0.0,1.0
2025-06-17,Speaker,Ahmedabad,62,4000,248000,39,25,0,0,4,0,0.0,1.0
2025-06-18,Laptop,Hyderabad,32,55000,1760000,124,20,0,0,2,0,0.0,1.0
2025-06-18,Laptop,Mumbai,51,55000,2805000,33,20,0,0,7,0,0.0,1.0
2025-06-18,Laptop,Delhi,60,55000,3300000,65,20,1,0,3,0,0.0,1.0
2025-06-18,Laptop,Bangalore,37,55000,2035000,80,20,0,0,4,0,0.0,1.0
2025-06-18,Laptop,Chennai,60,55000,3300000,20,20,0,0,5,0,0.0,1.0
2025-06-18,Laptop,Pune,51,55000,2805000,117,20,1,0,5,0,0.0,1.0
2025-06-18,Laptop,Kolkata,51,55000,2805000,78,20,1,0,3,0,0.0,1.0
2025-06-18,Laptop,Ahmedabad,45,55000,2475000,95,20,1,0,6,0,0.0,1.0
2025-06-18,Mobile,Hyderabad,80,20000,1600000,101,30,1,0,7,0,0.0,1.0
2025-06-18,Mobile,Mumbai,77,20000,1540000,70,30,1,0,6,0,0.0,1.0
2025-06-18,Mobile,Delhi,84,20000,1680000,67,30,1,0,4,0,0.0,1.0
2025-06-18,Mobile,Bangalore,78,20000,1560000,90,30,1,0,5,0,0.0,1.0
2025-06-18,Mobile,Chennai,76,20000,1520000,107,30,1,0,3,0,0.0,1.0
2025-06-18,Mobile,Pune,78,20000,1560000,167,30,1,0,4,0,0.0,1.0
2025-06-18,Mobile,Kolkata,82,20000,1640000,87,30,1,0,7,0,0.0,1.0
2025-06-18,Mobile,Ahmedabad,70,20000,1400000,9,30,1,1,3,0,0.0,1.0
2025-06-18,Tablet,Hyderabad,45,30000,1350000,62,25,0,0,3,0,0.0,1.0
2025-06-18,Tablet,Mumbai,46,30000,1380000,37,25,0,0,4,0,0.0,1.0
2025-06-18,Tablet,Delhi,44,30000,1320000,96,25,0,0,5,0,0.0,1.0
2025-06-18,Tablet,Bangalore,50,30000,1500000,83,25,1,0,2,0,0.0,1.0
2025-06-18,Tablet,Chennai,42,30000,1260000,95,25,0,0,7,0,0.0,1.0
2025-06-18,Tablet,Pune,44,30000,1320000,65,25,1,0,4,0,0.0,1.0
2025-06-18,Tablet,Kolkata,43,30000,1290000,77,25,0,0,4,0,0.0,1.0
2025-06-18,Tablet,Ahmedabad,49,30000,1470000,145,25,1,0,5,0,0.0,1.0
2025-06-18,Headphones,Hyderabad,75,3000,225000,34,40,1,1,5,0,0.0,1.0
2025-06-18,Headphones,Mumbai,74,3000,222000,101,40,1,0,3,0,0.0,1.0
2025-06-18,Headphones,Delhi,70,3000,210000,133,40,1,0,3,0,0.0,1.0
2025-06-18,Headphones,Bangalore,65,3000,195000,81,40,1,0,6,0,0.0,1.0
2025-06-18,Headphones,Chennai,76,3000,228000,108,40,1,0,4,0,0.0,1.0
2025-06-18,Headphones,Pune,49,3000,147000,56,40,0,0,5,0,0.0,1.0
2025-06-18,Headphones,Kolkata,68,3000,204000,65,40,1,0,7,0,0.0,1.0
2025-06-18,Headphones,Ahmedabad,61,3000,183000,79,40,0,0,3,0,0.0,1.0
2025-06-18,Smartwatch,Hyderabad,37,8000,296000,106,20,1,0,2,0,0.0,1.0
2025-06-18,Smartwatch,Mumbai,52,8000,416000,27,20,0,0,2,0,0.0,1.0
2025-06-18,Smartwatch,Delhi,36,8000,288000,71,20,0,0,2,0,0.0,1.0
2025-06-18,Smartwatch,Bangalore,29,8000,232000,43,20,0,0,3,0,0.0,1.0
2025-06-18,Smartwatch,Chennai,48,8000,384000,149,20,1,0,4,0,0.0,1.0
2025-06-18,Smartwatch,Pune,35,8000,280000,75,20,0,0,2,0,0.0,1.0
2025-06-18,Smartwatch,Kolkata,33,8000,264000,92,20,0,0,4,0,0.0,1.0
2025-06-18,Smartwatch,Ahmedabad,36,8000,288000,33,20,0,0,5,0,0.0,1.0
2025-06-18,Keyboard,Hyderabad,68,1500,102000,78,35,0,0,6,0,0.0,1.0
2025-06-18,Keyboard,Mumbai,83,1500,124500,135,35,1,0,7,0,0.0,1.0
2025-06-18,Keyboard,Delhi,75,1500,112500,124,35,1,0,2,0,0.0,1.0
2025-06-18,Keyboard,Bangalore,77,1500,115500,134,35,1,0,3,0,0.0,1.0
2025-06-18,Keyboard,Chennai,70,1500,105000,31,35,1,1,3,0,0.0,1.0
2025-06-18,Keyboard,Pune,70,1500,105000,131,35,1,0,6,0,0.0,1.0
2025-06-18,Keyboard,Kolkata,74,1500,111000,45,35,0,0,7,0,0.0,1.0
2025-06-18,Keyboard,Ahmedabad,81,1500,121500,36,35,0,0,3,0,0.0,1.0
2025-06-18,Monitor,Hyderabad,44,18000,792000,91,15,0,0,3,0,0.0,1.0
2025-06-18,Monitor,Mumbai,40,18000,720000,63,15,1,0,2,0,0.0,1.0
2025-06-18,Monitor,Delhi,44,18000,792000,73,15,1,0,4,0,0.0,1.0
2025-06-18,Monitor,Bangalore,49,18000,882000,36,15,1,0,2,0,0.0,1.0
2025-06-18,Monitor,Chennai,59,18000,1062000,33,15,1,0,6,0,0.0,1.0
2025-06-18,Monitor,Pune,28,18000,504000,74,15,0,0,6,0,0.0,1.0
2025-06-18,Monitor,Kolkata,43,18000,774000,92,15,1,0,4,0,0.0,1.0
2025-06-18,Monitor,Ahmedabad,28,18000,504000,38,15,0,0,4,0,0.0,1.0
2025-06-18,Mouse,Hyderabad,89,800,71200,82,50,1,0,5,0,0.0,1.0
2025-06-18,Mouse,Mumbai,83,800,66400,44,50,1,1,3,0,0.0,1.0
2025-06-18,Mouse,Delhi,78,800,62400,109,50,1,0,3,0,0.0,1.0
2025-06-18,Mouse,Bangalore,91,800,72800,17,50,1,1,6,0,0.0,1.0
2025-06-18,Mouse,Chennai,84,800,67200,139,50,1,0,6,0,0.0,1.0
2025-06-18,Mouse,Pune,89,800,71200,127,50,1,0,2,0,0.0,1.0
2025-06-18,Mouse,Kolkata,89,800,71200,45,50,1,1,6,0,0.0,1.0
2025-06-18,Mouse,Ahmedabad,107,800,85600,89,50,1,0,7,0,0.0,1.0
2025-06-18,Printer,Hyderabad,21,12000,252000,58,10,0,0,6,0,0.0,1.0
2025-06-18,Printer,Mumbai,25,12000,300000,22,10,0,0,3,0,0.0,1.0
2025-06-18,Printer,Delhi,35,12000,420000,12,10,0,0,4,0,0.0,1.0
2025-06-18,Printer,Bangalore,40,12000,480000,66,10,1,0,5,0,0.0,1.0
2025-06-18,Printer,Chennai,34,12000,408000,84,10,0,0,2,0,0.0,1.0
2025-06-18,Printer,Pune,19,12000,228000,10,10,0,0,2,0,0.0,1.0
2025-06-18,Printer,Kolkata,41,12000,492000,23,10,0,0,7,0,0.0,1.0
2025-06-18,Printer,Ahmedabad,31,12000,372000,123,10,1,0,5,0,0.0,1.0
2025-06-18,Speaker,Hyderabad,70,4000,280000,81,25,1,0,5,0,0.0,1.0
2025-06-18,Speaker,Mumbai,50,4000,200000,88,25,1,0,6,0,0.0,1.0
2025-06-18,Speaker,Delhi,51,4000,204000,125,25,1,0,2,0,0.0,1.0
2025-06-18,Speaker,Bangalore,53,4000,212000,99,25,1,0,2,0,0.0,1.0
2025-06-18,Speaker,Chennai,63,4000,252000,57,25,0,0,4,0,0.0,1.0
2025-06-18,Speaker,Pune,55,4000,220000,57,25,0,0,4,0,0.0,1.0
2025-06-18,Speaker,Kolkata,47,4000,188000,146,25,1,0,4,0,0.0,1.0
2025-06-18,Speaker,Ahmedabad,61,4000,244000,101,25,1,0,6,0,0.0,1.0
2025-06-19,Laptop,Hyderabad,50,55000,2750000,74,20,0,0,4,0,0.0,1.0
2025-06-19,Laptop,Mumbai,60,55000,3300000,80,20,1,0,4,0,0.0,1.0
2025-06-19,Laptop,Delhi,58,55000,3190000,113,20,1,0,6,0,0.0,1.0
2025-06-19,Laptop,Bangalore,53,55000,2915000,27,20,0,0,5,0,0.0,1.0
2025-06-19,Laptop,Chennai,52,55000,2860000,97,20,1,0,7,0,0.0,1.0
2025-06-19,Laptop,Pune,53,55000,2915000,64,20,0,0,4,0,0.0,1.0
2025-06-19,Laptop,Kolkata,59,55000,3245000,75,20,1,0,3,0,0.0,1.0
2025-06-19,Laptop,Ahmedabad,57,55000,3135000,38,20,0,0,4,0,0.0,1.0
2025-06-19,Mobile,Hyderabad,70,20000,1400000,31,30,0,0,2,0,0.0,1.0
2025-06-19,Mobile,Mumbai,81,20000,1620000,130,30,1,0,4,0,0.0,1.0
2025-06-19,Mobile,Delhi,89,20000,1780000,105,30,1,0,7,0,0.0,1.0
2025-06-19,Mobile,Bangalore,85,20000,1700000,77,30,1,0,7,0,0.0,1.0
2025-06-19,Mobile,Chennai,84,20000,1680000,142,30,1,0,4,0,0.0,1.0
2025-06-19,Mobile,Pune,71,20000,1420000,96,30,0,0,2,0,0.0,1.0
2025-06-19,Mobile,Kolkata,79,20000,1580000,122,30,1,0,7,0,0.0,1.0
2025-06-19,Mobile,Ahmedabad,85,20000,1700000,1,30,1,1,6,0,0.0,1.0
2025-06-19,Tablet,Hyderabad,46,30000,1380000,131,25,1,0,7,0,0.0,1.0
2025-06-19,Tablet,Mumbai,46,30000,1380000,57,25,1,0,7,0,0.0,1.0
2025-06-19,Tablet,Delhi,60,30000,1800000,36,25,0,0,6,0,0.0,1.0
2025-06-19,Tablet,Bangalore,52,30000,1560000,31,25,0,0,2,0,0.0,1.0
2025-06-19,Tablet,Chennai,49,30000,1470000,46,25,0,0,6,0,0.0,1.0
2025-06-19,Tablet,Pune,47,30000,1410000,132,25,1,0,7,0,0.0,1.0
2025-06-19,Tablet,Kolkata,45,30000,1350000,32,25,0,0,6,0,0.0,1.0
2025-06-19,Tablet,Ahmedabad,50,30000,1500000,95,25,0,0,6,0,0.0,1.0
2025-06-19,Headphones,Hyderabad,68,3000,204000,83,40,1,0,5,0,0.0,1.0
2025-06-19,Headphones,Mumbai,58,3000,174000,43,40,0,0,7,0,0.0,1.0
2025-06-19,Headphones,Delhi,56,3000,168000,77,40,0,0,6,0,0.0,1.0
2025-06-19,Headphones,Bangalore,65,3000,195000,76,40,1,0,6,0,0.0,1.0
2025-06-19,Headphones,Chennai,60,3000,180000,48,40,0,0,5,0,0.0,1.0
2025-06-19,Headphones,Pune,60,3000,180000,144,40,1,0,2,0,0.0,1.0
2025-06-19,Headphones,Kolkata,59,3000,177000,85,40,1,0,2,0,0.0,1.0
2025-06-19,Headphones,Ahmedabad,69,3000,207000,112,40,1,0,2,0,0.0,1.0
2025-06-19,Smartwatch,Hyderabad,45,8000,360000,61,20,0,0,7,0,0.0,1.0
2025-06-19,Smartwatch,Mumbai,34,8000,272000,92,20,1,0,7,0,0.0,1.0
2025-06-19,Smartwatch,Delhi,45,8000,360000,26,20,0,0,6,0,0.0,1.0
2025-06-19,Smartwatch,Bangalore,46,8000,368000,113,20,1,0,6,0,0.0,1.0
2025-06-19,Smartwatch,Chennai,40,8000,320000,109,20,0,0,5,0,0.0,1.0
2025-06-19,Smartwatch,Pune,48,8000,384000,27,20,0,0,6,0,0.0,1.0
2025-06-19,Smartwatch,Kolkata,40,8000,320000,52,20,0,0,7,0,0.0,1.0
2025-06-19,Smartwatch,Ahmedabad,41,8000,328000,112,20,1,0,3,0,0.0,1.0
2025-06-19,Keyboard,Hyderabad,63,1500,94500,136,35,1,0,3,0,0.0,1.0
2025-06-19,Keyboard,Mumbai,82,1500,123000,53,35,0,0,3,0,0.0,1.0
2025-06-19,Keyboard,Delhi,69,1500,103500,55,35,0,0,5,0,0.0,1.0
2025-06-19,Keyboard,Bangalore,74,1500,111000,60,35,0,0,7,0,0.0,1.0
2025-06-19,Keyboard,Chennai,64,1500,96000,109,35,1,0,4,0,0.0,1.0
2025-06-19,Keyboard,Pune,61,1500,91500,70,35,0,0,4,0,0.0,1.0
2025-06-19,Keyboard,Kolkata,72,1500,108000,108,35,1,0,2,0,0.0,1.0
2025-06-19,Keyboard,Ahmedabad,67,1500,100500,27,35,1,1,7,0,0.0,1.0
2025-06-19,Monitor,Hyderabad,43,18000,774000,48,15,0,0,4,0,0.0,1.0
2025-06-19,Monitor,Mumbai,57,18000,1026000,149,15,1,0,7,0,0.0,1.0
2025-06-19,Monitor,Delhi,46,18000,828000,27,15,0,0,6,0,0.0,1.0
2025-06-19,Monitor,Bangalore,53,18000,954000,85,15,1,0,3,0,0.0,1.0
2025-06-19,Monitor,Chennai,53,18000,954000,127,15,1,0,7,0,0.0,1.0
2025-06-19,Monitor,Pune,38,18000,684000,36,15,0,0,3,0,0.0,1.0
2025-06-19,Monitor,Kolkata,46,18000,828000,46,15,0,0,2,0,0.0,1.0
2025-06-19,Monitor,Ahmedabad,35,18000,630000,140,15,1,0,6,0,0.0,1.0
2025-06-19,Mouse,Hyderabad,86,800,68800,62,50,1,0,4,0,0.0,1.0
2025-06-19,Mouse,Mumbai,79,800,63200,88,50,1,0,3,0,0.0,1.0
2025-06-19,Mouse,Delhi,88,800,70400,130,50,1,0,7,0,0.0,1.0
2025-06-19,Mouse,Bangalore,81,800,64800,80,50,1,0,4,0,0.0,1.0
2025-06-19,Mouse,Chennai,80,800,64000,59,50,0,0,4,0,0.0,1.0
2025-06-19,Mouse,Pune,85,800,68000,133,50,1,0,6,0,0.0,1.0
2025-06-19,Mouse,Kolkata,86,800,68800,47,50,1,1,3,0,0.0,1.0
2025-06-19,Mouse,Ahmedabad,92,800,73600,56,50,1,0,5,0,0.0,1.0
2025-06-19,Printer,Hyderabad,26,12000,312000,32,10,0,0,6,0,0.0,1.0
2025-06-19,Printer,Mumbai,20,12000,240000,129,10,1,0,3,0,0.0,1.0
2025-06-19,Printer,Delhi,37,12000,444000,52,10,1,0,3,0,0.0,1.0
2025-06-19,Printer,Bangalore,25,12000,300000,41,10,0,0,7,0,0.0,1.0
2025-06-19,Printer,Chennai,22,12000,264000,62,10,0,0,4,0,0.0,1.0
2025-06-19,Printer,Pune,40,12000,480000,90,10,1,0,2,0,0.0,1.0
2025-06-19,Printer,Kolkata,31,12000,372000,89,10,1,0,2,0,0.0,1.0
2025-06-19,Printer,Ahmedabad,24,12000,288000,99,10,0,0,5,0,0.0,1.0
2025-06-19,Speaker,Hyderabad,47,4000,188000,34,25,0,0,7,0,0.0,1.0
2025-06-19,Speaker,Mumbai,51,4000,204000,37,25,0,0,5,0,0.0,1.0
2025-06-19,Speaker,Delhi,61,4000,244000,64,25,0,0,4,0,0.0,1.0
2025-06-19,Speaker,Bangalore,49,4000,196000,50,25,0,0,7,0,0.0,1.0
2025-06-19,Speaker,Chennai,56,4000,224000,130,25,1,0,7,0,0.0,1.0
2025-06-19,Speaker,Pune,63,4000,252000,47,25,1,0,3,0,0.0,1.0
2025-06-19,Speaker,Kolkata,54,4000,216000,92,25,0,0,7,0,0.0,1.0
2025-06-19,Speaker,Ahmedabad,63,4000,252000,38,25,0,0,6,0,0.0,1.0
2025-06-20,Laptop,Hyderabad,54,55000,2970000,20,20,0,0,3,0,0.0,1.0
2025-06-20,Laptop,Mumbai,52,55000,2860000,28,20,0,0,6,0,0.0,1.0
2025-06-20,Laptop,Delhi,62,55000,3410000,51,20,0,0,6,0,0.0,1.0
2025-06-20,Laptop,Bangalore,47,55000,2585000,67,20,1,0,4,0,0.0,1.0
2025-06-20,Laptop,Chennai,49,55000,2695000,48,20,0,0,4,0,0.0,1.0
2025-06-20,Laptop,Pune,54,55000,2970000,145,20,1,0,7,0,0.0,1.0
2025-06-20,Laptop,Kolkata,68,55000,3740000,88,20,1,0,5,0,0.0,1.0
2025-06-20,Laptop,Ahmedabad,68,55000,3740000,71,20,1,0,4,0,0.0,1.0
2025-06-20,Mobile,Hyderabad,77,20000,1540000,52,30,1,0,5,0,0.0,1.0
2025-06-20,Mobile,Mumbai,79,20000,1580000,51,30,0,0,7,0,0.0,1.0
2025-06-20,Mobile,Delhi,75,20000,1500000,30,30,0,0,4,0,0.0,1.0
2025-06-20,Mobile,Bangalore,75,20000,1500000,131,30,1,0,3,0,0.0,1.0
2025-06-20,Mobile,Chennai,94,20000,1880000,48,30,0,0,2,0,0.0,1.0
2025-06-20,Mobile,Pune,75,20000,1500000,148,30,1,0,7,0,0.0,1.0
2025-06-20,Mobile,Kolkata,90,20000,1800000,32,30,0,0,7,0,0.0,1.0
2025-06-20,Mobile,Ahmedabad,79,20000,1580000,54,30,1,0,4,0,0.0,1.0
2025-06-20,Tablet,Hyderabad,48,30000,1440000,83,25,0,0,5,0,0.0,1.0
2025-06-20,Tablet,Mumbai,36,30000,1080000,148,25,1,0,2,0,0.0,1.0
2025-06-20,Tablet,Delhi,47,30000,1410000,79,25,1,0,3,0,0.0,1.0
2025-06-20,Tablet,Bangalore,53,30000,1590000,81,25,1,0,2,0,0.0,1.0
2025-06-20,Tablet,Chennai,34,30000,1020000,119,25,1,0,6,0,0.0,1.0
2025-06-20,Tablet,Pune,52,30000,1560000,80,25,0,0,2,0,0.0,1.0
2025-06-20,Tablet,Kolkata,46,30000,1380000,124,25,1,0,4,0,0.0,1.0
2025-06-20,Tablet,Ahmedabad,47,30000,1410000,48,25,0,0,6,0,0.0,1.0
2025-06-20,Headphones,Hyderabad,60,3000,180000,86,40,1,0,4,0,0.0,1.0
2025-06-20,Headphones,Mumbai,61,3000,183000,45,40,1,0,7,0,0.0,1.0
2025-06-20,Headphones,Delhi,49,3000,147000,141,40,1,0,3,0,0.0,1.0
2025-06-20,Headphones,Bangalore,63,3000,189000,126,40,1,0,7,0,0.0,1.0
2025-06-20,Headphones,Chennai,73,3000,219000,56,40,1,0,4,0,0.0,1.0
2025-06-20,Headphones,Pune,54,3000,162000,90,40,0,0,2,0,0.0,1.0
2025-06-20,Headphones,Kolkata,67,3000,201000,157,40,1,0,7,0,0.0,1.0
2025-06-20,Headphones,Ahmedabad,68,3000,204000,44,40,0,0,6,0,0.0,1.0
2025-06-20,Smartwatch,Hyderabad,37,8000,296000,24,20,0,0,6,0,0.0,1.0
2025-06-20,Smartwatch,Mumbai,39,8000,312000,53,20,0,0,7,0,0.0,1.0
2025-06-20,Smartwatch,Delhi,49,8000,392000,57,20,1,0,7,0,0.0,1.0
2025-06-20,Smartwatch,Bangalore,39,8000,312000,74,20,0,0,6,0,0.0,1.0
2025-06-20,Smartwatch,Chennai,39,8000,312000,70,20,0,0,2,0,0.0,1.0
2025-06-20,Smartwatch,Pune,36,8000,288000,43,20,1,0,2,0,0.0,1.0
2025-06-20,Smartwatch,Kolkata,60,8000,480000,100,20,1,0,7,0,0.0,1.0
2025-06-20,Smartwatch,Ahmedabad,53,8000,424000,59,20,0,0,5,0,0.0,1.0
2025-06-20,Keyboard,Hyderabad,73,1500,109500,63,35,0,0,5,0,0.0,1.0
2025-06-20,Keyboard,Mumbai,73,1500,109500,109,35,1,0,6,0,0.0,1.0
2025-06-20,Keyboard,Delhi,81,1500,121500,76,35,1,0,3,0,0.0,1.0
2025-06-20,Keyboard,Bangalore,77,1500,115500,61,35,1,0,3,0,0.0,1.0
2025-06-20,Keyboard,Chennai,68,1500,102000,41,35,0,0,7,0,0.0,1.0
2025-06-20,Keyboard,Pune,63,1500,94500,81,35,1,0,2,0,0.0,1.0
2025-06-20,Keyboard,Kolkata,71,1500,106500,37,35,0,0,5,0,0.0,1.0
2025-06-20,Keyboard,Ahmedabad,75,1500,112500,39,35,1,0,3,0,0.0,1.0
2025-06-20,Monitor,Hyderabad,39,18000,702000,84,15,1,0,5,0,0.0,1.0
2025-06-20,Monitor,Mumbai,43,18000,774000,106,15,0,0,2,0,0.0,1.0
2025-06-20,Monitor,Delhi,51,18000,918000,106,15,1,0,3,0,0.0,1.0
2025-06-20,Monitor,Bangalore,42,18000,756000,43,15,0,0,6,0,0.0,1.0
2025-06-20,Monitor,Chennai,51,18000,918000,76,15,0,0,4,0,0.0,1.0
2025-06-20,Monitor,Pune,40,18000,720000,82,15,1,0,3,0,0.0,1.0
2025-06-20,Monitor,Kolkata,37,18000,666000,99,15,1,0,5,0,0.0,1.0
2025-06-20,Monitor,Ahmedabad,55,18000,990000,85,15,0,0,7,0,0.0,1.0
2025-06-20,Mouse,Hyderabad,99,800,79200,101,50,1,0,4,0,0.0,1.0
2025-06-20,Mouse,Mumbai,83,800,66400,113,50,1,0,4,0,0.0,1.0
2025-06-20,Mouse,Delhi,92,800,73600,119,50,1,0,3,0,0.0,1.0
2025-06-20,Mouse,Bangalore,93,800,74400,47,50,1,1,5,0,0.0,1.0
2025-06-20,Mouse,Chennai,76,800,60800,104,50,1,0,4,0,0.0,1.0
2025-06-20,Mouse,Pune,78,800,62400,55,50,0,0,7,0,0.0,1.0
2025-06-20,Mouse,Kolkata,90,800,72000,8,50,1,1,3,0,0.0,1.0
2025-06-20,Mouse,Ahmedabad,103,800,82400,59,50,1,0,5,0,0.0,1.0
2025-06-20,Printer,Hyderabad,25,12000,300000,134,10,1,0,2,0,0.0,1.0
2025-06-20,Printer,Mumbai,28,12000,336000,101,10,0,0,6,0,0.0,1.0
2025-06-20,Printer,Delhi,31,12000,372000,21,10,0,0,6,0,0.0,1.0
2025-06-20,Printer,Bangalore,15,12000,180000,26,10,0,0,2,0,0.0,1.0
2025-06-20,Printer,Chennai,35,12000,420000,27,10,0,0,5,0,0.0,1.0
2025-06-20,Printer,Pune,27,12000,324000,63,10,0,0,4,0,0.0,1.0
2025-06-20,Printer,Kolkata,36,12000,432000,53,10,0,0,4,0,0.0,1.0
2025-06-20,Printer,Ahmedabad,42,12000,504000,57,10,0,0,6,0,0.0,1.0
2025-06-20,Speaker,Hyderabad,70,4000,280000,38,25,1,0,5,0,0.0,1.0
2025-06-20,Speaker,Mumbai,63,4000,252000,115,25,1,0,7,0,0.0,1.0
2025-06-20,Speaker,Delhi,67,4000,268000,54,25,1,0,2,0,0.0,1.0
2025-06-20,Speaker,Bangalore,74,4000,296000,123,25,1,0,7,0,0.0,1.0
2025-06-20,Speaker,Chennai,53,4000,212000,77,25,0,0,7,0,0.0,1.0
2025-06-20,Speaker,Pune,67,4000,268000,32,25,1,0,4,0,0.0,1.0
2025-06-20,Speaker,Kolkata,58,4000,232000,34,25,0,0,2,0,0.0,1.0
2025-06-20,Speaker,Ahmedabad,58,4000,232000,33,25,1,0,2,0,0.0,1.0
2025-06-21,Laptop,Hyderabad,59,55000,3245000,68,20,1,0,3,0,0.0,1.0
2025-06-21,Laptop,Mumbai,69,55000,3795000,65,20,1,0,6,0,0.0,1.0
2025-06-21,Laptop,Delhi,55,55000,3025000,128,20,1,0,2,0,0.0,1.0
2025-06-21,Laptop,Bangalore,64,55000,3520000,83,20,1,0,7,0,0.0,1.0
2025-06-21,Laptop,Chennai,47,55000,2585000,81,20,1,0,5,0,0.0,1.0
2025-06-21,Laptop,Pune,57,55000,3135000,88,20,0,0,3,0,0.0,1.0
2025-06-21,Laptop,Kolkata,58,55000,3190000,30,20,0,0,2,0,0.0,1.0
2025-06-21,Laptop,Ahmedabad,53,55000,2915000,155,20,1,0,7,0,0.0,1.0
2025-06-21,Mobile,Hyderabad,86,20000,1720000,57,30,1,0,2,0,0.0,1.0
2025-06-21,Mobile,Mumbai,90,20000,1800000,51,30,1,0,7,0,0.0,1.0
2025-06-21,Mobile,Delhi,69,20000,1380000,31,30,1,0,3,0,0.0,1.0
2025-06-21,Mobile,Bangalore,92,20000,1840000,39,30,0,0,7,0,0.0,1.0
2025-06-21,Mobile,Chennai,75,20000,1500000,73,30,1,0,6,0,0.0,1.0
2025-06-21,Mobile,Pune,97,20000,1940000,51,30,0,0,2,0,0.0,1.0
2025-06-21,Mobile,Kolkata,77,20000,1540000,15,30,1,1,4,0,0.0,1.0
2025-06-21,Mobile,Ahmedabad,74,20000,1480000,87,30,1,0,6,0,0.0,1.0
2025-06-21,Tablet,Hyderabad,44,30000,1320000,39,25,0,0,6,0,0.0,1.0
2025-06-21,Tablet,Mumbai,41,30000,1230000,107,25,0,0,2,0,0.0,1.0
2025-06-21,Tablet,Delhi,46,30000,1380000,33,25,0,0,4,0,0.0,1.0
2025-06-21,Tablet,Bangalore,49,30000,1470000,32,25,0,0,4,0,0.0,1.0
2025-06-21,Tablet,Chennai,51,30000,1530000,68,25,0,0,4,0,0.0,1.0
2025-06-21,Tablet,Pune,40,30000,1200000,40,25,0,0,6,0,0.0,1.0
2025-06-21,Tablet,Kolkata,42,30000,1260000,82,25,0,0,6,0,0.0,1.0
2025-06-21,Tablet,Ahmedabad,42,30000,1260000,87,25,1,0,4,0,0.0,1.0
2025-06-21,Headphones,Hyderabad,56,3000,168000,169,40,1,0,2,0,0.0,1.0
2025-06-21,Headphones,Mumbai,51,3000,153000,57,40,1,0,7,0,0.0,1.0
2025-06-21,Headphones,Delhi,71,3000,213000,70,40,0,0,4,0,0.0,1.0
2025-06-21,Headphones,Bangalore,50,3000,150000,76,40,0,0,7,0,0.0,1.0
2025-06-21,Headphones,Chennai,67,3000,201000,121,40,1,0,6,0,0.0,1.0
2025-06-21,Headphones,Pune,61,3000,183000,141,40,1,0,5,0,0.0,1.0
2025-06-21,Headphones,Kolkata,69,3000,207000,88,40,0,0,7,0,0.0,1.0
2025-06-21,Headphones,Ahmedabad,38,3000,114000,142,40,1,0,6,0,0.0,1.0
2025-06-21,Smartwatch,Hyderabad,34,8000,272000,135,20,1,0,4,0,0.0,1.0
2025-06-21,Smartwatch,Mumbai,31,8000,248000,22,20,0,0,5,0,0.0,1.0
2025-06-21,Smartwatch,Delhi,46,8000,368000,100,20,1,0,7,0,0.0,1.0
2025-06-21,Smartwatch,Bangalore,45,8000,360000,29,20,0,0,4,0,0.0,1.0
2025-06-21,Smartwatch,Chennai,33,8000,264000,37,20,0,0,2,0,0.0,1.0
2025-06-21,Smartwatch,Pune,40,8000,320000,94,20,1,0,3,0,0.0,1.0
2025-06-21,Smartwatch,Kolkata,32,8000,256000,68,20,0,0,2,0,0.0,1.0
2025-06-21,Smartwatch,Ahmedabad,41,8000,328000,96,20,1,0,2,0,0.0,1.0
2025-06-21,Keyboard,Hyderabad,69,1500,103500,65,35,1,0,6,0,0.0,1.0
2025-06-21,Keyboard,Mumbai,76,1500,114000,143,35,1,0,6,0,0.0,1.0
2025-06-21,Keyboard,Delhi,62,1500,93000,68,35,1,0,3,0,0.0,1.0
2025-06-21,Keyboard,Bangalore,59,1500,88500,89,35,1,0,2,0,0.0,1.0
2025-06-21,Keyboard,Chennai,60,1500,90000,34,35,1,1,5,0,0.0,1.0
2025-06-21,Keyboard,Pune,79,1500,118500,66,35,1,0,4,0,0.0,1.0
2025-06-21,Keyboard,Kolkata,69,1500,103500,47,35,1,0,2,0,0.0,1.0
2025-06-21,Keyboard,Ahmedabad,83,1500,124500,85,35,1,0,3,0,0.0,1.0
2025-06-21,Monitor,Hyderabad,64,18000,1152000,20,15,0,0,7,0,0.0,1.0
2025-06-21,Monitor,Mumbai,41,18000,738000,65,15,0,0,7,0,0.0,1.0
2025-06-21,Monitor,Delhi,41,18000,738000,65,15,0,0,3,0,0.0,1.0
2025-06-21,Monitor,Bangalore,57,18000,1026000,86,15,1,0,2,0,0.0,1.0
2025-06-21,Monitor,Chennai,52,18000,936000,24,15,0,0,6,0,0.0,1.0
2025-06-21,Monitor,Pune,47,18000,846000,35,15,0,0,7,0,0.0,1.0
2025-06-21,Monitor,Kolkata,54,18000,972000,45,15,0,0,4,0,0.0,1.0
2025-06-21,Monitor,Ahmedabad,33,18000,594000,52,15,0,0,4,0,0.0,1.0
2025-06-21,Mouse,Hyderabad,90,800,72000,127,50,1,0,5,0,0.0,1.0
2025-06-21,Mouse,Mumbai,87,800,69600,91,50,1,0,3,0,0.0,1.0
2025-06-21,Mouse,Delhi,106,800,84800,65,50,1,0,6,0,0.0,1.0
2025-06-21,Mouse,Bangalore,71,800,56800,104,50,1,0,4,0,0.0,1.0
2025-06-21,Mouse,Chennai,94,800,75200,153,50,1,0,7,0,0.0,1.0
2025-06-21,Mouse,Pune,92,800,73600,77,50,1,0,4,0,0.0,1.0
2025-06-21,Mouse,Kolkata,80,800,64000,64,50,1,0,3,0,0.0,1.0
2025-06-21,Mouse,Ahmedabad,92,800,73600,94,50,1,0,4,0,0.0,1.0
2025-06-21,Printer,Hyderabad,25,12000,300000,109,10,0,0,5,0,0.0,1.0
2025-06-21,Printer,Mumbai,33,12000,396000,68,10,0,0,4,0,0.0,1.0
2025-06-21,Printer,Delhi,32,12000,384000,116,10,1,0,5,0,0.0,1.0
2025-06-21,Printer,Bangalore,32,12000,384000,110,10,1,0,6,0,0.0,1.0
2025-06-21,Printer,Chennai,54,12000,648000,95,10,1,0,4,0,0.0,1.0
2025-06-21,Printer,Pune,33,12000,396000,30,10,0,0,5,0,0.0,1.0
2025-06-21,Printer,Kolkata,20,12000,240000,33,10,0,0,2,0,0.0,1.0
2025-06-21,Printer,Ahmedabad,22,12000,264000,35,10,0,0,4,0,0.0,1.0
2025-06-21,Speaker,Hyderabad,48,4000,192000,100,25,1,0,7,0,0.0,1.0
2025-06-21,Speaker,Mumbai,57,4000,228000,58,25,0,0,5,0,0.0,1.0
2025-06-21,Speaker,Delhi,54,4000,216000,144,25,1,0,4,0,0.0,1.0
2025-06-21,Speaker,Bangalore,54,4000,216000,69,25,0,0,7,0,0.0,1.0
2025-06-21,Speaker,Chennai,56,4000,224000,108,25,1,0,3,0,0.0,1.0
2025-06-21,Speaker,Pune,79,4000,316000,22,25,1,1,3,0,0.0,1.0
2025-06-21,Speaker,Kolkata,50,4000,200000,114,25,1,0,2,0,0.0,1.0
2025-06-21,Speaker,Ahmedabad,67,4000,268000,64,25,1,0,7,0,0.0,1.0
2025-06-22,Laptop,Hyderabad,54,55000,2970000,74,20,1,0,2,0,0.0,1.0
2025-06-22,Laptop,Mumbai,51,55000,2805000,78,20,1,0,7,0,0.0,1.0
2025-06-22,Laptop,Delhi,45,55000,2475000,83,20,0,0,5,0,0.0,1.0
2025-06-22,Laptop,Bangalore,44,55000,2420000,39,20,0,0,3,0,0.0,1.0
2025-06-22,Laptop,Chennai,49,55000,2695000,32,20,0,0,4,0,0.0,1.0
2025-06-22,Laptop,Pune,60,55000,3300000,28,20,0,0,5,0,0.0,1.0
2025-06-22,Laptop,Kolkata,51,55000,2805000,70,20,1,0,7,0,0.0,1.0
2025-06-22,Laptop,Ahmedabad,69,55000,3795000,86,20,0,0,7,0,0.0,1.0
2025-06-22,Mobile,Hyderabad,75,20000,1500000,60,30,1,0,4,0,0.0,1.0
2025-06-22,Mobile,Mumbai,85,20000,1700000,63,30,1,0,6,0,0.0,1.0
2025-06-22,Mobile,Delhi,83,20000,1660000,30,30,1,0,6,0,0.0,1.0
2025-06-22,Mobile,Bangalore,98,20000,1960000,84,30,1,0,3,0,0.0,1.0
2025-06-22,Mobile,Chennai,69,20000,1380000,87,30,1,0,3,0,0.0,1.0
2025-06-22,Mobile,Pune,79,20000,1580000,118,30,1,0,6,0,0.0,1.0
2025-06-22,Mobile,Kolkata,73,20000,1460000,0,30,1,1,3,0,0.0,1.0
2025-06-22,Mobile,Ahmedabad,84,20000,1680000,55,30,1,0,7,0,0.0,1.0
2025-06-22,Tablet,Hyderabad,45,30000,1350000,65,25,1,0,3,0,0.0,1.0
2025-06-22,Tablet,Mumbai,40,30000,1200000,67,25,0,0,3,0,0.0,1.0
2025-06-22,Tablet,Delhi,56,30000,1680000,123,25,1,0,6,0,0.0,1.0
2025-06-22,Tablet,Bangalore,41,30000,1230000,109,25,1,0,2,0,0.0,1.0
2025-06-22,Tablet,Chennai,59,30000,1770000,91,25,1,0,6,0,0.0,1.0
2025-06-22,Tablet,Pune,62,30000,1860000,52,25,1,0,3,0,0.0,1.0
2025-06-22,Tablet,Kolkata,51,30000,1530000,31,25,0,0,6,0,0.0,1.0
2025-06-22,Tablet,Ahmedabad,45,30000,1350000,42,25,0,0,7,0,0.0,1.0
2025-06-22,Headphones,Hyderabad,53,3000,159000,116,40,0,0,5,0,0.0,1.0
2025-06-22,Headphones,Mumbai,65,3000,195000,111,40,1,0,3,0,0.0,1.0
2025-06-22,Headphones,Delhi,63,3000,189000,135,40,1,0,4,0,0.0,1.0
2025-06-22,Headphones,Bangalore,56,3000,168000,148,40,1,0,7,0,0.0,1.0
2025-06-22,Headphones,Chennai,65,3000,195000,56,40,0,0,5,0,0.0,1.0
2025-06-22,Headphones,Pune,68,3000,204000,73,40,0,0,5,0,0.0,1.0
2025-06-22,Headphones,Kolkata,54,3000,162000,152,40,1,0,5,0,0.0,1.0
2025-06-22,Headphones,Ahmedabad,62,3000,186000,80,40,0,0,4,0,0.0,1.0
2025-06-22,Smartwatch,Hyderabad,31,8000,248000,104,20,0,0,4,0,0.0,1.0
2025-06-22,Smartwatch,Mumbai,38,8000,304000,57,20,1,0,3,0,0.0,1.0
2025-06-22,Smartwatch,Delhi,43,8000,344000,57,20,0,0,4,0,0.0,1.0
2025-06-22,Smartwatch,Bangalore,41,8000,328000,104,20,1,0,2,0,0.0,1.0
2025-06-22,Smartwatch,Chennai,38,8000,304000,129,20,1,0,5,0,0.0,1.0
2025-06-22,Smartwatch,Pune,26,8000,208000,68,20,0,0,2,0,0.0,1.0
2025-06-22,Smartwatch,Kolkata,50,8000,400000,124,20,1,0,7,0,0.0,1.0
2025-06-22,Smartwatch,Ahmedabad,32,8000,256000,64,20,0,0,5,0,0.0,1.0
2025-06-22,Keyboard,Hyderabad,67,1500,100500,102,35,1,0,4,0,0.0,1.0
2025-06-22,Keyboard,Mumbai,60,1500,90000,83,35,0,0,5,0,0.0,1.0
2025-06-22,Keyboard,Delhi,70,1500,105000,80,35,1,0,3,0,0.0,1.0
2025-06-22,Keyboard,Bangalore,71,1500,106500,150,35,1,0,6,0,0.0,1.0
2025-06-22,Keyboard,Chennai,68,1500,102000,19,35,1,1,4,0,0.0,1.0
2025-06-22,Keyboard,Pune,69,1500,103500,63,35,1,0,5,0,0.0,1.0
2025-06-22,Keyboard,Kolkata,81,1500,121500,60,35,1,0,5,0,0.0,1.0
2025-06-22,Keyboard,Ahmedabad,67,1500,100500,141,35,1,0,7,0,0.0,1.0
2025-06-22,Monitor,Hyderabad,57,18000,1026000,49,15,1,0,7,0,0.0,1.0
2025-06-22,Monitor,Mumbai,34,18000,612000,31,15,0,0,4,0,0.0,1.0
2025-06-22,Monitor,Delhi,28,18000,504000,37,15,0,0,2,0,0.0,1.0
2025-06-22,Monitor,Bangalore,39,18000,702000,47,15,0,0,3,0,0.0,1.0
2025-06-22,Monitor,Chennai,41,18000,738000,36,15,1,0,5,0,0.0,1.0
2025-06-22,Monitor,Pune,29,18000,522000,87,15,1,0,2,0,0.0,1.0
2025-06-22,Monitor,Kolkata,49,18000,882000,104,15,1,0,6,0,0.0,1.0
2025-06-22,Monitor,Ahmedabad,38,18000,684000,123,15,1,0,5,0,0.0,1.0
2025-06-22,Mouse,Hyderabad,77,800,61600,50,50,0,0,7,0,0.0,1.0
2025-06-22,Mouse,Mumbai,80,800,64000,126,50,1,0,3,0,0.0,1.0
2025-06-22,Mouse,Delhi,102,800,81600,100,50,1,0,3,0,0.0,1.0
2025-06-22,Mouse,Bangalore,99,800,79200,60,50,1,0,4,0,0.0,1.0
2025-06-22,Mouse,Chennai,90,800,72000,63,50,0,0,7,0,0.0,1.0
2025-06-22,Mouse,Pune,97,800,77600,90,50,1,0,6,0,0.0,1.0
2025-06-22,Mouse,Kolkata,97,800,77600,82,50,1,0,3,0,0.0,1.0
2025-06-22,Mouse,Ahmedabad,92,800,73600,134,50,1,0,4,0,0.0,1.0
2025-06-22,Printer,Hyderabad,28,12000,336000,81,10,0,0,4,0,0.0,1.0
2025-06-22,Printer,Mumbai,27,12000,324000,41,10,0,0,4,0,0.0,1.0
2025-06-22,Printer,Delhi,50,12000,600000,66,10,0,0,3,0,0.0,1.0
2025-06-22,Printer,Bangalore,34,12000,408000,76,10,0,0,7,0,0.0,1.0
2025-06-22,Printer,Chennai,18,12000,216000,77,10,0,0,2,0,0.0,1.0
2025-06-22,Printer,Pune,43,12000,516000,38,10,1,0,5,0,0.0,1.0
2025-06-22,Printer,Kolkata,40,12000,480000,87,10,1,0,6,0,0.0,1.0
2025-06-22,Printer,Ahmedabad,25,12000,300000,10,10,0,0,4,0,0.0,1.0
2025-06-22,Speaker,Hyderabad,50,4000,200000,50,25,0,0,4,0,0.0,1.0
2025-06-22,Speaker,Mumbai,63,4000,252000,144,25,1,0,2,0,0.0,1.0
2025-06-22,Speaker,Delhi,74,4000,296000,70,25,0,0,4,0,0.0,1.0
2025-06-22,Speaker,Bangalore,71,4000,284000,97,25,1,0,5,0,0.0,1.0
2025-06-22,Speaker,Chennai,78,4000,312000,30,25,0,0,4,0,0.0,1.0
2025-06-22,Speaker,Pune,48,4000,192000,89,25,1,0,2,0,0.0,1.0
2025-06-22,Speaker,Kolkata,52,4000,208000,62,25,0,0,3,0,0.0,1.0
2025-06-22,Speaker,Ahmedabad,56,4000,224000,58,25,1,0,3,0,0.0,1.0
2025-06-23,Laptop,Hyderabad,63,55000,3465000,90,20,1,0,3,0,0.0,1.0
2025-06-23,Laptop,Mumbai,45,55000,2475000,33,20,0,0,6,0,0.0,1.0
2025-06-23,Laptop,Delhi,50,55000,2750000,33,20,0,0,4,0,0.0,1.0
2025-06-23,Laptop,Bangalore,60,55000,3300000,79,20,1,0,5,0,0.0,1.0
2025-06-23,Laptop,Chennai,54,55000,2970000,50,20,1,0,7,0,0.0,1.0
2025-06-23,Laptop,Pune,62,55000,3410000,64,20,1,0,4,0,0.0,1.0
2025-06-23,Laptop,Kolkata,55,55000,3025000,76,20,1,0,6,0,0.0,1.0
2025-06-23,Laptop,Ahmedabad,68,55000,3740000,71,20,1,0,6,0,0.0,1.0
2025-06-23,Mobile,Hyderabad,84,20000,1680000,31,30,1,0,5,0,0.0,1.0
2025-06-23,Mobile,Mumbai,84,20000,1680000,89,30,1,0,4,0,0.0,1.0
2025-06-23,Mobile,Delhi,70,20000,1400000,42,30,1,0,6,0,0.0,1.0
2025-06-23,Mobile,Bangalore,70,20000,1400000,107,30,1,0,2,0,0.0,1.0
2025-06-23,Mobile,Chennai,85,20000,1700000,90,30,1,0,3,0,0.0,1.0
2025-06-23,Mobile,Pune,79,20000,1580000,39,30,0,0,3,0,0.0,1.0
2025-06-23,Mobile,Kolkata,77,20000,1540000,5,30,1,1,2,0,0.0,1.0
2025-06-23,Mobile,Ahmedabad,84,20000,1680000,47,30,1,0,7,0,0.0,1.0
2025-06-23,Tablet,Hyderabad,44,30000,1320000,89,25,1,0,4,0,0.0,1.0
2025-06-23,Tablet,Mumbai,37,30000,1110000,30,25,0,0,2,0,0.0,1.0
2025-06-23,Tablet,Delhi,47,30000,1410000,76,25,0,0,3,0,0.0,1.0
2025-06-23,Tablet,Bangalore,66,30000,1980000,43,25,0,0,6,0,0.0,1.0
2025-06-23,Tablet,Chennai,59,30000,1770000,32,25,0,0,5,0,0.0,1.0
2025-06-23,Tablet,Pune,49,30000,1470000,123,25,1,0,3,0,0.0,1.0
2025-06-23,Tablet,Kolkata,51,30000,1530000,58,25,1,0,6,0,0.0,1.0
2025-06-23,Tablet,Ahmedabad,49,30000,1470000,81,25,1,0,6,0,0.0,1.0
2025-06-23,Headphones,Hyderabad,72,3000,216000,44,40,0,0,7,0,0.0,1.0
2025-06-23,Headphones,Mumbai,52,3000,156000,59,40,0,0,7,0,0.0,1.0
2025-06-23,Headphones,Delhi,59,3000,177000,76,40,0,0,6,0,0.0,1.0
2025-06-23,Headphones,Bangalore,81,3000,243000,67,40,0,0,5,0,0.0,1.0
2025-06-23,Headphones,Chennai,73,3000,219000,106,40,1,0,6,0,0.0,1.0
2025-06-23,Headphones,Pune,66,3000,198000,85,40,1,0,2,0,0.0,1.0
2025-06-23,Headphones,Kolkata,50,3000,150000,102,40,0,0,2,0,0.0,1.0
2025-06-23,Headphones,Ahmedabad,63,3000,189000,119,40,1,0,3,0,0.0,1.0
2025-06-23,Smartwatch,Hyderabad,30,8000,240000,74,20,0,0,6,0,0.0,1.0
2025-06-23,Smartwatch,Mumbai,39,8000,312000,137,20,1,0,2,0,0.0,1.0
2025-06-23,Smartwatch,Delhi,25,8000,200000,32,20,0,0,5,0,0.0,1.0
2025-06-23,Smartwatch,Bangalore,46,8000,368000,58,20,0,0,3,0,0.0,1.0
2025-06-23,Smartwatch,Chennai,31,8000,248000,98,20,0,0,4,0,0.0,1.0
2025-06-23,Smartwatch,Pune,32,8000,256000,36,20,0,0,5,0,0.0,1.0
2025-06-23,Smartwatch,Kolkata,57,8000,456000,67,20,0,0,7,0,0.0,1.0
2025-06-23,Smartwatch,Ahmedabad,47,8000,376000,137,20,1,0,5,0,0.0,1.0
2025-06-23,Keyboard,Hyderabad,73,1500,109500,104,35,1,0,5,0,0.0,1.0
2025-06-23,Keyboard,Mumbai,74,1500,111000,152,35,1,0,6,0,0.0,1.0
2025-06-23,Keyboard,Delhi,60,1500,90000,80,35,1,0,3,0,0.0,1.0
2025-06-23,Keyboard,Bangalore,74,1500,111000,76,35,0,0,5,0,0.0,1.0
2025-06-23,Keyboard,Chennai,70,1500,105000,58,35,1,0,7,0,0.0,1.0
2025-06-23,Keyboard,Pune,56,1500,84000,134,35,1,0,6,0,0.0,1.0
2025-06-23,Keyboard,Kolkata,80,1500,120000,106,35,1,0,2,0,0.0,1.0
2025-06-23,Keyboard,Ahmedabad,57,1500,85500,84,35,0,0,7,0,0.0,1.0
2025-06-23,Monitor,Hyderabad,44,18000,792000,121,15,1,0,5,0,0.0,1.0
2025-06-23,Monitor,Mumbai,51,18000,918000,40,15,1,0,6,0,0.0,1.0
2025-06-23,Monitor,Delhi,57,18000,1026000,82,15,1,0,4,0,0.0,1.0
2025-06-23,Monitor,Bangalore,57,18000,1026000,105,15,1,0,7,0,0.0,1.0
2025-06-23,Monitor,Chennai,43,18000,774000,109,15,1,0,3,0,0.0,1.0
2025-06-23,Monitor,Pune,42,18000,756000,45,15,0,0,4,0,0.0,1.0
2025-06-23,Monitor,Kolkata,24,18000,432000,80,15,0,0,3,0,0.0,1.0
2025-06-23,Monitor,Ahmedabad,57,18000,1026000,66,15,0,0,4,0,0.0,1.0
2025-06-23,Mouse,Hyderabad,97,800,77600,37,50,1,1,2,0,0.0,1.0
2025-06-23,Mouse,Mumbai,83,800,66400,182,50,1,0,2,0,0.0,1.0
2025-06-23,Mouse,Delhi,100,800,80000,115,50,1,0,2,0,0.0,1.0
2025-06-23,Mouse,Bangalore,83,800,66400,32,50,1,1,3,0,0.0,1.0
2025-06-23,Mouse,Chennai,85,800,68000,128,50,1,0,6,0,0.0,1.0
2025-06-23,Mouse,Pune,80,800,64000,81,50,1,0,7,0,0.0,1.0
2025-06-23,Mouse,Kolkata,80,800,64000,115,50,1,0,7,0,0.0,1.0
2025-06-23,Mouse,Ahmedabad,107,800,85600,143,50,1,0,4,0,0.0,1.0
2025-06-23,Printer,Hyderabad,25,12000,300000,56,10,0,0,6,0,0.0,1.0
2025-06-23,Printer,Mumbai,35,12000,420000,120,10,1,0,6,0,0.0,1.0
2025-06-23,Printer,Delhi,33,12000,396000,33,10,0,0,2,0,0.0,1.0
2025-06-23,Printer,Bangalore,26,12000,312000,50,10,0,0,3,0,0.0,1.0
2025-06-23,Printer,Chennai,23,12000,276000,54,10,0,0,3,0,0.0,1.0
2025-06-23,Printer,Pune,29,12000,348000,94,10,1,0,6,0,0.0,1.0
2025-06-23,Printer,Kolkata,27,12000,324000,60,10,0,0,2,0,0.0,1.0
2025-06-23,Printer,Ahmedabad,31,12000,372000,127,10,1,0,3,0,0.0,1.0
2025-06-23,Speaker,Hyderabad,52,4000,208000,142,25,1,0,5,0,0.0,1.0
2025-06-23,Speaker,Mumbai,66,4000,264000,78,25,0,0,5,0,0.0,1.0
2025-06-23,Speaker,Delhi,71,4000,284000,51,25,1,0,7,0,0.0,1.0
2025-06-23,Speaker,Bangalore,52,4000,208000,45,25,0,0,2,0,0.0,1.0
2025-06-23,Speaker,Chennai,71,4000,284000,84,25,1,0,6,0,0.0,1.0
2025-06-23,Speaker,Pune,55,4000,220000,34,25,0,0,7,0,0.0,1.0
2025-06-23,Speaker,Kolkata,56,4000,224000,76,25,1,0,4,0,0.0,1.0
2025-06-23,Speaker,Ahmedabad,58,4000,232000,53,25,1,0,7,0,0.0,1.0
2025-06-24,Laptop,Hyderabad,60,55000,3300000,30,20,0,0,5,0,0.0,1.0
2025-06-24,Laptop,Mumbai,57,55000,3135000,75,20,1,0,6,0,0.0,1.0
2025-06-24,Laptop,Delhi,51,55000,2805000,118,20,1,0,3,0,0.0,1.0
2025-06-24,Laptop,Bangalore,46,55000,2530000,33,20,0,0,2,0,0.0,1.0
2025-06-24,Laptop,Chennai,51,55000,2805000,146,20,1,0,4,0,0.0,1.0
2025-06-24,Laptop,Pune,52,55000,2860000,127,20,1,0,7,0,0.0,1.0
2025-06-24,Laptop,Kolkata,56,55000,3080000,20,20,0,0,7,0,0.0,1.0
2025-06-24,Laptop,Ahmedabad,59,55000,3245000,146,20,1,0,6,0,0.0,1.0
2025-06-24,Mobile,Hyderabad,63,20000,1260000,28,30,1,1,6,0,0.0,1.0
2025-06-24,Mobile,Mumbai,83,20000,1660000,99,30,1,0,4,0,0.0,1.0
2025-06-24,Mobile,Delhi,74,20000,1480000,24,30,1,1,2,0,0.0,1.0
2025-06-24,Mobile,Bangalore,88,20000,1760000,129,30,1,0,2,0,0.0,1.0
2025-06-24,Mobile,Chennai,77,20000,1540000,128,30,1,0,6,0,0.0,1.0
2025-06-24,Mobile,Pune,67,20000,1340000,62,30,1,0,6,0,0.0,1.0
2025-06-24,Mobile,Kolkata,83,20000,1660000,56,30,1,0,4,0,0.0,1.0
2025-06-24,Mobile,Ahmedabad,98,20000,1960000,52,30,1,0,7,0,0.0,1.0
2025-06-24,Tablet,Hyderabad,39,30000,1170000,50,25,0,0,2,0,0.0,1.0
2025-06-24,Tablet,Mumbai,36,30000,1080000,44,25,1,0,4,0,0.0,1.0
2025-06-24,Tablet,Delhi,50,30000,1500000,26,25,0,0,5,0,0.0,1.0
2025-06-24,Tablet,Bangalore,34,30000,1020000,142,25,1,0,4,0,0.0,1.0
2025-06-24,Tablet,Chennai,46,30000,1380000,103,25,1,0,2,0,0.0,1.0
2025-06-24,Tablet,Pune,45,30000,1350000,78,25,0,0,3,0,0.0,1.0
2025-06-24,Tablet,Kolkata,48,30000,1440000,140,25,1,0,5,0,0.0,1.0
2025-06-24,Tablet,Ahmedabad,46,30000,1380000,35,25,0,0,3,0,0.0,1.0
2025-06-24,Headphones,Hyderabad,80,3000,240000,88,40,1,0,2,0,0.0,1.0
2025-06-24,Headphones,Mumbai,57,3000,171000,60,40,1,0,7,0,0.0,1.0
2025-06-24,Headphones,Delhi,68,3000,204000,106,40,1,0,6,0,0.0,1.0
2025-06-24,Headphones,Bangalore,67,3000,201000,147,40,1,0,2,0,0.0,1.0
2025-06-24,Headphones,Chennai,63,3000,189000,43,40,0,0,4,0,0.0,1.0
2025-06-24,Headphones,Pune,75,3000,225000,73,40,1,0,2,0,0.0,1.0
2025-06-24,Headphones,Kolkata,45,3000,135000,57,40,0,0,4,0,0.0,1.0
2025-06-24,Headphones,Ahmedabad,75,3000,225000,44,40,0,0,3,0,0.0,1.0
2025-06-24,Smartwatch,Hyderabad,41,8000,328000,33,20,0,0,2,0,0.0,1.0
2025-06-24,Smartwatch,Mumbai,39,8000,312000,98,20,0,0,7,0,0.0,1.0
2025-06-24,Smartwatch,Delhi,37,8000,296000,52,20,1,0,2,0,0.0,1.0
2025-06-24,Smartwatch,Bangalore,57,8000,456000,133,20,1,0,2,0,0.0,1.0
2025-06-24,Smartwatch,Chennai,37,8000,296000,61,20,0,0,2,0,0.0,1.0
2025-06-24,Smartwatch,Pune,48,8000,384000,113,20,1,0,6,0,0.0,1.0
2025-06-24,Smartwatch,Kolkata,49,8000,392000,166,20,1,0,5,0,0.0,1.0
2025-06-24,Smartwatch,Ahmedabad,28,8000,224000,109,20,0,0,3,0,0.0,1.0
2025-06-24,Keyboard,Hyderabad,61,1500,91500,43,35,0,0,3,0,0.0,1.0
2025-06-24,Keyboard,Mumbai,71,1500,106500,81,35,0,0,5,0,0.0,1.0
2025-06-24,Keyboard,Delhi,65,1500,97500,124,35,1,0,6,0,0.0,1.0
2025-06-24,Keyboard,Bangalore,72,1500,108000,108,35,1,0,4,0,0.0,1.0
2025-06-24,Keyboard,Chennai,74,1500,111000,126,35,1,0,6,0,0.0,1.0
2025-06-24,Keyboard,Pune,73,1500,109500,61,35,0,0,7,0,0.0,1.0
2025-06-24,Keyboard,Kolkata,77,1500,115500,161,35,1,0,6,0,0.0,1.0
2025-06-24,Keyboard,Ahmedabad,75,1500,112500,126,35,1,0,4,0,0.0,1.0
2025-06-24,Monitor,Hyderabad,48,18000,864000,73,15,0,0,4,0,0.0,1.0
2025-06-24,Monitor,Mumbai,37,18000,666000,67,15,1,0,2,0,0.0,1.0
2025-06-24,Monitor,Delhi,52,18000,936000,30,15,0,0,6,0,0.0,1.0
2025-06-24,Monitor,Bangalore,41,18000,738000,64,15,0,0,3,0,0.0,1.0
2025-06-24,Monitor,Chennai,35,18000,630000,74,15,0,0,7,0,0.0,1.0
2025-06-24,Monitor,Pune,54,18000,972000,105,15,1,0,6,0,0.0,1.0
2025-06-24,Monitor,Kolkata,51,18000,918000,29,15,0,0,3,0,0.0,1.0
2025-06-24,Monitor,Ahmedabad,44,18000,792000,22,15,0,0,6,0,0.0,1.0
2025-06-24,Mouse,Hyderabad,94,800,75200,32,50,1,1,3,0,0.0,1.0
2025-06-24,Mouse,Mumbai,68,800,54400,114,50,0,0,7,0,0.0,1.0
2025-06-24,Mouse,Delhi,105,800,84000,148,50,1,0,6,0,0.0,1.0
2025-06-24,Mouse,Bangalore,91,800,72800,90,50,1,0,3,0,0.0,1.0
2025-06-24,Mouse,Chennai,82,800,65600,96,50,1,0,2,0,0.0,1.0
2025-06-24,Mouse,Pune,97,800,77600,43,50,1,1,3,0,0.0,1.0
2025-06-24,Mouse,Kolkata,86,800,68800,92,50,1,0,4,0,0.0,1.0
2025-06-24,Mouse,Ahmedabad,91,800,72800,52,50,0,0,7,0,0.0,1.0
2025-06-24,Printer,Hyderabad,37,12000,444000,19,10,0,0,5,0,0.0,1.0
2025-06-24,Printer,Mumbai,38,12000,456000,82,10,0,0,3,0,0.0,1.0
2025-06-24,Printer,Delhi,29,12000,348000,135,10,1,0,2,0,0.0,1.0
2025-06-24,Printer,Bangalore,34,12000,408000,16,10,0,0,3,0,0.0,1.0
2025-06-24,Printer,Chennai,20,12000,240000,34,10,0,0,6,0,0.0,1.0
2025-06-24,Printer,Pune,42,12000,504000,52,10,0,0,6,0,0.0,1.0
2025-06-24,Printer,Kolkata,35,12000,420000,25,10,0,0,4,0,0.0,1.0
2025-06-24,Printer,Ahmedabad,31,12000,372000,96,10,0,0,6,0,0.0,1.0
2025-06-24,Speaker,Hyderabad,58,4000,232000,84,25,0,0,4,0,0.0,1.0
2025-06-24,Speaker,Mumbai,56,4000,224000,120,25,1,0,6,0,0.0,1.0
2025-06-24,Speaker,Delhi,66,4000,264000,66,25,1,0,2,0,0.0,1.0
2025-06-24,Speaker,Bangalore,56,4000,224000,86,25,1,0,2,0,0.0,1.0
2025-06-24,Speaker,Chennai,62,4000,248000,127,25,1,0,2,0,0.0,1.0
2025-06-24,Speaker,Pune,48,4000,192000,134,25,1,0,6,0,0.0,1.0
2025-06-24,Speaker,Kolkata,62,4000,248000,141,25,1,0,4,0,0.0,1.0
2025-06-24,Speaker,Ahmedabad,56,4000,224000,47,25,1,0,4,0,0.0,1.0
2025-06-25,Laptop,Hyderabad,62,55000,3410000,61,20,1,0,4,0,0.0,1.0
2025-06-25,Laptop,Mumbai,61,55000,3355000,78,20,1,0,6,0,0.0,1.0
2025-06-25,Laptop,Delhi,49,55000,2695000,69,20,0,0,4,0,0.0,1.0
2025-06-25,Laptop,Bangalore,52,55000,2860000,81,20,1,0,5,0,0.0,1.0
2025-06-25,Laptop,Chennai,53,55000,2915000,93,20,0,0,5,0,0.0,1.0
2025-06-25,Laptop,Pune,56,55000,3080000,71,20,0,0,6,0,0.0,1.0
2025-06-25,Laptop,Kolkata,49,55000,2695000,81,20,1,0,5,0,0.0,1.0
2025-06-25,Laptop,Ahmedabad,50,55000,2750000,96,20,0,0,4,0,0.0,1.0
2025-06-25,Mobile,Hyderabad,79,20000,1580000,9,30,1,1,2,0,0.0,1.0
2025-06-25,Mobile,Mumbai,81,20000,1620000,103,30,1,0,6,0,0.0,1.0
2025-06-25,Mobile,Delhi,93,20000,1860000,3,30,1,1,5,0,0.0,1.0
2025-06-25,Mobile,Bangalore,91,20000,1820000,38,30,0,0,7,0,0.0,1.0
2025-06-25,Mobile,Chennai,65,20000,1300000,63,30,0,0,3,0,0.0,1.0
2025-06-25,Mobile,Pune,72,20000,1440000,75,30,1,0,6,0,0.0,1.0
2025-06-25,Mobile,Kolkata,90,20000,1800000,38,30,1,0,7,0,0.0,1.0
2025-06-25,Mobile,Ahmedabad,74,20000,1480000,108,30,1,0,7,0,0.0,1.0
2025-06-25,Tablet,Hyderabad,55,30000,1650000,84,25,1,0,6,0,0.0,1.0
2025-06-25,Tablet,Mumbai,54,30000,1620000,98,25,1,0,2,0,0.0,1.0
2025-06-25,Tablet,Delhi,49,30000,1470000,41,25,1,0,7,0,0.0,1.0
2025-06-25,Tablet,Bangalore,57,30000,1710000,85,25,0,0,7,0,0.0,1.0
2025-06-25,Tablet,Chennai,48,30000,1440000,55,25,0,0,7,0,0.0,1.0
2025-06-25,Tablet,Pune,38,30000,1140000,40,25,0,0,6,0,0.0,1.0
2025-06-25,Tablet,Kolkata,42,30000,1260000,98,25,0,0,5,0,0.0,1.0
2025-06-25,Tablet,Ahmedabad,24,30000,720000,156,25,1,0,2,0,0.0,1.0
2025-06-25,Headphones,Hyderabad,62,3000,186000,166,40,1,0,5,0,0.0,1.0
2025-06-25,Headphones,Mumbai,54,3000,162000,136,40,1,0,7,0,0.0,1.0
2025-06-25,Headphones,Delhi,52,3000,156000,54,40,0,0,7,0,0.0,1.0
2025-06-25,Headphones,Bangalore,73,3000,219000,74,40,0,0,6,0,0.0,1.0
2025-06-25,Headphones,Chennai,53,3000,159000,57,40,1,0,3,0,0.0,1.0
2025-06-25,Headphones,Pune,73,3000,219000,133,40,1,0,2,0,0.0,1.0
2025-06-25,Headphones,Kolkata,56,3000,168000,78,40,1,0,6,0,0.0,1.0
2025-06-25,Headphones,Ahmedabad,53,3000,159000,137,40,1,0,4,0,0.0,1.0
2025-06-25,Smartwatch,Hyderabad,32,8000,256000,101,20,1,0,2,0,0.0,1.0
2025-06-25,Smartwatch,Mumbai,39,8000,312000,59,20,0,0,7,0,0.0,1.0
2025-06-25,Smartwatch,Delhi,29,8000,232000,23,20,0,0,7,0,0.0,1.0
2025-06-25,Smartwatch,Bangalore,34,8000,272000,99,20,0,0,2,0,0.0,1.0
2025-06-25,Smartwatch,Chennai,49,8000,392000,99,20,1,0,7,0,0.0,1.0
2025-06-25,Smartwatch,Pune,30,8000,240000,83,20,0,0,4,0,0.0,1.0
2025-06-25,Smartwatch,Kolkata,39,8000,312000,127,20,0,0,2,0,0.0,1.0
2025-06-25,Smartwatch,Ahmedabad,42,8000,336000,67,20,0,0,4,0,0.0,1.0
2025-06-25,Keyboard,Hyderabad,65,1500,97500,39,35,1,0,3,0,0.0,1.0
2025-06-25,Keyboard,Mumbai,74,1500,111000,133,35,1,0,3,0,0.0,1.0
2025-06-25,Keyboard,Delhi,75,1500,112500,49,35,0,0,7,0,0.0,1.0
2025-06-25,Keyboard,Bangalore,64,1500,96000,44,35,0,0,4,0,0.0,1.0
2025-06-25,Keyboard,Chennai,81,1500,121500,45,35,0,0,7,0,0.0,1.0
2025-06-25,Keyboard,Pune,59,1500,88500,52,35,1,0,2,0,0.0,1.0
2025-06-25,Keyboard,Kolkata,82,1500,123000,79,35,0,0,2,0,0.0,1.0
2025-06-25,Keyboard,Ahmedabad,65,1500,97500,61,35,0,0,4,0,0.0,1.0
2025-06-25,Monitor,Hyderabad,43,18000,774000,30,15,0,0,5,0,0.0,1.0
2025-06-25,Monitor,Mumbai,48,18000,864000,19,15,0,0,3,0,0.0,1.0
2025-06-25,Monitor,Delhi,47,18000,846000,71,15,1,0,4,0,0.0,1.0
2025-06-25,Monitor,Bangalore,47,18000,846000,17,15,0,0,6,0,0.0,1.0
2025-06-25,Monitor,Chennai,48,18000,864000,26,15,0,0,6,0,0.0,1.0
2025-06-25,Monitor,Pune,35,18000,630000,70,15,0,0,3,0,0.0,1.0
2025-06-25,Monitor,Kolkata,46,18000,828000,63,15,1,0,3,0,0.0,1.0
2025-06-25,Monitor,Ahmedabad,43,18000,774000,97,15,1,0,5,0,0.0,1.0
2025-06-25,Mouse,Hyderabad,93,800,74400,84,50,1,0,6,0,0.0,1.0
2025-06-25,Mouse,Mumbai,80,800,64000,85,50,1,0,4,0,0.0,1.0
2025-06-25,Mouse,Delhi,75,800,60000,73,50,0,0,2,0,0.0,1.0
2025-06-25,Mouse,Bangalore,92,800,73600,54,50,1,0,7,0,0.0,1.0
2025-06-25,Mouse,Chennai,80,800,64000,137,50,1,0,5,0,0.0,1.0
2025-06-25,Mouse,Pune,88,800,70400,35,50,1,1,6,0,0.0,1.0
2025-06-25,Mouse,Kolkata,92,800,73600,93,50,1,0,5,0,0.0,1.0
2025-06-25,Mouse,Ahmedabad,89,800,71200,69,50,1,0,5,0,0.0,1.0
2025-06-25,Printer,Hyderabad,22,12000,264000,76,10,1,0,3,0,0.0,1.0
2025-06-25,Printer,Mumbai,23,12000,276000,59,10,0,0,6,0,0.0,1.0
2025-06-25,Printer,Delhi,25,12000,300000,110,10,0,0,4,0,0.0,1.0
2025-06-25,Printer,Bangalore,35,12000,420000,47,10,1,0,7,0,0.0,1.0
2025-06-25,Printer,Chennai,33,12000,396000,147,10,1,0,4,0,0.0,1.0
2025-06-25,Printer,Pune,25,12000,300000,27,10,0,0,2,0,0.0,1.0
2025-06-25,Printer,Kolkata,32,12000,384000,135,10,1,0,7,0,0.0,1.0
2025-06-25,Printer,Ahmedabad,31,12000,372000,65,10,0,0,6,0,0.0,1.0
2025-06-25,Speaker,Hyderabad,58,4000,232000,26,25,0,0,2,0,0.0,1.0
2025-06-25,Speaker,Mumbai,51,4000,204000,69,25,0,0,4,0,0.0,1.0
2025-06-25,Speaker,Delhi,60,4000,240000,151,25,1,0,7,0,0.0,1.0
2025-06-25,Speaker,Bangalore,34,4000,136000,52,25,0,0,4,0,0.0,1.0
2025-06-25,Speaker,Chennai,59,4000,236000,68,25,0,0,4,0,0.0,1.0
2025-06-25,Speaker,Pune,57,4000,228000,77,25,0,0,7,0,0.0,1.0
2025-06-25,Speaker,Kolkata,51,4000,204000,90,25,0,0,3,0,0.0,1.0
2025-06-25,Speaker,Ahmedabad,61,4000,244000,130,25,1,0,3,0,0.0,1.0
2025-06-26,Laptop,Hyderabad,51,55000,2805000,103,20,1,0,3,0,0.0,1.0
2025-06-26,Laptop,Mumbai,66,55000,3630000,100,20,1,0,7,0,0.0,1.0
2025-06-26,Laptop,Delhi,39,55000,2145000,30,20,0,0,3,0,0.0,1.0
2025-06-26,Laptop,Bangalore,47,55000,2585000,34,20,0,0,7,0,0.0,1.0
2025-06-26,Laptop,Chennai,59,55000,3245000,34,20,0,0,4,0,0.0,1.0
2025-06-26,Laptop,Pune,73,55000,4015000,110,20,1,0,6,0,0.0,1.0
2025-06-26,Laptop,Kolkata,76,55000,4180000,84,20,1,0,2,0,0.0,1.0
2025-06-26,Laptop,Ahmedabad,60,55000,3300000,36,20,0,0,2,0,0.0,1.0
2025-06-26,Mobile,Hyderabad,76,20000,1520000,44,30,1,0,4,0,0.0,1.0
2025-06-26,Mobile,Mumbai,84,20000,1680000,74,30,1,0,5,0,0.0,1.0
2025-06-26,Mobile,Delhi,88,20000,1760000,37,30,1,0,2,0,0.0,1.0
2025-06-26,Mobile,Bangalore,80,20000,1600000,13,30,1,1,3,0,0.0,1.0
2025-06-26,Mobile,Chennai,81,20000,1620000,63,30,1,0,2,0,0.0,1.0
2025-06-26,Mobile,Pune,86,20000,1720000,139,30,1,0,5,0,0.0,1.0
2025-06-26,Mobile,Kolkata,88,20000,1760000,54,30,1,0,4,0,0.0,1.0
2025-06-26,Mobile,Ahmedabad,91,20000,1820000,125,30,1,0,2,0,0.0,1.0
2025-06-26,Tablet,Hyderabad,49,30000,1470000,35,25,0,0,7,0,0.0,1.0
2025-06-26,Tablet,Mumbai,42,30000,1260000,56,25,0,0,5,0,0.0,1.0
2025-06-26,Tablet,Delhi,24,30000,720000,110,25,1,0,6,0,0.0,1.0
2025-06-26,Tablet,Bangalore,41,30000,1230000,44,25,0,0,5,0,0.0,1.0
2025-06-26,Tablet,Chennai,42,30000,1260000,84,25,1,0,4,0,0.0,1.0
2025-06-26,Tablet,Pune,46,30000,1380000,120,25,1,0,4,0,0.0,1.0
2025-06-26,Tablet,Kolkata,40,30000,1200000,58,25,0,0,3,0,0.0,1.0
2025-06-26,Tablet,Ahmedabad,45,30000,1350000,111,25,0,0,6,0,0.0,1.0
2025-06-26,Headphones,Hyderabad,69,3000,207000,97,40,0,0,2,0,0.0,1.0
2025-06-26,Headphones,Mumbai,69,3000,207000,67,40,0,0,5,0,0.0,1.0
2025-06-26,Headphones,Delhi,57,3000,171000,53,40,1,0,2,0,0.0,1.0
2025-06-26,Headphones,Bangalore,61,3000,183000,156,40,1,0,6,0,0.0,1.0
2025-06-26,Headphones,Chennai,57,3000,171000,69,40,1,0,2,0,0.0,1.0
2025-06-26,Headphones,Pune,62,3000,186000,71,40,0,0,7,0,0.0,1.0
2025-06-26,Headphones,Kolkata,63,3000,189000,97,40,1,0,2,0,0.0,1.0
2025-06-26,Headphones,Ahmedabad,52,3000,156000,85,40,0,0,7,0,0.0,1.0
2025-06-26,Smartwatch,Hyderabad,46,8000,368000,55,20,0,0,5,0,0.0,1.0
2025-06-26,Smartwatch,Mumbai,37,8000,296000,22,20,0,0,4,0,0.0,1.0
2025-06-26,Smartwatch,Delhi,49,8000,392000,56,20,1,0,6,0,0.0,1.0
2025-06-26,Smartwatch,Bangalore,31,8000,248000,68,20,0,0,3,0,0.0,1.0
2025-06-26,Smartwatch,Chennai,38,8000,304000,61,20,0,0,6,0,0.0,1.0
2025-06-26,Smartwatch,Pune,43,8000,344000,40,20,0,0,4,0,0.0,1.0
2025-06-26,Smartwatch,Kolkata,41,8000,328000,86,20,0,0,2,0,0.0,1.0
2025-06-26,Smartwatch,Ahmedabad,21,8000,168000,46,20,0,0,7,0,0.0,1.0
2025-06-26,Keyboard,Hyderabad,73,1500,109500,50,35,1,0,7,0,0.0,1.0
2025-06-26,Keyboard,Mumbai,72,1500,108000,61,35,0,0,2,0,0.0,1.0
2025-06-26,Keyboard,Delhi,62,1500,93000,52,35,1,0,5,0,0.0,1.0
2025-06-26,Keyboard,Bangalore,66,1500,99000,34,35,1,1,4,0,0.0,1.0
2025-06-26,Keyboard,Chennai,67,1500,100500,53,35,1,0,5,0,0.0,1.0
2025-06-26,Keyboard,Pune,67,1500,100500,35,35,1,0,6,0,0.0,1.0
2025-06-26,Keyboard,Kolkata,73,1500,109500,119,35,1,0,7,0,0.0,1.0
2025-06-26,Keyboard,Ahmedabad,62,1500,93000,109,35,1,0,4,0,0.0,1.0
2025-06-26,Monitor,Hyderabad,45,18000,810000,38,15,1,0,3,0,0.0,1.0
2025-06-26,Monitor,Mumbai,41,18000,738000,77,15,1,0,3,0,0.0,1.0
2025-06-26,Monitor,Delhi,43,18000,774000,28,15,0,0,7,0,0.0,1.0
2025-06-26,Monitor,Bangalore,35,18000,630000,71,15,1,0,4,0,0.0,1.0
2025-06-26,Monitor,Chennai,55,18000,990000,107,15,1,0,6,0,0.0,1.0
2025-06-26,Monitor,Pune,39,18000,702000,31,15,0,0,6,0,0.0,1.0
2025-06-26,Monitor,Kolkata,42,18000,756000,21,15,0,0,2,0,0.0,1.0
2025-06-26,Monitor,Ahmedabad,46,18000,828000,51,15,0,0,7,0,0.0,1.0
2025-06-26,Mouse,Hyderabad,89,800,71200,101,50,1,0,4,0,0.0,1.0
2025-06-26,Mouse,Mumbai,82,800,65600,153,50,1,0,6,0,0.0,1.0
2025-06-26,Mouse,Delhi,96,800,76800,118,50,1,0,5,0,0.0,1.0
2025-06-26,Mouse,Bangalore,95,800,76000,64,50,1,0,4,0,0.0,1.0
2025-06-26,Mouse,Chennai,84,800,67200,53,50,0,0,2,0,0.0,1.0
2025-06-26,Mouse,Pune,99,800,79200,0,50,1,1,2,0,0.0,1.0
2025-06-26,Mouse,Kolkata,103,800,82400,120,50,1,0,5,0,0.0,1.0
2025-06-26,Mouse,Ahmedabad,94,800,75200,63,50,1,0,7,0,0.0,1.0
2025-06-26,Printer,Hyderabad,22,12000,264000,54,10,0,0,3,0,0.0,1.0
2025-06-26,Printer,Mumbai,47,12000,564000,12,10,0,0,7,0,0.0,1.0
2025-06-26,Printer,Delhi,27,12000,324000,83,10,0,0,2,0,0.0,1.0
2025-06-26,Printer,Bangalore,19,12000,228000,28,10,0,0,4,0,0.0,1.0
2025-06-26,Printer,Chennai,41,12000,492000,106,10,0,0,7,0,0.0,1.0
2025-06-26,Printer,Pune,29,12000,348000,144,10,1,0,4,0,0.0,1.0
2025-06-26,Printer,Kolkata,33,12000,396000,102,10,0,0,4,0,0.0,1.0
2025-06-26,Printer,Ahmedabad,43,12000,516000,22,10,0,0,7,0,0.0,1.0
2025-06-26,Speaker,Hyderabad,60,4000,240000,55,25,1,0,6,0,0.0,1.0
2025-06-26,Speaker,Mumbai,66,4000,264000,129,25,1,0,6,0,0.0,1.0
2025-06-26,Speaker,Delhi,58,4000,232000,93,25,0,0,6,0,0.0,1.0
2025-06-26,Speaker,Bangalore,49,4000,196000,93,25,1,0,7,0,0.0,1.0
2025-06-26,Speaker,Chennai,61,4000,244000,117,25,1,0,4,0,0.0,1.0
2025-06-26,Speaker,Pune,68,4000,272000,117,25,1,0,5,0,0.0,1.0
2025-06-26,Speaker,Kolkata,59,4000,236000,31,25,0,0,3,0,0.0,1.0
2025-06-26,Speaker,Ahmedabad,60,4000,240000,70,25,0,0,7,0,0.0,1.0
2025-06-27,Laptop,Hyderabad,48,55000,2640000,55,20,0,0,4,0,0.0,1.0
2025-06-27,Laptop,Mumbai,56,55000,3080000,44,20,0,0,5,0,0.0,1.0
2025-06-27,Laptop,Delhi,58,55000,3190000,29,20,1,0,4,0,0.0,1.0
2025-06-27,Laptop,Bangalore,56,55000,3080000,126,20,1,0,2,0,0.0,1.0
2025-06-27,Laptop,Chennai,77,55000,4235000,43,20,1,0,4,0,0.0,1.0
2025-06-27,Laptop,Pune,43,55000,2365000,67,20,0,0,3,0,0.0,1.0
2025-06-27,Laptop,Kolkata,57,55000,3135000,27,20,0,0,3,0,0.0,1.0
2025-06-27,Laptop,Ahmedabad,53,55000,2915000,45,20,1,0,2,0,0.0,1.0
2025-06-27,Mobile,Hyderabad,90,20000,1800000,76,30,1,0,5,0,0.0,1.0
2025-06-27,Mobile,Mumbai,86,20000,1720000,51,30,1,0,6,0,0.0,1.0
2025-06-27,Mobile,Delhi,77,20000,1540000,18,30,1,1,5,0,0.0,1.0
2025-06-27,Mobile,Bangalore,84,20000,1680000,0,30,1,1,4,0,0.0,1.0
2025-06-27,Mobile,Chennai,89,20000,1780000,104,30,1,0,4,0,0.0,1.0
2025-06-27,Mobile,Pune,86,20000,1720000,53,30,0,0,2,0,0.0,1.0
2025-06-27,Mobile,Kolkata,81,20000,1620000,97,30,1,0,5,0,0.0,1.0
2025-06-27,Mobile,Ahmedabad,69,20000,1380000,56,30,0,0,7,0,0.0,1.0
2025-06-27,Tablet,Hyderabad,51,30000,1530000,71,25,1,0,3,0,0.0,1.0
2025-06-27,Tablet,Mumbai,47,30000,1410000,134,25,1,0,5,0,0.0,1.0
2025-06-27,Tablet,Delhi,52,30000,1560000,58,25,0,0,6,0,0.0,1.0
2025-06-27,Tablet,Bangalore,35,30000,1050000,65,25,1,0,3,0,0.0,1.0
2025-06-27,Tablet,Chennai,57,30000,1710000,27,25,0,0,6,0,0.0,1.0
2025-06-27,Tablet,Pune,43,30000,1290000,77,25,0,0,3,0,0.0,1.0
2025-06-27,Tablet,Kolkata,52,30000,1560000,128,25,1,0,4,0,0.0,1.0
2025-06-27,Tablet,Ahmedabad,46,30000,1380000,65,25,0,0,6,0,0.0,1.0
2025-06-27,Headphones,Hyderabad,64,3000,192000,173,40,1,0,3,0,0.0,1.0
2025-06-27,Headphones,Mumbai,53,3000,159000,143,40,1,0,4,0,0.0,1.0
2025-06-27,Headphones,Delhi,71,3000,213000,118,40,1,0,7,0,0.0,1.0
2025-06-27,Headphones,Bangalore,76,3000,228000,80,40,0,0,5,0,0.0,1.0
2025-06-27,Headphones,Chennai,54,3000,162000,144,40,1,0,6,0,0.0,1.0
2025-06-27,Headphones,Pune,67,3000,201000,130,40,1,0,7,0,0.0,1.0
2025-06-27,Headphones,Kolkata,56,3000,168000,41,40,0,0,3,0,0.0,1.0
2025-06-27,Headphones,Ahmedabad,68,3000,204000,113,40,1,0,5,0,0.0,1.0
2025-06-27,Smartwatch,Hyderabad,44,8000,352000,88,20,1,0,4,0,0.0,1.0
2025-06-27,Smartwatch,Mumbai,35,8000,280000,132,20,1,0,6,0,0.0,1.0
2025-06-27,Smartwatch,Delhi,40,8000,320000,146,20,1,0,7,0,0.0,1.0
2025-06-27,Smartwatch,Bangalore,34,8000,272000,34,20,0,0,2,0,0.0,1.0
2025-06-27,Smartwatch,Chennai,33,8000,264000,28,20,0,0,3,0,0.0,1.0
2025-06-27,Smartwatch,Pune,41,8000,328000,74,20,1,0,2,0,0.0,1.0
2025-06-27,Smartwatch,Kolkata,41,8000,328000,45,20,0,0,4,0,0.0,1.0
2025-06-27,Smartwatch,Ahmedabad,53,8000,424000,52,20,1,0,4,0,0.0,1.0
2025-06-27,Keyboard,Hyderabad,72,1500,108000,122,35,1,0,3,0,0.0,1.0
2025-06-27,Keyboard,Mumbai,74,1500,111000,105,35,1,0,2,0,0.0,1.0
2025-06-27,Keyboard,Delhi,73,1500,109500,45,35,1,0,7,0,0.0,1.0
2025-06-27,Keyboard,Bangalore,65,1500,97500,39,35,1,0,2,0,0.0,1.0
2025-06-27,Keyboard,Chennai,78,1500,117000,56,35,1,0,2,0,0.0,1.0
2025-06-27,Keyboard,Pune,85,1500,127500,63,35,1,0,2,0,0.0,1.0
2025-06-27,Keyboard,Kolkata,60,1500,90000,59,35,0,0,3,0,0.0,1.0
2025-06-27,Keyboard,Ahmedabad,76,1500,114000,170,35,1,0,7,0,0.0,1.0
2025-06-27,Monitor,Hyderabad,43,18000,774000,142,15,1,0,3,0,0.0,1.0
2025-06-27,Monitor,Mumbai,37,18000,666000,40,15,0,0,7,0,0.0,1.0
2025-06-27,Monitor,Delhi,34,18000,612000,66,15,1,0,5,0,0.0,1.0
2025-06-27,Monitor,Bangalore,42,18000,756000,29,15,0,0,6,0,0.0,1.0
2025-06-27,Monitor,Chennai,48,18000,864000,59,15,0,0,5,0,0.0,1.0
2025-06-27,Monitor,Pune,40,18000,720000,57,15,1,0,7,0,0.0,1.0
2025-06-27,Monitor,Kolkata,42,18000,756000,99,15,1,0,4,0,0.0,1.0
2025-06-27,Monitor,Ahmedabad,60,18000,1080000,89,15,1,0,4,0,0.0,1.0
2025-06-27,Mouse,Hyderabad,82,800,65600,106,50,1,0,5,0,0.0,1.0
2025-06-27,Mouse,Mumbai,100,800,80000,53,50,0,0,3,0,0.0,1.0
2025-06-27,Mouse,Delhi,75,800,60000,179,50,1,0,5,0,0.0,1.0
2025-06-27,Mouse,Bangalore,88,800,70400,85,50,1,0,4,0,0.0,1.0
2025-06-27,Mouse,Chennai,92,800,73600,53,50,1,0,5,0,0.0,1.0
2025-06-27,Mouse,Pune,98,800,78400,33,50,1,1,7,0,0.0,1.0
2025-06-27,Mouse,Kolkata,93,800,74400,135,50,1,0,5,0,0.0,1.0
2025-06-27,Mouse,Ahmedabad,82,800,65600,58,50,1,0,5,0,0.0,1.0
2025-06-27,Printer,Hyderabad,36,12000,432000,18,10,0,0,2,0,0.0,1.0
2025-06-27,Printer,Mumbai,32,12000,384000,98,10,1,0,6,0,0.0,1.0
2025-06-27,Printer,Delhi,36,12000,432000,47,10,0,0,7,0,0.0,1.0
2025-06-27,Printer,Bangalore,29,12000,348000,112,10,1,0,3,0,0.0,1.0
2025-06-27,Printer,Chennai,24,12000,288000,82,10,0,0,7,0,0.0,1.0
2025-06-27,Printer,Pune,25,12000,300000,119,10,0,0,5,0,0.0,1.0
2025-06-27,Printer,Kolkata,34,12000,408000,68,10,0,0,6,0,0.0,1.0
2025-06-27,Printer,Ahmedabad,41,12000,492000,60,10,1,0,6,0,0.0,1.0
2025-06-27,Speaker,Hyderabad,68,4000,272000,54,25,1,0,5,0,0.0,1.0
2025-06-27,Speaker,Mumbai,60,4000,240000,69,25,0,0,6,0,0.0,1.0
2025-06-27,Speaker,Delhi,62,4000,248000,31,25,0,0,3,0,0.0,1.0
2025-06-27,Speaker,Bangalore,49,4000,196000,44,25,0,0,3,0,0.0,1.0
2025-06-27,Speaker,Chennai,63,4000,252000,54,25,0,0,7,0,0.0,1.0
2025-06-27,Speaker,Pune,55,4000,220000,62,25,0,0,6,0,0.0,1.0
2025-06-27,Speaker,Kolkata,50,4000,200000,131,25,1,0,2,0,0.0,1.0
2025-06-27,Speaker,Ahmedabad,52,4000,208000,161,25,1,0,6,0,0.0,1.0
2025-06-28,Laptop,Hyderabad,66,55000,3630000,123,20,1,0,7,0,0.0,1.0
2025-06-28,Laptop,Mumbai,55,55000,3025000,51,20,1,0,2,0,0.0,1.0
2025-06-28,Laptop,Delhi,41,55000,2255000,88,20,1,0,7,0,0.0,1.0
2025-06-28,Laptop,Bangalore,57,55000,3135000,69,20,0,0,5,0,0.0,1.0
2025-06-28,Laptop,Chennai,50,55000,2750000,109,20,1,0,6,0,0.0,1.0
2025-06-28,Laptop,Pune,67,55000,3685000,145,20,1,0,7,0,0.0,1.0
2025-06-28,Laptop,Kolkata,43,55000,2365000,55,20,1,0,6,0,0.0,1.0
2025-06-28,Laptop,Ahmedabad,59,55000,3245000,40,20,1,0,4,0,0.0,1.0
2025-06-28,Mobile,Hyderabad,81,20000,1620000,80,30,1,0,4,0,0.0,1.0
2025-06-28,Mobile,Mumbai,80,20000,1600000,84,30,1,0,3,0,0.0,1.0
2025-06-28,Mobile,Delhi,85,20000,1700000,78,30,1,0,3,0,0.0,1.0
2025-06-28,Mobile,Bangalore,82,20000,1640000,23,30,1,1,5,0,0.0,1.0
2025-06-28,Mobile,Chennai,72,20000,1440000,32,30,0,0,2,0,0.0,1.0
2025-06-28,Mobile,Pune,83,20000,1660000,109,30,1,0,7,0,0.0,1.0
2025-06-28,Mobile,Kolkata,70,20000,1400000,131,30,1,0,4,0,0.0,1.0
2025-06-28,Mobile,Ahmedabad,75,20000,1500000,127,30,1,0,5,0,0.0,1.0
2025-06-28,Tablet,Hyderabad,47,30000,1410000,164,25,1,0,4,0,0.0,1.0
2025-06-28,Tablet,Mumbai,36,30000,1080000,98,25,0,0,2,0,0.0,1.0
2025-06-28,Tablet,Delhi,55,30000,1650000,117,25,1,0,5,0,0.0,1.0
2025-06-28,Tablet,Bangalore,42,30000,1260000,89,25,1,0,2,0,0.0,1.0
2025-06-28,Tablet,Chennai,46,30000,1380000,52,25,1,0,5,0,0.0,1.0
2025-06-28,Tablet,Pune,50,30000,1500000,27,25,0,0,3,0,0.0,1.0
2025-06-28,Tablet,Kolkata,48,30000,1440000,80,25,0,0,7,0,0.0,1.0
2025-06-28,Tablet,Ahmedabad,50,30000,1500000,81,25,1,0,2,0,0.0,1.0
2025-06-28,Headphones,Hyderabad,48,3000,144000,125,40,0,0,4,0,0.0,1.0
2025-06-28,Headphones,Mumbai,72,3000,216000,71,40,0,0,4,0,0.0,1.0
2025-06-28,Headphones,Delhi,69,3000,207000,49,40,0,0,4,0,0.0,1.0
2025-06-28,Headphones,Bangalore,71,3000,213000,79,40,1,0,5,0,0.0,1.0
2025-06-28,Headphones,Chennai,72,3000,216000,72,40,0,0,6,0,0.0,1.0
2025-06-28,Headphones,Pune,54,3000,162000,76,40,0,0,2,0,0.0,1.0
2025-06-28,Headphones,Kolkata,64,3000,192000,80,40,1,0,6,0,0.0,1.0
2025-06-28,Headphones,Ahmedabad,68,3000,204000,45,40,0,0,4,0,0.0,1.0
2025-06-28,Smartwatch,Hyderabad,53,8000,424000,35,20,0,0,2,0,0.0,1.0
2025-06-28,Smartwatch,Mumbai,37,8000,296000,95,20,0,0,7,0,0.0,1.0
2025-06-28,Smartwatch,Delhi,46,8000,368000,100,20,0,0,3,0,0.0,1.0
2025-06-28,Smartwatch,Bangalore,35,8000,280000,77,20,1,0,7,0,0.0,1.0
2025-06-28,Smartwatch,Chennai,43,8000,344000,58,20,1,0,7,0,0.0,1.0
2025-06-28,Smartwatch,Pune,22,8000,176000,52,20,0,0,4,0,0.0,1.0
2025-06-28,Smartwatch,Kolkata,57,8000,456000,56,20,1,0,6,0,0.0,1.0
2025-06-28,Smartwatch,Ahmedabad,35,8000,280000,142,20,1,0,4,0,0.0,1.0
2025-06-28,Keyboard,Hyderabad,67,1500,100500,55,35,0,0,6,0,0.0,1.0
2025-06-28,Keyboard,Mumbai,67,1500,100500,38,35,0,0,2,0,0.0,1.0
2025-06-28,Keyboard,Delhi,63,1500,94500,36,35,1,0,6,0,0.0,1.0
2025-06-28,Keyboard,Bangalore,64,1500,96000,101,35,1,0,3,0,0.0,1.0
2025-06-28,Keyboard,Chennai,77,1500,115500,35,35,1,0,6,0,0.0,1.0
2025-06-28,Keyboard,Pune,67,1500,100500,137,35,1,0,2,0,0.0,1.0
2025-06-28,Keyboard,Kolkata,71,1500,106500,108,35,1,0,6,0,0.0,1.0
2025-06-28,Keyboard,Ahmedabad,66,1500,99000,104,35,0,0,2,0,0.0,1.0
2025-06-28,Monitor,Hyderabad,41,18000,738000,101,15,0,0,6,0,0.0,1.0
2025-06-28,Monitor,Mumbai,52,18000,936000,104,15,1,0,2,0,0.0,1.0
2025-06-28,Monitor,Delhi,45,18000,810000,21,15,0,0,4,0,0.0,1.0
2025-06-28,Monitor,Bangalore,41,18000,738000,128,15,1,0,3,0,0.0,1.0
2025-06-28,Monitor,Chennai,45,18000,810000,110,15,1,0,4,0,0.0,1.0
2025-06-28,Monitor,Pune,46,18000,828000,157,15,1,0,7,0,0.0,1.0
2025-06-28,Monitor,Kolkata,57,18000,1026000,42,15,0,0,3,0,0.0,1.0
2025-06-28,Monitor,Ahmedabad,43,18000,774000,46,15,0,0,5,0,0.0,1.0
2025-06-28,Mouse,Hyderabad,81,800,64800,146,50,1,0,3,0,0.0,1.0
2025-06-28,Mouse,Mumbai,91,800,72800,74,50,1,0,7,0,0.0,1.0
2025-06-28,Mouse,Delhi,96,800,76800,83,50,0,0,3,0,0.0,1.0
2025-06-28,Mouse,Bangalore,93,800,74400,129,50,1,0,3,0,0.0,1.0
2025-06-28,Mouse,Chennai,90,800,72000,47,50,1,1,2,0,0.0,1.0
2025-06-28,Mouse,Pune,95,800,76000,77,50,1,0,7,0,0.0,1.0
2025-06-28,Mouse,Kolkata,86,800,68800,160,50,1,0,3,0,0.0,1.0
2025-06-28,Mouse,Ahmedabad,91,800,72800,67,50,1,0,7,0,0.0,1.0
2025-06-28,Printer,Hyderabad,26,12000,312000,54,10,1,0,4,0,0.0,1.0
2025-06-28,Printer,Mumbai,31,12000,372000,67,10,0,0,7,0,0.0,1.0
2025-06-28,Printer,Delhi,25,12000,300000,22,10,0,0,5,0,0.0,1.0
2025-06-28,Printer,Bangalore,33,12000,396000,79,10,0,0,7,0,0.0,1.0
2025-06-28,Printer,Chennai,26,12000,312000,56,10,0,0,2,0,0.0,1.0
2025-06-28,Printer,Pune,21,12000,252000,98,10,0,0,7,0,0.0,1.0
2025-06-28,Printer,Kolkata,25,12000,300000,43,10,0,0,3,0,0.0,1.0
2025-06-28,Printer,Ahmedabad,33,12000,396000,27,10,0,0,3,0,0.0,1.0
2025-06-28,Speaker,Hyderabad,50,4000,200000,87,25,1,0,3,0,0.0,1.0
2025-06-28,Speaker,Mumbai,60,4000,240000,84,25,1,0,3,0,0.0,1.0
2025-06-28,Speaker,Delhi,38,4000,152000,131,25,1,0,7,0,0.0,1.0
2025-06-28,Speaker,Bangalore,40,4000,160000,118,25,1,0,6,0,0.0,1.0
2025-06-28,Speaker,Chennai,70,4000,280000,120,25,1,0,7,0,0.0,1.0
2025-06-28,Speaker,Pune,68,4000,272000,53,25,1,0,6,0,0.0,1.0
2025-06-28,Speaker,Kolkata,52,4000,208000,79,25,0,0,4,0,0.0,1.0
2025-06-28,Speaker,Ahmedabad,62,4000,248000,99,25,0,0,2,0,0.0,1.0
2025-06-29,Laptop,Hyderabad,53,55000,2915000,70,20,0,0,2,0,0.0,1.0
2025-06-29,Laptop,Mumbai,59,55000,3245000,100,20,1,0,4,0,0.0,1.0
2025-06-29,Laptop,Delhi,69,55000,3795000,168,20,1,0,5,0,0.0,1.0
2025-06-29,Laptop,Bangalore,67,55000,3685000,86,20,1,0,4,0,0.0,1.0
2025-06-29,Laptop,Chennai,58,55000,3190000,51,20,0,0,4,0,0.0,1.0
2025-06-29,Laptop,Pune,53,55000,2915000,92,20,0,0,6,0,0.0,1.0
2025-06-29,Laptop,Kolkata,57,55000,3135000,118,20,1,0,7,0,0.0,1.0
2025-06-29,Laptop,Ahmedabad,57,55000,3135000,51,20,1,0,4,0,0.0,1.0
2025-06-29,Mobile,Hyderabad,81,20000,1620000,51,30,1,0,7,0,0.0,1.0
2025-06-29,Mobile,Mumbai,76,20000,1520000,112,30,1,0,5,0,0.0,1.0
2025-06-29,Mobile,Delhi,66,20000,1320000,68,30,1,0,6,0,0.0,1.0
2025-06-29,Mobile,Bangalore,81,20000,1620000,34,30,1,0,6,0,0.0,1.0
2025-06-29,Mobile,Chennai,75,20000,1500000,8,30,1,1,3,0,0.0,1.0
2025-06-29,Mobile,Pune,80,20000,1600000,104,30,1,0,6,0,0.0,1.0
2025-06-29,Mobile,Kolkata,91,20000,1820000,40,30,0,0,4,0,0.0,1.0
2025-06-29,Mobile,Ahmedabad,85,20000,1700000,42,30,0,0,6,0,0.0,1.0
2025-06-29,Tablet,Hyderabad,54,30000,1620000,110,25,0,0,4,0,0.0,1.0
2025-06-29,Tablet,Mumbai,39,30000,1170000,59,25,0,0,3,0,0.0,1.0
2025-06-29,Tablet,Delhi,66,30000,1980000,51,25,0,0,4,0,0.0,1.0
2025-06-29,Tablet,Bangalore,48,30000,1440000,41,25,0,0,7,0,0.0,1.0
2025-06-29,Tablet,Chennai,50,30000,1500000,76,25,1,0,2,0,0.0,1.0
2025-06-29,Tablet,Pune,53,30000,1590000,46,25,1,0,5,0,0.0,1.0
2025-06-29,Tablet,Kolkata,28,30000,840000,52,25,0,0,7,0,0.0,1.0
2025-06-29,Tablet,Ahmedabad,43,30000,1290000,38,25,0,0,2,0,0.0,1.0
2025-06-29,Headphones,Hyderabad,64,3000,192000,61,40,0,0,2,0,0.0,1.0
2025-06-29,Headphones,Mumbai,50,3000,150000,134,40,1,0,3,0,0.0,1.0
2025-06-29,Headphones,Delhi,62,3000,186000,49,40,1,0,6,0,0.0,1.0
2025-06-29,Headphones,Bangalore,84,3000,252000,116,40,1,0,2,0,0.0,1.0
2025-06-29,Headphones,Chennai,80,3000,240000,76,40,1,0,2,0,0.0,1.0
2025-06-29,Headphones,Pune,63,3000,189000,80,40,1,0,5,0,0.0,1.0
2025-06-29,Headphones,Kolkata,64,3000,192000,128,40,1,0,3,0,0.0,1.0
2025-06-29,Headphones,Ahmedabad,74,3000,222000,50,40,1,0,7,0,0.0,1.0
2025-06-29,Smartwatch,Hyderabad,32,8000,256000,129,20,1,0,6,0,0.0,1.0
2025-06-29,Smartwatch,Mumbai,30,8000,240000,65,20,0,0,4,0,0.0,1.0
2025-06-29,Smartwatch,Delhi,41,8000,328000,59,20,0,0,5,0,0.0,1.0
2025-06-29,Smartwatch,Bangalore,29,8000,232000,48,20,0,0,5,0,0.0,1.0
2025-06-29,Smartwatch,Chennai,45,8000,360000,144,20,1,0,7,0,0.0,1.0
2025-06-29,Smartwatch,Pune,45,8000,360000,99,20,1,0,5,0,0.0,1.0
2025-06-29,Smartwatch,Kolkata,39,8000,312000,162,20,1,0,4,0,0.0,1.0
2025-06-29,Smartwatch,Ahmedabad,55,8000,440000,87,20,0,0,4,0,0.0,1.0
2025-06-29,Keyboard,Hyderabad,80,1500,120000,96,35,1,0,3,0,0.0,1.0
2025-06-29,Keyboard,Mumbai,68,1500,102000,62,35,1,0,3,0,0.0,1.0
2025-06-29,Keyboard,Delhi,78,1500,117000,75,35,1,0,3,0,0.0,1.0
2025-06-29,Keyboard,Bangalore,75,1500,112500,146,35,1,0,6,0,0.0,1.0
2025-06-29,Keyboard,Chennai,71,1500,106500,62,35,1,0,3,0,0.0,1.0
2025-06-29,Keyboard,Pune,77,1500,115500,60,35,0,0,5,0,0.0,1.0
2025-06-29,Keyboard,Kolkata,82,1500,123000,150,35,1,0,6,0,0.0,1.0
2025-06-29,Keyboard,Ahmedabad,78,1500,117000,89,35,1,0,4,0,0.0,1.0
2025-06-29,Monitor,Hyderabad,39,18000,702000,62,15,0,0,7,0,0.0,1.0
2025-06-29,Monitor,Mumbai,48,18000,864000,56,15,0,0,5,0,0.0,1.0
2025-06-29,Monitor,Delhi,63,18000,1134000,95,15,1,0,5,0,0.0,1.0
2025-06-29,Monitor,Bangalore,50,18000,900000,78,15,0,0,3,0,0.0,1.0
2025-06-29,Monitor,Chennai,52,18000,936000,58,15,0,0,3,0,0.0,1.0
2025-06-29,Monitor,Pune,35,18000,630000,122,15,0,0,5,0,0.0,1.0
2025-06-29,Monitor,Kolkata,51,18000,918000,58,15,1,0,3,0,0.0,1.0
2025-06-29,Monitor,Ahmedabad,51,18000,918000,129,15,1,0,4,0,0.0,1.0
2025-06-29,Mouse,Hyderabad,97,800,77600,118,50,1,0,4,0,0.0,1.0
2025-06-29,Mouse,Mumbai,92,800,73600,49,50,1,1,4,0,0.0,1.0
2025-06-29,Mouse,Delhi,97,800,77600,117,50,1,0,6,0,0.0,1.0
2025-06-29,Mouse,Bangalore,92,800,73600,182,50,1,0,6,0,0.0,1.0
2025-06-29,Mouse,Chennai,81,800,64800,58,50,1,0,6,0,0.0,1.0
2025-06-29,Mouse,Pune,96,800,76800,123,50,1,0,7,0,0.0,1.0
2025-06-29,Mouse,Kolkata,101,800,80800,59,50,0,0,2,0,0.0,1.0
2025-06-29,Mouse,Ahmedabad,91,800,72800,52,50,1,0,5,0,0.0,1.0
2025-06-29,Printer,Hyderabad,34,12000,408000,20,10,0,0,3,0,0.0,1.0
2025-06-29,Printer,Mumbai,30,12000,360000,37,10,0,0,2,0,0.0,1.0
2025-06-29,Printer,Delhi,17,12000,204000,100,10,1,0,2,0,0.0,1.0
2025-06-29,Printer,Bangalore,31,12000,372000,48,10,0,0,4,0,0.0,1.0
2025-06-29,Printer,Chennai,38,12000,456000,18,10,0,0,2,0,0.0,1.0
2025-06-29,Printer,Pune,37,12000,444000,61,10,0,0,3,0,0.0,1.0
2025-06-29,Printer,Kolkata,18,12000,216000,25,10,0,0,4,0,0.0,1.0
2025-06-29,Printer,Ahmedabad,25,12000,300000,130,10,1,0,5,0,0.0,1.0
2025-06-29,Speaker,Hyderabad,57,4000,228000,30,25,0,0,4,0,0.0,1.0
2025-06-29,Speaker,Mumbai,55,4000,220000,29,25,0,0,4,0,0.0,1.0
2025-06-29,Speaker,Delhi,70,4000,280000,61,25,0,0,5,0,0.0,1.0
2025-06-29,Speaker,Bangalore,59,4000,236000,59,25,0,0,3,0,0.0,1.0
2025-06-29,Speaker,Chennai,60,4000,240000,60,25,0,0,3,0,0.0,1.0
2025-06-29,Speaker,Pune,54,4000,216000,90,25,1,0,7,0,0.0,1.0
2025-06-29,Speaker,Kolkata,66,4000,264000,80,25,1,0,7,0,0.0,1.0
2025-06-29,Speaker,Ahmedabad,55,4000,220000,44,25,0,0,3,0,0.0,1.0
2025-06-30,Laptop,Hyderabad,66,55000,3630000,78,20,1,0,6,0,0.0,1.0
2025-06-30,Laptop,Mumbai,47,55000,2585000,53,20,0,0,2,0,0.0,1.0
2025-06-30,Laptop,Delhi,67,55000,3685000,101,20,0,0,4,0,0.0,1.0
2025-06-30,Laptop,Bangalore,70,55000,3850000,142,20,1,0,2,0,0.0,1.0
2025-06-30,Laptop,Chennai,52,55000,2860000,59,20,1,0,4,0,0.0,1.0
2025-06-30,Laptop,Pune,79,55000,4345000,146,20,1,0,6,0,0.0,1.0
2025-06-30,Laptop,Kolkata,45,55000,2475000,73,20,0,0,2,0,0.0,1.0
2025-06-30,Laptop,Ahmedabad,53,55000,2915000,49,20,1,0,6,0,0.0,1.0
2025-06-30,Mobile,Hyderabad,90,20000,1800000,25,30,1,1,2,0,0.0,1.0
2025-06-30,Mobile,Mumbai,84,20000,1680000,79,30,1,0,5,0,0.0,1.0
2025-06-30,Mobile,Delhi,78,20000,1560000,67,30,1,0,4,0,0.0,1.0
2025-06-30,Mobile,Bangalore,81,20000,1620000,28,30,1,1,4,0,0.0,1.0
2025-06-30,Mobile,Chennai,73,20000,1460000,38,30,1,0,5,0,0.0,1.0
2025-06-30,Mobile,Pune,74,20000,1480000,30,30,0,0,7,0,0.0,1.0
2025-06-30,Mobile,Kolkata,75,20000,1500000,69,30,1,0,5,0,0.0,1.0
2025-06-30,Mobile,Ahmedabad,79,20000,1580000,35,30,1,0,4,0,0.0,1.0
2025-06-30,Tablet,Hyderabad,45,30000,1350000,65,25,0,0,6,0,0.0,1.0
2025-06-30,Tablet,Mumbai,45,30000,1350000,97,25,1,0,3,0,0.0,1.0
2025-06-30,Tablet,Delhi,29,30000,870000,166,25,1,0,7,0,0.0,1.0
2025-06-30,Tablet,Bangalore,46,30000,1380000,66,25,1,0,7,0,0.0,1.0
2025-06-30,Tablet,Chennai,48,30000,1440000,28,25,0,0,2,0,0.0,1.0
2025-06-30,Tablet,Pune,38,30000,1140000,140,25,1,0,2,0,0.0,1.0
2025-06-30,Tablet,Kolkata,45,30000,1350000,147,25,1,0,4,0,0.0,1.0
2025-06-30,Tablet,Ahmedabad,43,30000,1290000,70,25,1,0,4,0,0.0,1.0
2025-06-30,Headphones,Hyderabad,63,3000,189000,57,40,1,0,5,0,0.0,1.0
2025-06-30,Headphones,Mumbai,71,3000,213000,63,40,0,0,5,0,0.0,1.0
2025-06-30,Headphones,Delhi,62,3000,186000,118,40,1,0,3,0,0.0,1.0
2025-06-30,Headphones,Bangalore,70,3000,210000,46,40,0,0,2,0,0.0,1.0
2025-06-30,Headphones,Chennai,75,3000,225000,123,40,1,0,3,0,0.0,1.0
2025-06-30,Headphones,Pune,74,3000,222000,129,40,1,0,4,0,0.0,1.0
2025-06-30,Headphones,Kolkata,58,3000,174000,70,40,0,0,4,0,0.0,1.0
2025-06-30,Headphones,Ahmedabad,70,3000,210000,71,40,1,0,7,0,0.0,1.0
2025-06-30,Smartwatch,Hyderabad,48,8000,384000,81,20,0,0,3,0,0.0,1.0
2025-06-30,Smartwatch,Mumbai,43,8000,344000,22,20,0,0,4,0,0.0,1.0
2025-06-30,Smartwatch,Delhi,44,8000,352000,101,20,1,0,6,0,0.0,1.0
2025-06-30,Smartwatch,Bangalore,40,8000,320000,100,20,1,0,6,0,0.0,1.0
2025-06-30,Smartwatch,Chennai,49,8000,392000,95,20,0,0,5,0,0.0,1.0
2025-06-30,Smartwatch,Pune,45,8000,360000,54,20,0,0,2,0,0.0,1.0
2025-06-30,Smartwatch,Kolkata,29,8000,232000,133,20,0,0,7,0,0.0,1.0
2025-06-30,Smartwatch,Ahmedabad,41,8000,328000,46,20,0,0,3,0,0.0,1.0
2025-06-30,Keyboard,Hyderabad,71,1500,106500,170,35,1,0,3,0,0.0,1.0
2025-06-30,Keyboard,Mumbai,83,1500,124500,95,35,1,0,7,0,0.0,1.0
2025-06-30,Keyboard,Delhi,62,1500,93000,157,35,1,0,6,0,0.0,1.0
2025-06-30,Keyboard,Bangalore,68,1500,102000,78,35,0,0,5,0,0.0,1.0
2025-06-30,Keyboard,Chennai,52,1500,78000,133,35,1,0,4,0,0.0,1.0
2025-06-30,Keyboard,Pune,69,1500,103500,132,35,1,0,5,0,0.0,1.0
2025-06-30,Keyboard,Kolkata,61,1500,91500,89,35,0,0,5,0,0.0,1.0
2025-06-30,Keyboard,Ahmedabad,64,1500,96000,85,35,1,0,6,0,0.0,1.0
2025-06-30,Monitor,Hyderabad,40,18000,720000,22,15,0,0,7,0,0.0,1.0
2025-06-30,Monitor,Mumbai,32,18000,576000,24,15,0,0,6,0,0.0,1.0
2025-06-30,Monitor,Delhi,33,18000,594000,62,15,0,0,7,0,0.0,1.0
2025-06-30,Monitor,Bangalore,57,18000,1026000,21,15,0,0,4,0,0.0,1.0
2025-06-30,Monitor,Chennai,32,18000,576000,26,15,0,0,6,0,0.0,1.0
2025-06-30,Monitor,Pune,30,18000,540000,92,15,0,0,2,0,0.0,1.0
2025-06-30,Monitor,Kolkata,43,18000,774000,15,15,0,0,5,0,0.0,1.0
2025-06-30,Monitor,Ahmedabad,35,18000,630000,94,15,0,0,2,0,0.0,1.0
2025-06-30,Mouse,Hyderabad,106,800,84800,83,50,1,0,7,0,0.0,1.0
2025-06-30,Mouse,Mumbai,94,800,75200,36,50,1,1,2,0,0.0,1.0
2025-06-30,Mouse,Delhi,97,800,77600,87,50,1,0,7,0,0.0,1.0
2025-06-30,Mouse,Bangalore,94,800,75200,88,50,0,0,5,0,0.0,1.0
2025-06-30,Mouse,Chennai,89,800,71200,83,50,1,0,2,0,0.0,1.0
2025-06-30,Mouse,Pune,91,800,72800,175,50,1,0,5,0,0.0,1.0
2025-06-30,Mouse,Kolkata,87,800,69600,62,50,1,0,3,0,0.0,1.0
2025-06-30,Mouse,Ahmedabad,93,800,74400,39,50,1,1,7,0,0.0,1.0
2025-06-30,Printer,Hyderabad,26,12000,312000,103,10,1,0,4,0,0.0,1.0
2025-06-30,Printer,Mumbai,31,12000,372000,81,10,1,0,4,0,0.0,1.0
2025-06-30,Printer,Delhi,21,12000,252000,79,10,0,0,4,0,0.0,1.0
2025-06-30,Printer,Bangalore,28,12000,336000,20,10,0,0,2,0,0.0,1.0
2025-06-30,Printer,Chennai,31,12000,372000,81,10,1,0,2,0,0.0,1.0
2025-06-30,Printer,Pune,27,12000,324000,34,10,0,0,7,0,0.0,1.0
2025-06-30,Printer,Kolkata,39,12000,468000,63,10,1,0,2,0,0.0,1.0
2025-06-30,Printer,Ahmedabad,38,12000,456000,92,10,0,0,5,0,0.0,1.0
2025-06-30,Speaker,Hyderabad,68,4000,272000,64,25,1,0,2,0,0.0,1.0
2025-06-30,Speaker,Mumbai,55,4000,220000,37,25,1,0,6,0,0.0,1.0
2025-06-30,Speaker,Delhi,62,4000,248000,71,25,1,0,4,0,0.0,1.0
2025-06-30,Speaker,Bangalore,55,4000,220000,79,25,1,0,7,0,0.0,1.0
2025-06-30,Speaker,Chennai,52,4000,208000,77,25,1,0,3,0,0.0,1.0
2025-06-30,Speaker,Pune,68,4000,272000,130,25,1,0,3,0,0.0,1.0
2025-06-30,Speaker,Kolkata,64,4000,256000,83,25,1,0,6,0,0.0,1.0
2025-06-30,Speaker,Ahmedabad,60,4000,240000,105,25,1,0,5,0,0.0,1.0
